startup_name,founded_year,country,industry,fundin_stage,total_funding ($M),employees,annual_revenue ($M),valuation ($B),acquired,IPO,customer_base (M)
Startup_1,2009,Canada,Healthcare,Series A,269,3047,104,46.11,No,No,43
Startup_2,2004,UK,Healthcare,IPO,40,630,431,33.04,No,Yes,64
Startup_3,2018,USA,Healthcare,Seed,399,2475,375,15.79,No,No,74
Startup_4,2014,France,Tech,Seed,404,1011,907,17.12,Yes,Yes,26
Startup_5,2006,Japan,Energy,Series C,419,3917,280,4.39,Yes,Yes,30
Startup_6,2017,UK,FinTech,Series B,468,172,430,34.16,No,No,88
Startup_7,2014,China,Gaming,Series C,166,2614,548,16.55,Yes,No,88
Startup_8,2018,Australia,EdTech,Series B,261,747,73,0.17,No,Yes,62
Startup_9,2006,Canada,AI,Series B,172,4387,324,1.94,Yes,Yes,90
Startup_10,2004,USA,E-commerce,Series A,113,873,925,11.22,No,No,63
Startup_11,2011,Brazil,Gaming,Series B,42,4233,12,38.93,Yes,No,21
Startup_12,2020,UK,Energy,Series A,346,4704,853,22.84,Yes,Yes,3
Startup_13,2002,France,EdTech,IPO,134,4347,752,36.99,Yes,No,75
Startup_14,2022,Canada,Gaming,Series A,71,1234,334,3.7,Yes,No,56
Startup_15,2004,Australia,EdTech,Series B,290,2773,361,32.66,Yes,No,45
Startup_16,2017,India,Gaming,Series C,177,3585,576,28.47,Yes,Yes,37
Startup_17,2017,France,E-commerce,IPO,183,1968,95,27.29,Yes,No,33
Startup_18,2010,India,FinTech,Series C,427,4362,668,32.54,Yes,No,2
Startup_19,2020,India,Energy,Series C,267,995,105,42.96,No,Yes,18
Startup_20,2008,Japan,Gaming,IPO,156,1307,834,19.75,No,No,71
Startup_21,2001,Australia,FinTech,Series A,441,470,253,5.67,Yes,Yes,63
Startup_22,2011,France,AI,Series C,344,1517,143,13.32,Yes,Yes,17
Startup_23,2016,UK,FinTech,Series C,173,4242,763,39.2,Yes,No,3
Startup_24,2009,USA,AI,Seed,292,982,701,35.2,No,Yes,58
Startup_25,2001,Brazil,E-commerce,Seed,94,2614,858,13.86,No,No,67
Startup_26,2019,Australia,Gaming,Seed,15,4449,390,17.82,No,Yes,64
Startup_27,2009,Australia,EdTech,Series B,281,929,148,16.18,Yes,No,31
Startup_28,2007,China,AI,Series B,318,3707,145,40.77,No,Yes,58
Startup_29,2015,Germany,Gaming,Seed,54,3489,348,1.89,Yes,No,73
Startup_30,2018,France,Energy,Seed,170,3377,96,49.77,Yes,No,25
Startup_31,2007,Brazil,Gaming,Series A,243,3292,987,45.29,No,Yes,4
Startup_32,2016,Canada,FinTech,Series A,296,1705,118,38.13,No,No,1
Startup_33,2021,Germany,Energy,Series B,355,4799,792,31.14,No,Yes,73
Startup_34,2016,Australia,FinTech,Series B,309,396,347,22.09,No,Yes,93
Startup_35,2009,Germany,EdTech,Series A,38,3543,734,22.36,No,No,40
Startup_36,2010,Canada,E-commerce,Seed,251,3790,194,20.23,Yes,No,71
Startup_37,2021,Australia,EdTech,Series A,262,1520,902,26.47,Yes,Yes,99
Startup_38,2016,UK,EdTech,Series C,493,4514,874,43.55,Yes,Yes,80
Startup_39,2006,China,Tech,Series B,466,4013,205,27.11,Yes,No,64
Startup_40,2014,France,Gaming,Series C,309,935,966,38.49,Yes,No,57
Startup_41,2001,UK,Tech,Series C,85,3916,766,20.26,No,Yes,64
Startup_42,2002,China,Healthcare,Series A,495,86,188,37.09,Yes,No,93
Startup_43,2001,Brazil,Energy,IPO,301,2200,877,19.29,No,No,61
Startup_44,2011,UK,Gaming,Series C,356,3943,476,1.36,Yes,Yes,65
Startup_45,2011,Brazil,AI,Series B,321,2600,834,13.23,Yes,Yes,83
Startup_46,2020,Brazil,FinTech,Series C,86,1418,675,25.97,No,No,5
Startup_47,2021,Japan,Energy,IPO,80,3422,625,25.69,Yes,No,1
Startup_48,2015,Canada,Healthcare,Seed,462,14,955,20.06,No,No,59
Startup_49,2017,Japan,Gaming,Series B,281,2016,715,38.01,No,No,38
Startup_50,2015,USA,FoodTech,Series B,307,775,854,8.69,Yes,No,76
Startup_51,2009,Japan,FinTech,Series A,116,1514,298,31.8,No,No,7
Startup_52,2013,UK,Gaming,IPO,434,2714,632,8.1,Yes,No,40
Startup_53,2006,Japan,EdTech,IPO,127,895,267,40.45,Yes,Yes,19
Startup_54,2019,UK,Energy,IPO,328,1230,30,26.88,No,Yes,42
Startup_55,2002,Japan,FinTech,Seed,42,1272,532,30.48,No,Yes,62
Startup_56,2004,Australia,Logistics,IPO,456,3426,948,15.82,Yes,No,80
Startup_57,2003,Japan,Gaming,Seed,113,546,897,40.3,No,No,40
Startup_58,2018,Brazil,Logistics,Series A,53,1557,3,12.92,No,No,65
Startup_59,2000,India,FoodTech,Series C,218,1968,913,10.88,No,No,98
Startup_60,2015,Brazil,Logistics,Series C,325,3077,755,32.09,No,Yes,6
Startup_61,2011,Japan,E-commerce,Series B,484,2334,312,43.74,Yes,No,39
Startup_62,2013,India,Gaming,Series B,156,4838,154,44.17,No,Yes,25
Startup_63,2011,USA,FinTech,Series A,119,4647,313,44.38,Yes,No,64
Startup_64,2018,UK,Tech,Series A,259,4376,647,2.24,Yes,No,96
Startup_65,2007,Brazil,Gaming,IPO,157,2333,241,40.23,Yes,No,60
Startup_66,2017,Australia,Logistics,Series A,86,1676,668,13.17,Yes,Yes,2
Startup_67,2013,France,FoodTech,Series C,482,4873,506,25.53,No,Yes,14
Startup_68,2020,China,Logistics,Seed,424,1531,130,28.64,No,Yes,16
Startup_69,2010,Germany,E-commerce,Series A,147,3371,308,28.29,No,No,6
Startup_70,2013,France,Gaming,Series B,222,1639,597,19.06,No,Yes,15
Startup_71,2009,Brazil,FinTech,IPO,370,860,784,43.03,No,Yes,48
Startup_72,2008,India,E-commerce,Series C,14,4705,340,6.57,Yes,Yes,80
Startup_73,2011,USA,E-commerce,Series B,455,168,612,9.67,No,Yes,11
Startup_74,2007,France,Healthcare,Series A,300,1471,599,1.85,No,No,20
Startup_75,2017,Japan,FoodTech,Seed,1,4353,738,41.18,Yes,Yes,64
Startup_76,2000,Japan,E-commerce,Seed,62,2824,108,16,Yes,No,3
Startup_77,2012,Canada,EdTech,Series B,267,4643,919,3.76,Yes,No,12
Startup_78,2013,India,E-commerce,Seed,189,2927,229,44.39,Yes,Yes,24
Startup_79,2005,Brazil,Healthcare,Series A,438,1518,868,19.96,Yes,No,43
Startup_80,2002,China,AI,Series C,113,428,554,27.5,No,Yes,56
Startup_81,2021,UK,FoodTech,IPO,218,2288,679,23.91,No,Yes,91
Startup_82,2005,China,E-commerce,Series A,96,4050,656,17.14,No,Yes,66
Startup_83,2016,Australia,Energy,Series C,113,2671,494,9.07,Yes,Yes,21
Startup_84,2005,China,Energy,Series A,438,4725,838,46.66,Yes,No,12
Startup_85,2010,UK,Energy,Series B,228,4885,985,28.14,Yes,Yes,83
Startup_86,2011,UK,AI,Series B,349,4395,494,0.41,No,Yes,44
Startup_87,2006,USA,Tech,Series C,479,3651,727,8.02,Yes,Yes,36
Startup_88,2020,India,Healthcare,IPO,139,1415,520,47.94,Yes,No,89
Startup_89,2000,Brazil,AI,Seed,257,3117,863,13.55,Yes,No,56
Startup_90,2012,France,Energy,IPO,496,1178,603,16.82,Yes,Yes,98
Startup_91,2020,Brazil,Gaming,Seed,32,487,217,30.13,Yes,Yes,24
Startup_92,2007,China,E-commerce,IPO,9,1066,791,47.26,Yes,Yes,84
Startup_93,2014,India,FinTech,Series B,67,2765,93,24.54,No,No,29
Startup_94,2008,Germany,Energy,Series A,81,979,329,38.65,No,Yes,42
Startup_95,2006,India,EdTech,Series B,293,4767,808,3.39,No,No,16
Startup_96,2004,France,AI,IPO,112,2838,341,39.03,No,Yes,13
Startup_97,2009,USA,FinTech,Seed,72,894,811,32.73,Yes,Yes,79
Startup_98,2020,Germany,FoodTech,Series C,340,2505,710,10.07,No,Yes,8
Startup_99,2007,Germany,EdTech,Series C,420,4821,262,22.57,Yes,No,11
Startup_100,2016,Brazil,EdTech,Seed,55,2035,476,39.48,No,Yes,71
Startup_101,2007,USA,EdTech,Series B,165,4329,346,45.48,Yes,Yes,46
Startup_102,2000,China,FinTech,Series C,376,1018,924,9.17,Yes,Yes,7
Startup_103,2018,UK,Energy,Series A,110,4246,618,30.12,No,Yes,89
Startup_104,2015,China,Logistics,IPO,492,1064,29,11.6,No,Yes,93
Startup_105,2000,France,Logistics,Seed,306,4780,805,47.77,No,Yes,55
Startup_106,2008,Japan,E-commerce,IPO,291,4908,707,38.82,Yes,Yes,94
Startup_107,2012,Japan,E-commerce,Seed,305,4485,352,11.13,No,No,65
Startup_108,2011,Brazil,Tech,Series C,232,2772,92,47.42,No,Yes,28
Startup_109,2007,Japan,Tech,IPO,15,737,50,33.3,No,Yes,56
Startup_110,2022,USA,E-commerce,Series C,233,1152,999,14.27,No,No,3
Startup_111,2002,USA,FinTech,Series B,455,4924,467,40.6,No,Yes,50
Startup_112,2021,Canada,FinTech,Series B,407,4959,703,25.76,No,No,83
Startup_113,2002,Germany,Logistics,Seed,292,3968,876,31.67,No,Yes,70
Startup_114,2011,UK,Gaming,IPO,409,3815,591,18.04,No,No,70
Startup_115,2009,Brazil,Energy,Series A,282,693,601,16.2,No,Yes,61
Startup_116,2011,Australia,Healthcare,Seed,181,1238,58,0.53,No,Yes,86
Startup_117,2022,Brazil,Tech,Series A,83,921,278,46.23,No,No,59
Startup_118,2011,Japan,AI,IPO,465,2947,144,43.92,No,Yes,57
Startup_119,2000,Japan,AI,Series A,60,1298,732,34.24,Yes,No,2
Startup_120,2007,Australia,Energy,Series A,420,4674,691,49.01,Yes,No,33
Startup_121,2008,Australia,Logistics,Series A,243,1172,634,8.77,Yes,Yes,80
Startup_122,2022,Australia,FinTech,Series A,455,3074,14,12.98,No,No,95
Startup_123,2014,Canada,AI,Seed,267,4484,594,19.62,No,Yes,99
Startup_124,2010,China,FoodTech,Series C,285,3333,859,16.56,No,No,1
Startup_125,2003,Japan,Logistics,Series A,126,3005,466,11.32,Yes,No,54
Startup_126,2013,China,Energy,Seed,18,4988,716,15.14,No,Yes,17
Startup_127,2012,Australia,FoodTech,Series B,323,3800,312,33.15,No,Yes,15
Startup_128,2015,USA,FinTech,Series B,120,589,537,11,No,Yes,62
Startup_129,2002,Canada,Gaming,Series C,93,3042,562,30.07,Yes,No,70
Startup_130,2022,China,Gaming,Series C,210,4083,465,34.55,Yes,No,19
Startup_131,2006,Germany,EdTech,Series C,282,814,757,10.67,No,No,14
Startup_132,2005,UK,Logistics,Seed,434,810,392,37.22,No,No,74
Startup_133,2014,Germany,Tech,IPO,106,1238,454,7.05,Yes,No,83
Startup_134,2016,UK,Tech,IPO,413,3142,893,35.34,Yes,Yes,22
Startup_135,2000,India,E-commerce,Series A,364,279,428,36.79,No,Yes,54
Startup_136,2020,UK,FoodTech,Series C,157,2895,741,28.3,Yes,Yes,89
Startup_137,2003,Japan,Energy,Seed,177,2065,561,32.81,Yes,No,53
Startup_138,2015,Germany,Healthcare,Series C,358,2010,623,42.25,No,No,90
Startup_139,2018,Canada,EdTech,Series C,381,4646,921,22.08,Yes,No,24
Startup_140,2012,China,Tech,IPO,108,1498,856,18.01,No,No,80
Startup_141,2022,China,Logistics,IPO,302,4200,757,24.17,No,Yes,21
Startup_142,2012,Germany,FoodTech,Series C,79,330,210,38.26,Yes,Yes,30
Startup_143,2003,Germany,Energy,Seed,388,241,50,39.23,No,Yes,96
Startup_144,2021,China,E-commerce,IPO,445,2055,394,8.99,No,Yes,96
Startup_145,2017,China,FoodTech,Seed,362,3684,450,33.49,No,Yes,16
Startup_146,2021,UK,AI,Series A,191,1970,77,48.17,Yes,Yes,37
Startup_147,2014,USA,Energy,Series C,472,4553,629,12.31,No,Yes,88
Startup_148,2022,Japan,Gaming,Series A,430,1969,966,13.48,No,No,38
Startup_149,2020,Japan,EdTech,Series A,430,1540,904,19.06,Yes,No,47
Startup_150,2004,France,EdTech,Seed,57,1254,987,48.06,Yes,No,43
Startup_151,2003,Japan,Logistics,Series C,445,4501,613,23.86,Yes,Yes,23
Startup_152,2020,France,Energy,Series A,406,2164,527,10.12,Yes,Yes,12
Startup_153,2002,Brazil,Healthcare,Series B,473,3409,743,16.28,Yes,Yes,27
Startup_154,2020,India,AI,Series C,350,3486,943,30.96,No,No,73
Startup_155,2012,Brazil,E-commerce,Series A,163,2202,198,27.72,Yes,Yes,50
Startup_156,2007,Brazil,EdTech,Series A,126,44,565,28.02,No,Yes,49
Startup_157,2005,Brazil,Tech,Series B,299,4027,587,16.37,No,No,68
Startup_158,2008,Japan,FinTech,Series C,494,3383,691,43.44,Yes,No,88
Startup_159,2000,Canada,Logistics,IPO,240,908,263,40,Yes,No,70
Startup_160,2019,USA,Healthcare,Series C,128,3354,738,2.47,No,No,59
Startup_161,2004,France,FinTech,Series B,46,2988,73,15.77,No,Yes,19
Startup_162,2006,Japan,FinTech,Series A,229,2598,647,49.47,No,Yes,41
Startup_163,2021,Australia,Tech,Series C,357,2815,21,4.14,No,Yes,49
Startup_164,2001,India,Healthcare,Series A,215,4592,686,14.79,No,Yes,12
Startup_165,2006,UK,EdTech,Series B,244,4436,773,31.59,No,No,36
Startup_166,2002,Canada,E-commerce,Series B,140,3247,477,42.06,No,Yes,46
Startup_167,2016,Australia,EdTech,Series C,180,4978,847,17.88,No,No,75
Startup_168,2013,France,Gaming,Series C,372,1562,224,20.24,No,Yes,95
Startup_169,2011,USA,Logistics,Series C,394,402,755,10.14,No,Yes,53
Startup_170,2007,France,FoodTech,Series C,54,1121,32,37.74,No,No,95
Startup_171,2022,Canada,Healthcare,Series A,317,2579,419,46.34,Yes,Yes,87
Startup_172,2004,Brazil,AI,Series B,294,4201,694,6.06,Yes,Yes,38
Startup_173,2016,China,Energy,IPO,347,826,829,0.2,No,Yes,27
Startup_174,2011,Brazil,Healthcare,IPO,393,4833,678,36.18,Yes,Yes,64
Startup_175,2022,Canada,FoodTech,Seed,51,4772,87,23.23,Yes,No,30
Startup_176,2010,Japan,EdTech,Series C,23,3615,906,20.88,Yes,Yes,38
Startup_177,2012,UK,Tech,Series B,466,1905,230,39.98,No,Yes,73
Startup_178,2022,UK,Healthcare,Series C,237,1337,496,42.06,No,No,34
Startup_179,2002,Germany,E-commerce,Series C,314,1671,452,19.61,Yes,Yes,87
Startup_180,2001,Canada,FoodTech,Series C,327,3978,652,46.79,No,Yes,27
Startup_181,2009,Canada,Energy,Series C,96,98,628,46.18,No,No,63
Startup_182,2008,India,Healthcare,Series C,28,376,448,38.69,Yes,Yes,8
Startup_183,2022,Brazil,Energy,IPO,59,4022,489,33.49,Yes,No,14
Startup_184,2011,Australia,Logistics,Series A,161,2672,527,16.9,No,No,95
Startup_185,2003,France,FinTech,Series B,393,3856,893,12.65,Yes,Yes,21
Startup_186,2015,Japan,Gaming,Series C,415,853,660,13.48,Yes,No,6
Startup_187,2014,UK,Healthcare,Series B,405,2393,786,5.43,No,Yes,90
Startup_188,2005,Japan,AI,Seed,364,4205,741,41.43,Yes,No,40
Startup_189,2017,Japan,FoodTech,Seed,175,3220,232,10.84,Yes,No,58
Startup_190,2011,Australia,Gaming,Series A,414,243,451,15.9,Yes,No,96
Startup_191,2008,Australia,FoodTech,Series A,379,3557,433,35.38,Yes,No,30
Startup_192,2006,Brazil,AI,Series B,224,2336,295,9.25,Yes,No,74
Startup_193,2015,Canada,Gaming,Seed,70,72,25,29.31,Yes,Yes,12
Startup_194,2014,India,Tech,Series A,287,1412,955,12.45,No,Yes,64
Startup_195,2006,India,Healthcare,Series B,490,980,519,30.82,Yes,Yes,16
Startup_196,2008,Canada,Logistics,Series B,329,2991,496,15.74,Yes,Yes,14
Startup_197,2016,Japan,Logistics,Series C,280,1001,486,45.14,Yes,No,67
Startup_198,2001,India,Tech,IPO,258,2742,431,1.64,No,No,56
Startup_199,2012,USA,EdTech,Seed,254,891,489,14.39,Yes,Yes,74
Startup_200,2007,USA,Healthcare,Seed,315,2825,364,42.72,No,No,38
Startup_201,2018,Canada,Healthcare,IPO,237,4074,357,17.4,Yes,Yes,43
Startup_202,2004,Canada,FoodTech,Seed,422,4895,639,33.24,No,Yes,82
Startup_203,2005,India,AI,IPO,213,3424,83,4.2,No,Yes,78
Startup_204,2021,Germany,FoodTech,Series A,40,592,266,20.47,Yes,Yes,68
Startup_205,2003,India,AI,Seed,304,3420,176,32.35,No,Yes,24
Startup_206,2012,Canada,Tech,Series C,9,4765,120,27.32,No,No,67
Startup_207,2004,Japan,Healthcare,Series C,357,2529,992,44.01,No,No,3
Startup_208,2020,UK,Energy,IPO,466,4871,486,47.69,Yes,Yes,5
Startup_209,2018,UK,E-commerce,Series A,130,4142,771,32.71,No,No,54
Startup_210,2019,USA,Healthcare,Seed,221,3026,956,13.96,No,No,64
Startup_211,2007,USA,FinTech,Series B,411,3513,69,17.84,Yes,No,55
Startup_212,2017,China,Tech,Series B,5,306,318,15.79,Yes,Yes,92
Startup_213,2006,Brazil,EdTech,Series C,473,1537,211,2.15,Yes,No,97
Startup_214,2007,Canada,Energy,Series B,353,4650,321,18.06,No,Yes,3
Startup_215,2004,Germany,FoodTech,Seed,372,1170,766,42.38,No,Yes,69
Startup_216,2017,Brazil,FinTech,Series B,334,1739,995,17.12,Yes,No,66
Startup_217,2002,UK,Gaming,Series B,322,4526,101,38.92,No,Yes,79
Startup_218,2014,Australia,AI,Series A,220,450,878,49.72,Yes,No,20
Startup_219,2011,USA,EdTech,Series C,241,2202,574,23.95,Yes,Yes,39
Startup_220,2020,USA,E-commerce,Seed,152,113,123,30.66,No,Yes,14
Startup_221,2001,UK,Logistics,Seed,433,1511,403,5.55,No,Yes,5
Startup_222,2002,India,EdTech,Series A,12,1730,190,16.84,No,Yes,84
Startup_223,2001,China,EdTech,Series B,214,1996,42,44.05,Yes,No,6
Startup_224,2009,China,EdTech,Series A,55,2762,687,34.2,Yes,No,11
Startup_225,2015,Australia,FoodTech,Series A,182,354,153,45.72,Yes,No,53
Startup_226,2018,Germany,Gaming,Series A,437,1156,132,46.79,Yes,No,83
Startup_227,2009,France,Tech,Seed,198,1407,821,10.74,Yes,Yes,89
Startup_228,2015,Brazil,Healthcare,Series C,87,3108,967,43.66,No,Yes,61
Startup_229,2018,India,Energy,Seed,209,2323,630,18.29,Yes,Yes,47
Startup_230,2009,Australia,Energy,IPO,456,4805,586,33.6,Yes,No,5
Startup_231,2006,Canada,Energy,Series B,48,2575,259,31.17,No,No,95
Startup_232,2015,Australia,Tech,IPO,424,3254,282,37.23,Yes,No,54
Startup_233,2022,France,Logistics,Series C,486,3438,882,28.15,No,Yes,79
Startup_234,2011,China,Logistics,Series A,340,2399,813,14.98,Yes,No,53
Startup_235,2001,India,Logistics,IPO,133,1088,463,10.13,No,Yes,86
Startup_236,2013,Japan,Tech,Series C,392,2188,955,28.58,Yes,No,2
Startup_237,2004,Brazil,Energy,Series A,496,2776,611,42.66,No,No,21
Startup_238,2013,Japan,AI,Series B,252,465,499,15.4,Yes,Yes,32
Startup_239,2013,Canada,Tech,Seed,295,2445,345,35.51,No,No,14
Startup_240,2014,Japan,Energy,Seed,213,4413,413,48.19,Yes,Yes,80
Startup_241,2022,Canada,AI,IPO,259,3342,841,2.56,No,No,49
Startup_242,2005,Germany,Healthcare,Series A,104,4328,13,36.6,Yes,Yes,68
Startup_243,2004,UK,FoodTech,Series C,167,3096,889,20.47,No,No,20
Startup_244,2005,France,FoodTech,Series A,426,4039,376,29.84,No,Yes,48
Startup_245,2005,China,Tech,IPO,242,2751,987,47.13,Yes,No,4
Startup_246,2016,USA,EdTech,IPO,67,3198,948,44.99,No,Yes,64
Startup_247,2016,China,AI,Seed,322,3647,91,24.8,No,No,46
Startup_248,2002,UK,Healthcare,IPO,445,1491,722,7.57,No,Yes,64
Startup_249,2019,India,FinTech,IPO,288,1166,290,29.29,No,No,36
Startup_250,2016,Australia,EdTech,Series C,230,2148,354,6.07,Yes,Yes,6
Startup_251,2010,Australia,FinTech,Series A,255,4390,905,43.4,No,Yes,85
Startup_252,2021,China,E-commerce,Seed,46,4897,623,16.54,Yes,No,18
Startup_253,2022,France,FoodTech,Series C,90,4583,12,12.96,Yes,No,75
Startup_254,2011,Germany,AI,Series C,410,4035,965,36.49,No,Yes,76
Startup_255,2008,USA,AI,Series A,341,3257,851,21.26,Yes,No,61
Startup_256,2020,India,EdTech,Seed,291,3452,270,1.04,No,Yes,72
Startup_257,2018,France,AI,Series A,323,3030,396,40.84,Yes,No,87
Startup_258,2018,France,Logistics,IPO,454,1013,906,17.11,No,No,24
Startup_259,2015,Japan,Gaming,Series B,6,420,578,2.65,Yes,No,54
Startup_260,2013,UK,AI,Series C,69,3296,433,3.08,Yes,No,76
Startup_261,2001,Germany,Healthcare,IPO,492,915,251,1.55,Yes,Yes,17
Startup_262,2009,France,FinTech,Seed,181,1969,910,47.44,No,No,27
Startup_263,2000,UK,Logistics,Seed,359,4576,105,29.94,No,Yes,61
Startup_264,2019,India,Logistics,Series A,422,2243,436,11.42,Yes,Yes,11
Startup_265,2008,Germany,Tech,Series B,142,4608,480,12.4,Yes,Yes,86
Startup_266,2008,Brazil,Healthcare,Seed,453,937,534,31.08,Yes,Yes,19
Startup_267,2002,Canada,Healthcare,Series A,361,1815,2,11.26,Yes,Yes,8
Startup_268,2009,Australia,Logistics,Series A,366,3713,230,28.51,No,Yes,90
Startup_269,2010,France,Logistics,IPO,189,3689,9,11.96,Yes,No,28
Startup_270,2019,Japan,AI,Series A,316,2939,905,43.47,No,Yes,68
Startup_271,2008,France,Healthcare,Series A,40,3519,973,7.57,Yes,No,24
Startup_272,2003,UK,Logistics,Seed,399,4261,625,22.75,Yes,Yes,96
Startup_273,2014,France,FinTech,IPO,414,2635,339,38.11,Yes,No,48
Startup_274,2001,Brazil,Gaming,Series A,333,1624,589,42.02,Yes,Yes,10
Startup_275,2015,India,FinTech,Seed,403,2431,608,36.14,No,Yes,32
Startup_276,2001,USA,Logistics,Series A,167,4280,415,36.5,No,No,36
Startup_277,2014,Canada,FinTech,Series B,35,4706,787,32.6,Yes,Yes,58
Startup_278,2012,USA,Gaming,Series A,267,4060,248,8.91,No,No,61
Startup_279,2020,France,Logistics,Series C,253,2835,468,40.37,No,No,20
Startup_280,2016,USA,Energy,Series C,347,900,80,27.17,Yes,No,95
Startup_281,2012,China,Logistics,IPO,55,4313,151,46.53,No,Yes,5
Startup_282,2014,Germany,Healthcare,Series C,290,3779,799,20.54,No,No,63
Startup_283,2002,Japan,Gaming,Seed,133,4021,691,29.11,Yes,Yes,65
Startup_284,2002,USA,FinTech,IPO,73,563,192,20.34,Yes,Yes,28
Startup_285,2015,Australia,Gaming,Series B,227,4343,652,1.99,Yes,No,12
Startup_286,2004,UK,Tech,Series A,343,4100,274,8.92,Yes,Yes,23
Startup_287,2008,UK,Tech,Series C,349,684,62,16.15,Yes,Yes,80
Startup_288,2001,Germany,AI,Seed,484,2867,464,36.08,Yes,Yes,18
Startup_289,2014,Germany,FinTech,Series C,271,4413,593,10.8,Yes,Yes,76
Startup_290,2009,Japan,Energy,Series B,262,2273,945,28.1,No,Yes,94
Startup_291,2011,UK,Energy,Seed,377,4025,342,10.68,No,No,87
Startup_292,2002,India,Energy,Series B,358,448,744,16.92,No,No,58
Startup_293,2001,Canada,Logistics,IPO,333,4596,481,13.75,No,Yes,30
Startup_294,2017,UK,Healthcare,IPO,99,1355,372,33.38,No,No,37
Startup_295,2008,Brazil,Healthcare,Series C,396,4263,93,34.93,No,No,33
Startup_296,2009,USA,FinTech,Seed,117,976,708,4.31,Yes,Yes,2
Startup_297,2013,Canada,Gaming,Series A,314,3303,421,5.63,Yes,No,49
Startup_298,2022,Australia,AI,Series C,26,3411,404,22.52,No,Yes,55
Startup_299,2007,Germany,FoodTech,IPO,8,1418,554,11.44,Yes,No,45
Startup_300,2012,India,Healthcare,Series C,343,4826,126,42.73,No,Yes,44
Startup_301,2010,Australia,Energy,IPO,109,782,166,19.6,Yes,No,12
Startup_302,2004,USA,Healthcare,IPO,8,2342,549,45.13,Yes,No,89
Startup_303,2018,Japan,E-commerce,Seed,270,3049,501,36.28,Yes,No,34
Startup_304,2001,Australia,FinTech,Series A,348,2749,228,22.4,Yes,Yes,57
Startup_305,2013,China,EdTech,Series B,372,4939,98,12.46,Yes,Yes,29
Startup_306,2014,Japan,Gaming,Series B,416,3325,794,43.43,Yes,No,30
Startup_307,2016,Australia,FinTech,Series C,148,2572,263,25.01,Yes,Yes,46
Startup_308,2015,India,FinTech,Series B,402,2198,912,11.49,Yes,Yes,82
Startup_309,2017,Japan,Energy,Series A,435,53,78,28.33,No,Yes,36
Startup_310,2016,Australia,Gaming,Series A,85,4800,172,14.09,No,Yes,28
Startup_311,2021,India,EdTech,Series B,158,55,652,34.18,Yes,Yes,43
Startup_312,2011,Japan,Healthcare,Seed,136,2066,560,37.29,Yes,No,64
Startup_313,2000,Japan,Logistics,Series C,478,3921,496,13.39,No,Yes,95
Startup_314,2008,USA,Gaming,Seed,303,2904,275,10.25,No,No,11
Startup_315,2002,France,FinTech,Series A,190,678,846,4.29,No,No,10
Startup_316,2022,Germany,EdTech,Series B,419,2599,115,38.85,Yes,Yes,99
Startup_317,2008,France,Energy,Series C,225,3516,747,4.03,Yes,No,49
Startup_318,2020,Australia,Tech,Seed,162,4763,201,37.81,No,Yes,43
Startup_319,2010,India,Gaming,Series A,282,194,80,10.17,Yes,No,50
Startup_320,2016,USA,Energy,Series C,3,3833,227,27.28,No,No,94
Startup_321,2006,Canada,AI,Series B,413,767,94,14.6,Yes,Yes,76
Startup_322,2021,China,Energy,Series B,233,2590,625,29.01,No,No,14
Startup_323,2020,Canada,AI,Series A,124,1045,947,45.05,Yes,No,93
Startup_324,2002,India,E-commerce,Series A,352,1531,261,31.33,No,Yes,36
Startup_325,2020,India,FoodTech,IPO,34,329,647,19.42,No,No,72
Startup_326,2020,UK,E-commerce,IPO,93,400,596,5.15,Yes,Yes,15
Startup_327,2022,China,Tech,Series B,158,1490,381,28.6,No,Yes,24
Startup_328,2015,Germany,AI,Series A,260,694,580,49.13,Yes,Yes,16
Startup_329,2021,China,FinTech,IPO,210,2889,516,41.99,Yes,Yes,27
Startup_330,2015,Germany,FoodTech,IPO,481,285,837,30.5,No,Yes,49
Startup_331,2010,Japan,E-commerce,Series A,461,4552,428,1.4,No,No,23
Startup_332,2017,Brazil,EdTech,Series C,260,3839,439,16.99,Yes,No,34
Startup_333,2004,Canada,FoodTech,IPO,129,4666,858,20.3,No,Yes,63
Startup_334,2002,Brazil,Gaming,Series A,327,26,129,26.99,Yes,No,31
Startup_335,2007,India,EdTech,Seed,131,4043,282,28.51,No,No,62
Startup_336,2005,Canada,E-commerce,IPO,186,1763,466,13.02,No,Yes,63
Startup_337,2006,Brazil,FinTech,Series C,107,4458,507,11.09,No,Yes,4
Startup_338,2002,France,FinTech,Series A,82,1205,366,1.49,Yes,No,21
Startup_339,2011,Brazil,E-commerce,Series A,257,4889,148,37.56,No,Yes,71
Startup_340,2021,UK,Energy,IPO,471,1727,433,23.69,Yes,No,3
Startup_341,2006,Brazil,FoodTech,Seed,363,1636,839,44.1,No,No,27
Startup_342,2005,France,Gaming,IPO,163,4977,402,36.86,No,Yes,42
Startup_343,2004,China,EdTech,IPO,264,2039,3,2.5,No,Yes,33
Startup_344,2004,UK,Healthcare,IPO,14,1273,36,48.42,Yes,No,82
Startup_345,2000,France,E-commerce,IPO,14,2405,272,46.32,No,Yes,77
Startup_346,2018,Brazil,Energy,Seed,327,2068,200,13.57,No,No,78
Startup_347,2018,USA,Energy,Series B,358,3914,677,23.3,No,No,30
Startup_348,2013,Canada,FoodTech,Seed,248,941,442,46.11,Yes,No,63
Startup_349,2003,Australia,Energy,Series B,76,1583,252,33.98,Yes,Yes,44
Startup_350,2013,Germany,Logistics,Seed,99,2535,887,41.19,Yes,Yes,10
Startup_351,2015,China,Tech,IPO,91,4975,680,17.09,No,No,10
Startup_352,2001,India,FinTech,Series C,241,3376,241,21.3,No,Yes,84
Startup_353,2012,India,FinTech,Seed,476,321,241,2.13,Yes,Yes,51
Startup_354,2017,Germany,FinTech,Seed,465,2733,536,24.03,Yes,Yes,56
Startup_355,2018,France,EdTech,Seed,374,1058,118,38.57,Yes,Yes,44
Startup_356,2013,USA,FinTech,Seed,65,2813,474,23.89,Yes,Yes,97
Startup_357,2014,China,Energy,Series A,399,4231,277,45.4,Yes,No,69
Startup_358,2003,UK,AI,Seed,138,1582,92,20.89,Yes,No,3
Startup_359,2015,India,Gaming,Series B,166,3556,350,16.28,Yes,No,16
Startup_360,2004,Japan,Gaming,Seed,238,2403,187,1.34,No,Yes,23
Startup_361,2004,Australia,Gaming,Series C,105,4196,960,48.53,No,No,49
Startup_362,2018,Germany,EdTech,Series A,363,2007,952,0.61,No,Yes,94
Startup_363,2001,Australia,Tech,IPO,75,436,375,2.13,Yes,Yes,14
Startup_364,2003,Australia,EdTech,Series C,345,12,434,49.71,Yes,No,71
Startup_365,2020,USA,EdTech,Seed,434,2465,514,8.32,No,Yes,9
Startup_366,2015,Japan,EdTech,Series B,482,1903,643,47.58,Yes,No,68
Startup_367,2020,USA,E-commerce,Seed,94,4942,666,25.08,No,No,97
Startup_368,2019,Australia,EdTech,Series B,389,3776,311,4.15,Yes,Yes,99
Startup_369,2003,UK,Healthcare,IPO,113,4470,133,48.17,No,Yes,82
Startup_370,2015,Canada,Energy,Series C,443,4086,914,18.36,No,No,41
Startup_371,2005,Japan,FoodTech,Series C,43,2358,770,19.33,No,No,39
Startup_372,2008,Canada,Energy,Seed,7,622,674,39.51,No,No,10
Startup_373,2002,Canada,Energy,Series A,404,3768,146,48.58,No,Yes,34
Startup_374,2020,India,E-commerce,Series A,477,444,187,46.12,No,No,91
Startup_375,2015,Australia,AI,Series C,144,2935,520,11.17,No,No,57
Startup_376,2010,Australia,Logistics,Series A,376,3460,511,4.55,No,Yes,12
Startup_377,2010,China,Gaming,Series B,484,717,979,44.49,No,No,44
Startup_378,2000,China,EdTech,Seed,3,3065,51,19.16,Yes,No,84
Startup_379,2013,Germany,Healthcare,IPO,56,2481,159,8.53,Yes,Yes,14
Startup_380,2009,Germany,Gaming,IPO,64,3598,310,49.53,Yes,No,74
Startup_381,2022,Japan,E-commerce,Series A,317,1033,838,15.3,Yes,Yes,11
Startup_382,2001,India,EdTech,Series B,153,386,76,23.88,Yes,No,64
Startup_383,2013,Brazil,Gaming,IPO,212,1981,107,31.7,Yes,No,11
Startup_384,2004,USA,EdTech,IPO,117,2805,812,10.23,Yes,No,39
Startup_385,2005,UK,FinTech,Series C,223,4845,555,18.19,No,Yes,64
Startup_386,2010,France,E-commerce,IPO,23,4758,888,12.83,No,No,35
Startup_387,2008,Germany,E-commerce,Series B,75,331,897,10.35,Yes,No,93
Startup_388,2014,Japan,Tech,Series B,99,4965,416,26.69,Yes,No,66
Startup_389,2022,Brazil,Gaming,Series C,456,2450,359,13.44,Yes,No,37
Startup_390,2014,Brazil,Gaming,Seed,135,1177,7,49.47,No,No,92
Startup_391,2009,France,AI,IPO,381,3573,109,47.5,Yes,No,7
Startup_392,2001,Japan,FinTech,Series A,422,3177,261,4.37,No,No,78
Startup_393,2016,India,AI,Seed,92,4207,326,26.46,Yes,Yes,62
Startup_394,2001,UK,E-commerce,Series A,269,2368,668,46.4,Yes,Yes,92
Startup_395,2015,USA,AI,Seed,8,1599,962,3.57,No,No,46
Startup_396,2020,China,AI,Series C,268,4621,547,25.56,Yes,No,93
Startup_397,2004,Australia,FinTech,IPO,324,3149,719,14.97,Yes,No,4
Startup_398,2022,Brazil,Logistics,Seed,242,4649,799,1.29,Yes,No,94
Startup_399,2014,USA,Tech,Series B,23,2375,919,21.49,No,Yes,6
Startup_400,2013,UK,FoodTech,Seed,241,4779,470,10.68,No,Yes,85
Startup_401,2007,Japan,FoodTech,IPO,134,4135,188,7.03,Yes,Yes,79
Startup_402,2003,China,Healthcare,Series B,142,153,998,11.99,Yes,Yes,81
Startup_403,2004,UK,Logistics,Seed,69,2931,900,30.76,No,Yes,60
Startup_404,2013,Germany,Tech,IPO,355,2348,613,38.01,No,No,7
Startup_405,2015,Germany,FoodTech,IPO,218,1081,379,21.33,Yes,Yes,98
Startup_406,2008,USA,Gaming,IPO,320,4970,391,32.94,Yes,Yes,68
Startup_407,2000,Japan,EdTech,Series C,147,2042,25,7.99,No,Yes,49
Startup_408,2008,UK,Tech,Series B,399,4124,206,45.68,Yes,Yes,48
Startup_409,2005,Japan,Healthcare,Series C,484,2999,922,45.38,Yes,No,94
Startup_410,2015,USA,FinTech,Seed,298,1933,839,20.7,Yes,Yes,2
Startup_411,2022,Canada,Logistics,Series B,210,2859,472,35.92,No,No,39
Startup_412,2010,Canada,AI,Seed,247,675,981,27.66,Yes,Yes,33
Startup_413,2009,Brazil,Tech,Series C,306,1338,58,13.36,Yes,Yes,98
Startup_414,2003,Australia,E-commerce,Seed,19,2167,172,5.96,No,Yes,53
Startup_415,2021,USA,EdTech,Series B,289,1313,921,40.9,No,Yes,72
Startup_416,2018,France,AI,IPO,399,2701,966,17.46,Yes,Yes,55
Startup_417,2004,India,AI,IPO,293,3133,609,42.92,Yes,Yes,56
Startup_418,2009,Australia,EdTech,Series B,242,3221,739,14.75,No,Yes,73
Startup_419,2007,Japan,FoodTech,IPO,457,1724,486,22.14,No,Yes,9
Startup_420,2018,Germany,Energy,Series C,177,3609,475,20.53,Yes,No,37
Startup_421,2005,USA,E-commerce,Series A,1,4617,991,16.96,No,Yes,92
Startup_422,2014,France,Energy,Seed,393,4668,607,11.13,Yes,No,29
Startup_423,2016,Australia,FoodTech,Seed,345,1298,24,36.46,Yes,No,4
Startup_424,2007,Japan,AI,Series A,158,3294,350,14.08,No,No,80
Startup_425,2020,UK,AI,Series B,354,4847,90,41.62,Yes,No,10
Startup_426,2005,France,EdTech,Series B,19,3391,628,0.8,Yes,No,69
Startup_427,2022,USA,Tech,Series B,211,3551,270,16.92,No,Yes,77
Startup_428,2003,China,EdTech,Series B,356,4389,405,18.87,Yes,No,31
Startup_429,2016,Canada,EdTech,Seed,66,3499,688,36.39,No,Yes,41
Startup_430,2010,USA,E-commerce,Seed,318,2507,465,15.86,No,Yes,42
Startup_431,2020,Japan,AI,Seed,195,1333,9,0.19,Yes,No,7
Startup_432,2013,China,AI,Series A,445,2187,799,19.94,Yes,No,66
Startup_433,2022,France,Energy,Seed,327,3228,506,21.09,No,No,55
Startup_434,2007,Canada,FoodTech,Series C,165,3385,231,46.77,No,No,79
Startup_435,2009,Germany,Tech,Series A,177,2721,62,3.29,Yes,Yes,18
Startup_436,2002,USA,Logistics,Seed,3,146,476,1.44,Yes,Yes,7
Startup_437,2021,Brazil,AI,Series B,128,3364,859,15.49,No,Yes,41
Startup_438,2001,Brazil,Gaming,Series B,333,3861,235,17.7,Yes,Yes,24
Startup_439,2014,Australia,FoodTech,Series C,419,3055,550,27.16,No,No,42
Startup_440,2001,France,Healthcare,Seed,262,3526,278,15.98,Yes,Yes,87
Startup_441,2022,Brazil,FinTech,Seed,126,657,608,21.88,Yes,Yes,79
Startup_442,2012,France,EdTech,Series C,117,2559,636,48.02,Yes,No,90
Startup_443,2019,Germany,Gaming,IPO,292,4889,630,20.79,Yes,No,26
Startup_444,2016,China,Healthcare,IPO,292,3483,692,29.47,Yes,Yes,1
Startup_445,2021,Australia,AI,Series C,234,2655,800,1.65,No,Yes,68
Startup_446,2013,Canada,Energy,Series B,249,3736,818,11.53,Yes,No,77
Startup_447,2020,France,Gaming,Seed,167,4327,217,19.25,No,No,93
Startup_448,2009,UK,FinTech,Seed,353,880,674,20.32,No,No,60
Startup_449,2004,Australia,Logistics,Series B,210,3083,305,18.67,Yes,No,98
Startup_450,2006,France,FinTech,Series C,238,2978,358,20.16,Yes,Yes,52
Startup_451,2000,Japan,Tech,Series A,1,4068,986,38.56,Yes,No,36
Startup_452,2012,UK,EdTech,Seed,397,2577,27,16.69,No,Yes,45
Startup_453,2013,Canada,E-commerce,Series A,479,4377,518,9.29,No,No,93
Startup_454,2010,USA,FoodTech,Series B,448,3625,420,6.95,No,No,3
Startup_455,2009,India,FinTech,Series A,106,1828,400,6.27,No,No,66
Startup_456,2011,Canada,FinTech,Series B,201,2292,80,20.6,No,Yes,51
Startup_457,2022,Japan,Energy,IPO,380,3310,619,24.36,Yes,No,11
Startup_458,2002,France,AI,Seed,486,3653,832,49.23,No,No,51
Startup_459,2016,France,Gaming,Seed,39,2006,938,39.67,Yes,Yes,42
Startup_460,2003,Brazil,AI,Series A,471,252,808,19.68,No,Yes,38
Startup_461,2000,Germany,Healthcare,Series C,402,852,836,31.94,Yes,Yes,12
Startup_462,2006,USA,AI,Series A,272,3941,358,10.67,Yes,No,17
Startup_463,2003,Australia,AI,Seed,13,2012,921,25.22,Yes,No,87
Startup_464,2014,Brazil,AI,Series B,415,1831,945,39.44,No,No,12
Startup_465,2004,France,Healthcare,IPO,294,1215,556,4.15,Yes,No,89
Startup_466,2014,Japan,AI,Series A,468,2375,258,35.17,Yes,No,52
Startup_467,2020,Japan,Gaming,Series B,307,765,33,43.63,Yes,No,81
Startup_468,2011,USA,EdTech,Series B,315,1510,813,15.42,No,No,76
Startup_469,2011,UK,Tech,IPO,286,3148,785,20.84,Yes,Yes,5
Startup_470,2008,Brazil,Energy,IPO,398,122,453,10.23,No,Yes,15
Startup_471,2008,UK,FoodTech,Seed,113,4394,70,39.83,No,Yes,91
Startup_472,2004,France,Gaming,Series B,51,1419,159,42.93,No,No,29
Startup_473,2008,Brazil,Healthcare,IPO,215,2064,990,22.93,Yes,No,22
Startup_474,2013,Brazil,Gaming,IPO,265,581,356,20.46,Yes,No,98
Startup_475,2003,Australia,AI,Series B,346,1215,141,4.51,Yes,Yes,69
Startup_476,2003,Japan,Energy,Series C,100,520,646,46.09,Yes,Yes,31
Startup_477,2018,Japan,E-commerce,Series A,64,1379,690,43.98,Yes,No,86
Startup_478,2020,Brazil,Energy,Seed,96,1674,820,31.43,Yes,Yes,34
Startup_479,2002,China,FoodTech,Series C,456,3202,979,24.23,Yes,No,61
Startup_480,2007,Australia,Logistics,Series C,391,4200,344,15.93,No,Yes,95
Startup_481,2000,France,Energy,Series B,443,1330,835,39.05,Yes,Yes,58
Startup_482,2004,China,EdTech,Series C,347,4216,379,7.59,No,No,38
Startup_483,2004,India,E-commerce,Series B,239,1852,226,45.83,No,No,16
Startup_484,2007,Brazil,AI,IPO,492,2208,322,16.71,No,No,62
Startup_485,2000,Germany,AI,Series B,10,4155,812,16.82,Yes,No,52
Startup_486,2004,China,EdTech,Series C,36,3291,24,14.42,Yes,Yes,41
Startup_487,2022,China,Tech,Seed,173,4281,849,12.01,Yes,Yes,24
Startup_488,2019,USA,Healthcare,IPO,233,4379,873,4.64,No,Yes,38
Startup_489,2010,China,Energy,IPO,313,3829,627,23.79,No,Yes,39
Startup_490,2012,Germany,AI,Seed,73,4214,76,44.89,No,Yes,91
Startup_491,2012,Australia,FinTech,Seed,100,4256,507,28.55,Yes,No,44
Startup_492,2012,Japan,AI,Series B,154,4276,546,39.24,Yes,Yes,44
Startup_493,2013,France,Energy,Seed,207,3757,365,18.13,Yes,Yes,49
Startup_494,2012,Japan,EdTech,Seed,195,3053,109,23.13,No,No,86
Startup_495,2022,Japan,EdTech,Series A,425,3210,120,38,No,Yes,54
Startup_496,2009,Japan,Tech,Series B,440,3295,218,7.09,No,No,30
Startup_497,2022,India,Healthcare,Series B,92,633,341,46.01,Yes,No,34
Startup_498,2000,Germany,Energy,Series B,122,1804,210,20.13,Yes,No,23
Startup_499,2005,Germany,Tech,Series C,413,4754,1,41.43,Yes,Yes,33
Startup_500,2001,Australia,FinTech,Series C,429,3918,516,16.19,No,Yes,16
Startup_501,2020,Germany,Logistics,Series A,168,4477,836,45.42,No,Yes,10
Startup_502,2013,USA,Gaming,Series A,87,4558,30,44.2,Yes,Yes,57
Startup_503,2017,USA,EdTech,Series C,221,3948,63,5.4,Yes,Yes,90
Startup_504,2012,Brazil,FinTech,Seed,122,650,671,35.99,Yes,Yes,93
Startup_505,2017,Australia,Gaming,Seed,25,3449,650,43.06,No,No,48
Startup_506,2022,China,FoodTech,IPO,324,1345,14,33.21,Yes,Yes,12
Startup_507,2004,Australia,Gaming,Series A,203,654,844,33.81,Yes,Yes,54
Startup_508,2008,Canada,Healthcare,Series A,197,855,368,18.92,Yes,No,72
Startup_509,2022,Germany,Energy,Series A,81,1575,243,6.47,No,No,24
Startup_510,2010,Germany,Tech,Series A,182,822,355,14.49,No,No,76
Startup_511,2007,Japan,E-commerce,Series A,28,4185,859,14.72,Yes,No,60
Startup_512,2005,USA,Logistics,IPO,143,2047,281,2.82,Yes,Yes,29
Startup_513,2005,Japan,Gaming,Series A,482,2633,39,34.7,Yes,Yes,73
Startup_514,2014,China,Logistics,Series A,489,4029,776,8.23,No,Yes,5
Startup_515,2020,India,Logistics,Series C,458,2969,269,32.65,Yes,Yes,66
Startup_516,2012,Germany,Healthcare,Seed,406,4104,178,45.42,No,Yes,72
Startup_517,2017,Germany,Tech,IPO,100,3893,75,37.98,No,No,29
Startup_518,2018,Canada,EdTech,Series A,179,1338,837,31.33,No,Yes,14
Startup_519,2009,Canada,Healthcare,Series A,49,72,917,48.08,No,Yes,3
Startup_520,2020,Japan,FinTech,Series B,236,3055,527,37.98,Yes,Yes,6
Startup_521,2007,India,AI,Series B,179,1611,369,32.24,No,Yes,35
Startup_522,2019,France,Energy,Series B,264,4151,347,24.14,No,No,35
Startup_523,2005,India,E-commerce,IPO,337,429,253,43.99,No,Yes,19
Startup_524,2003,Canada,Healthcare,IPO,15,113,208,7.18,No,Yes,27
Startup_525,2007,Canada,Healthcare,Series B,451,1144,159,36.31,Yes,Yes,82
Startup_526,2001,Canada,E-commerce,IPO,343,3628,434,33.22,No,No,42
Startup_527,2007,UK,AI,Seed,431,3487,122,16.16,Yes,No,8
Startup_528,2006,UK,FoodTech,IPO,72,2808,947,24.5,Yes,No,4
Startup_529,2006,Canada,Logistics,IPO,485,2507,20,0.21,No,No,60
Startup_530,2021,UK,Gaming,Series B,116,3915,430,34.87,Yes,Yes,10
Startup_531,2007,Brazil,Logistics,Series B,100,4833,284,29.92,Yes,No,47
Startup_532,2012,China,FoodTech,IPO,84,2767,488,11.75,Yes,Yes,32
Startup_533,2004,UK,AI,IPO,67,357,748,23.54,Yes,Yes,77
Startup_534,2009,UK,FinTech,Series C,393,412,134,2.97,No,Yes,67
Startup_535,2004,India,E-commerce,IPO,139,2330,906,39.34,No,No,53
Startup_536,2010,Brazil,E-commerce,Series C,356,1468,106,49.68,Yes,Yes,44
Startup_537,2018,India,FinTech,Series A,386,3132,547,18.32,Yes,Yes,39
Startup_538,2003,China,FoodTech,Series A,406,1185,734,10.63,Yes,Yes,84
Startup_539,2018,China,FoodTech,Series B,179,4900,789,4.31,No,Yes,20
Startup_540,2020,UK,Tech,Series A,156,3778,709,44.7,No,No,50
Startup_541,2018,USA,E-commerce,IPO,147,4381,491,28.12,No,Yes,42
Startup_542,2015,France,AI,Seed,317,1987,517,45.18,No,Yes,5
Startup_543,2021,India,Tech,Seed,252,602,339,13.69,Yes,No,1
Startup_544,2008,China,Logistics,Series C,350,67,533,45.83,No,No,34
Startup_545,2002,France,AI,Series A,104,814,696,33.01,No,Yes,22
Startup_546,2012,Germany,Logistics,Series B,391,360,126,21.29,Yes,Yes,72
Startup_547,2007,Germany,Healthcare,IPO,215,1249,961,32.22,Yes,Yes,93
Startup_548,2020,UK,E-commerce,IPO,480,4357,898,41.07,No,No,81
Startup_549,2022,USA,Logistics,IPO,367,4137,248,15.81,No,Yes,40
Startup_550,2022,Brazil,AI,Series C,280,3445,775,49.89,No,No,58
Startup_551,2011,France,AI,Series A,210,1356,976,5.93,Yes,Yes,39
Startup_552,2001,Australia,EdTech,Series C,268,3833,675,37.4,No,No,13
Startup_553,2009,Japan,Tech,IPO,318,311,455,36.25,Yes,No,40
Startup_554,2004,Germany,E-commerce,Series A,14,3072,331,20.48,Yes,No,91
Startup_555,2018,China,FinTech,Seed,74,1077,520,31.79,Yes,Yes,32
Startup_556,2020,Canada,E-commerce,Series C,481,932,344,26.96,Yes,Yes,32
Startup_557,2008,India,Energy,Series B,33,4920,324,37.98,Yes,Yes,97
Startup_558,2013,India,FinTech,IPO,18,235,952,10.41,No,Yes,89
Startup_559,2002,Germany,Logistics,Series A,349,3030,275,1.43,No,No,25
Startup_560,2006,USA,FoodTech,Series A,8,1626,383,42.01,No,No,72
Startup_561,2002,Brazil,E-commerce,Series B,37,3667,104,34.5,Yes,Yes,56
Startup_562,2018,UK,Healthcare,Series B,154,603,7,43.35,Yes,Yes,89
Startup_563,2005,Germany,Logistics,Series A,254,4167,509,24.68,No,Yes,55
Startup_564,2004,Brazil,FinTech,Series A,128,458,637,36.32,Yes,Yes,3
Startup_565,2013,China,Healthcare,Series B,262,4225,87,43.13,Yes,No,71
Startup_566,2003,USA,FinTech,Seed,476,4879,69,32.51,Yes,Yes,25
Startup_567,2021,USA,Gaming,Series A,409,1992,750,33.4,Yes,No,38
Startup_568,2001,Japan,AI,Seed,118,1295,151,31.42,Yes,No,35
Startup_569,2016,Australia,Tech,Series B,232,1361,310,10.65,No,Yes,44
Startup_570,2000,Australia,Healthcare,Series B,270,1244,521,11.24,No,Yes,5
Startup_571,2018,China,Energy,Seed,172,2112,550,47.26,No,Yes,71
Startup_572,2015,Canada,Tech,Series A,345,4648,292,23.45,No,Yes,88
Startup_573,2012,India,EdTech,Series C,93,3809,7,25.6,Yes,No,40
Startup_574,2017,UK,AI,Seed,263,1748,818,25.31,Yes,No,11
Startup_575,2012,Canada,Energy,Series C,467,3020,318,14.96,Yes,No,59
Startup_576,2020,Canada,AI,Series A,425,2774,850,40.22,No,No,65
Startup_577,2002,Brazil,EdTech,IPO,405,1016,86,34.65,Yes,Yes,47
Startup_578,2020,UK,AI,Series B,441,196,408,28.35,No,Yes,81
Startup_579,2017,Brazil,Healthcare,Series B,65,4358,725,46.05,No,Yes,16
Startup_580,2000,France,FinTech,Series B,464,765,823,31.37,No,No,11
Startup_581,2019,France,Gaming,Series C,52,2257,422,2.36,Yes,No,23
Startup_582,2021,China,EdTech,IPO,452,2883,204,35.39,Yes,No,97
Startup_583,2011,France,Logistics,Series C,338,1365,905,42.12,No,No,46
Startup_584,2022,USA,FoodTech,Series A,193,309,683,39.51,Yes,Yes,55
Startup_585,2019,Canada,FoodTech,Series B,77,3854,301,7.7,No,Yes,29
Startup_586,2017,China,Tech,Series C,307,2666,232,19.51,No,Yes,89
Startup_587,2011,India,E-commerce,Series B,394,3898,414,26.48,No,No,23
Startup_588,2001,UK,Energy,IPO,250,2509,879,42.36,No,No,48
Startup_589,2004,India,AI,IPO,79,4980,621,29.32,No,No,95
Startup_590,2013,Germany,FinTech,Series C,273,3240,898,16.73,Yes,Yes,48
Startup_591,2014,Japan,EdTech,Series B,254,3102,492,5.91,No,Yes,79
Startup_592,2004,USA,Gaming,Series A,45,2312,315,48.71,Yes,Yes,56
Startup_593,2017,Canada,Healthcare,Series C,452,242,779,22.6,Yes,Yes,61
Startup_594,2011,Japan,Energy,IPO,60,3552,409,28.25,No,No,74
Startup_595,2002,Canada,FoodTech,Series A,297,147,829,10.24,Yes,Yes,34
Startup_596,2000,UK,FoodTech,Series C,106,73,367,45.8,No,Yes,15
Startup_597,2008,USA,Energy,Seed,36,564,422,14.89,Yes,Yes,7
Startup_598,2010,France,Healthcare,Series B,438,270,423,30.49,No,Yes,59
Startup_599,2002,India,FoodTech,IPO,220,4714,246,43.01,No,Yes,37
Startup_600,2005,India,Healthcare,Series C,369,3179,657,11.71,No,No,39
Startup_601,2013,Japan,FoodTech,Series C,233,4293,833,22.33,Yes,No,41
Startup_602,2021,Canada,FinTech,Series B,221,4991,252,43.89,No,Yes,33
Startup_603,2012,UK,Energy,Series B,299,3113,616,13.34,No,Yes,45
Startup_604,2012,Japan,Gaming,Series A,381,3710,32,39.96,Yes,No,12
Startup_605,2016,Germany,Gaming,Seed,163,2121,41,18.36,No,Yes,75
Startup_606,2003,UK,Energy,Seed,5,4932,516,41.53,No,Yes,91
Startup_607,2014,USA,Healthcare,IPO,173,1321,79,34.67,Yes,Yes,30
Startup_608,2022,Australia,Healthcare,Seed,475,3063,824,40.66,Yes,No,41
Startup_609,2014,Canada,E-commerce,Seed,39,3318,562,44.05,No,No,57
Startup_610,2000,UK,E-commerce,Series B,175,4682,899,0.54,Yes,No,89
Startup_611,2008,France,Tech,Series A,79,2709,882,14.46,Yes,Yes,91
Startup_612,2008,USA,FoodTech,Series A,460,1415,906,24.31,No,No,50
Startup_613,2012,Australia,Gaming,Series B,418,3037,385,41.85,No,No,51
Startup_614,2003,China,EdTech,Series A,227,44,198,23.91,No,Yes,99
Startup_615,2020,Brazil,Energy,Seed,293,3484,599,16.73,No,Yes,7
Startup_616,2005,Japan,Energy,Series C,441,3210,906,2.79,No,Yes,80
Startup_617,2018,China,E-commerce,Series C,377,2601,969,38.57,Yes,No,71
Startup_618,2001,India,Tech,Series B,313,1383,425,33.04,Yes,Yes,63
Startup_619,2021,China,Logistics,Series A,358,1494,751,26.85,Yes,Yes,89
Startup_620,2015,Canada,Logistics,IPO,379,4290,809,25.75,Yes,No,84
Startup_621,2011,Brazil,Energy,Series A,278,1312,64,34.33,Yes,No,88
Startup_622,2005,UK,EdTech,Series C,165,2776,928,36.45,Yes,No,93
Startup_623,2019,Brazil,Logistics,Series A,490,1752,358,21.45,Yes,No,2
Startup_624,2010,Germany,Logistics,Series A,238,1594,444,15.7,No,Yes,23
Startup_625,2019,Australia,EdTech,Series A,252,3320,22,4.22,Yes,No,73
Startup_626,2011,France,Tech,Series A,483,2754,918,22.48,No,No,30
Startup_627,2009,China,Healthcare,Series C,33,1726,609,44.48,No,No,5
Startup_628,2004,India,Logistics,Series A,241,3520,874,7.18,No,Yes,52
Startup_629,2001,France,AI,IPO,302,3987,910,33.72,Yes,No,22
Startup_630,2005,France,EdTech,Seed,461,412,447,2.03,Yes,No,71
Startup_631,2016,USA,Tech,Series B,51,3298,836,45.33,No,Yes,40
Startup_632,2019,USA,E-commerce,IPO,35,4305,138,3.79,Yes,No,15
Startup_633,2017,India,AI,Series B,6,1894,104,8.82,Yes,Yes,59
Startup_634,2012,Japan,EdTech,IPO,473,347,154,19.48,Yes,Yes,3
Startup_635,2009,Brazil,FoodTech,Series A,197,822,934,39.26,Yes,Yes,17
Startup_636,2015,UK,E-commerce,Series A,20,1501,293,46.05,No,No,4
Startup_637,2020,Canada,FoodTech,Series A,396,658,781,24.73,No,Yes,73
Startup_638,2013,India,E-commerce,Series B,13,1055,920,15.76,No,Yes,80
Startup_639,2013,France,E-commerce,IPO,369,3942,80,8.14,Yes,Yes,26
Startup_640,2006,France,FinTech,Seed,298,2172,53,46.68,No,No,36
Startup_641,2005,Canada,FoodTech,Series A,101,4506,546,45.97,Yes,Yes,56
Startup_642,2007,USA,Energy,Seed,32,1705,32,49.91,Yes,Yes,38
Startup_643,2022,Germany,Gaming,Seed,226,1992,553,0.42,Yes,No,58
Startup_644,2010,USA,Healthcare,IPO,410,1608,795,25.19,No,No,92
Startup_645,2015,Brazil,Tech,Seed,302,1857,474,44.54,No,Yes,60
Startup_646,2000,UK,E-commerce,IPO,225,380,669,47.9,No,Yes,71
Startup_647,2001,Brazil,Tech,Series B,198,1738,909,29.72,Yes,No,62
Startup_648,2018,China,FinTech,Seed,61,3306,536,26.19,No,No,93
Startup_649,2020,Australia,FinTech,Series A,349,4360,856,43.68,No,Yes,44
Startup_650,2010,China,EdTech,Seed,127,3247,100,13.43,Yes,No,80
Startup_651,2019,Brazil,Gaming,Series B,384,522,894,13.17,Yes,No,53
Startup_652,2015,Japan,FinTech,IPO,437,416,513,8.1,Yes,No,16
Startup_653,2003,USA,Logistics,Series A,104,1910,438,44.98,No,Yes,66
Startup_654,2020,Japan,FinTech,IPO,433,358,570,15.29,No,No,60
Startup_655,2002,UK,EdTech,Series C,427,2914,208,5.89,Yes,Yes,16
Startup_656,2000,Brazil,Logistics,Series B,295,1013,852,33.8,No,No,31
Startup_657,2016,USA,Logistics,Series C,176,3907,48,7.59,Yes,Yes,74
Startup_658,2014,Germany,FinTech,Series C,344,4132,93,35.72,Yes,Yes,70
Startup_659,2003,Australia,Logistics,Seed,488,1962,649,28.6,No,No,77
Startup_660,2011,Australia,FoodTech,Series A,395,3376,302,19.29,No,No,19
Startup_661,2001,India,Logistics,Series C,342,393,137,3.58,No,Yes,1
Startup_662,2014,Japan,EdTech,Seed,314,120,965,49.7,Yes,Yes,67
Startup_663,2008,Japan,EdTech,Series A,315,3625,553,28.87,No,Yes,32
Startup_664,2004,USA,Gaming,Series A,286,2357,225,6.65,Yes,Yes,27
Startup_665,2003,UK,Tech,Series A,157,1145,40,43.34,Yes,No,19
Startup_666,2000,Brazil,Energy,IPO,150,656,748,23.35,Yes,No,32
Startup_667,2000,Canada,AI,Series B,420,521,277,19.9,Yes,Yes,2
Startup_668,2001,UK,FoodTech,IPO,16,4396,619,3.54,No,No,58
Startup_669,2006,USA,Logistics,Series B,468,335,48,28.4,Yes,Yes,23
Startup_670,2002,Canada,EdTech,Seed,146,2379,288,48.44,Yes,Yes,84
Startup_671,2003,Canada,Tech,Series A,111,4089,695,34.73,Yes,Yes,11
Startup_672,2020,Brazil,AI,IPO,26,3346,601,4.8,Yes,Yes,5
Startup_673,2006,USA,AI,Series B,333,2887,775,0.88,No,Yes,14
Startup_674,2007,India,Logistics,Series C,231,2967,170,37.76,Yes,Yes,8
Startup_675,2011,Germany,FinTech,IPO,450,4432,210,26.74,Yes,No,97
Startup_676,2001,China,Tech,Series B,203,2174,832,7.85,Yes,No,48
Startup_677,2003,Australia,Gaming,Series A,89,531,936,6.28,Yes,Yes,52
Startup_678,2013,India,E-commerce,Series B,281,1798,657,31.64,No,Yes,47
Startup_679,2002,USA,Tech,Seed,69,2698,294,36.2,No,Yes,96
Startup_680,2010,Germany,Energy,Series B,447,4040,858,31.79,Yes,Yes,73
Startup_681,2015,UK,Logistics,Series A,231,4812,355,9.35,No,No,11
Startup_682,2014,Australia,Healthcare,Series A,390,233,725,6.73,No,No,88
Startup_683,2009,UK,E-commerce,IPO,330,1278,312,28.86,Yes,No,18
Startup_684,2011,UK,Tech,Series B,289,69,327,40.22,No,Yes,3
Startup_685,2007,China,AI,IPO,267,382,860,18.58,Yes,Yes,68
Startup_686,2005,France,FinTech,Series B,274,841,442,39.48,Yes,No,17
Startup_687,2007,UK,Healthcare,Series C,113,2604,444,42.11,Yes,No,1
Startup_688,2004,UK,E-commerce,IPO,256,2149,315,21.5,Yes,Yes,68
Startup_689,2015,Brazil,Energy,Series C,352,885,79,12.1,Yes,Yes,63
Startup_690,2010,India,Energy,Series C,154,3628,500,2.58,No,No,95
Startup_691,2005,France,EdTech,Series A,311,1295,437,43.81,Yes,No,68
Startup_692,2019,China,Tech,IPO,111,2479,939,30.43,Yes,No,89
Startup_693,2016,France,Healthcare,IPO,224,598,488,31.02,No,Yes,2
Startup_694,2012,Germany,Tech,Seed,482,2747,605,38.65,Yes,Yes,68
Startup_695,2005,Australia,Energy,Series A,114,2636,923,41.37,No,No,22
Startup_696,2006,France,Tech,Seed,408,4020,856,32.26,No,No,58
Startup_697,2006,UK,AI,Series C,335,2248,850,18.91,No,Yes,27
Startup_698,2020,India,Logistics,Series B,79,2996,681,37.45,Yes,No,57
Startup_699,2000,Australia,Energy,Series B,481,1115,476,33.28,No,Yes,51
Startup_700,2022,USA,Gaming,Series A,456,3556,618,42.4,No,No,96
Startup_701,2009,Germany,FinTech,IPO,443,950,104,39.78,Yes,Yes,86
Startup_702,2012,Australia,FinTech,Series C,210,2419,692,48.73,No,No,5
Startup_703,2020,Brazil,AI,Series C,415,1456,191,40.33,No,No,66
Startup_704,2013,India,FinTech,IPO,248,2198,623,8.35,Yes,Yes,53
Startup_705,2012,Japan,EdTech,Series A,192,2539,997,39.14,No,Yes,79
Startup_706,2012,USA,Energy,IPO,318,4928,408,35.7,No,No,47
Startup_707,2011,UK,FoodTech,Series A,451,4353,1,23.85,Yes,No,61
Startup_708,2014,Canada,EdTech,IPO,453,3051,90,1.49,Yes,Yes,74
Startup_709,2016,India,FinTech,Series C,436,2789,24,5.18,No,Yes,64
Startup_710,2016,Australia,Energy,IPO,458,3282,714,34.74,No,Yes,2
Startup_711,2003,Brazil,AI,Series A,440,3297,376,22.52,Yes,Yes,50
Startup_712,2006,USA,Tech,Series C,54,2758,587,26.18,No,No,91
Startup_713,2019,Canada,Healthcare,IPO,216,2584,838,36.44,Yes,Yes,6
Startup_714,2019,Brazil,EdTech,Series A,409,646,130,9.64,Yes,No,42
Startup_715,2006,France,EdTech,Seed,230,1568,893,14.96,Yes,No,19
Startup_716,2014,France,Energy,IPO,111,3082,258,13.04,No,No,61
Startup_717,2003,Brazil,FinTech,Series B,461,4627,558,23.15,Yes,Yes,10
Startup_718,2003,USA,EdTech,Series A,63,7,302,10.74,No,Yes,87
Startup_719,2021,Germany,EdTech,Series C,392,3664,386,48.54,Yes,Yes,7
Startup_720,2008,Japan,Logistics,Seed,177,2083,436,37.07,Yes,Yes,61
Startup_721,2005,Japan,E-commerce,IPO,323,1713,192,37.9,Yes,No,56
Startup_722,2009,France,Gaming,Seed,210,2966,852,24.68,No,No,46
Startup_723,2022,Canada,EdTech,IPO,471,2785,531,24.3,Yes,No,51
Startup_724,2018,France,Gaming,IPO,218,3738,411,39.98,No,Yes,18
Startup_725,2014,Canada,Logistics,IPO,269,1138,321,22.3,No,No,92
Startup_726,2003,France,AI,Series C,9,3156,611,19.08,Yes,No,18
Startup_727,2009,Japan,Gaming,Seed,14,1676,172,22.44,Yes,No,81
Startup_728,2014,Brazil,FoodTech,IPO,297,1299,487,39.91,Yes,Yes,63
Startup_729,2016,UK,FoodTech,IPO,396,4068,571,25.24,No,Yes,85
Startup_730,2003,India,Tech,Series A,375,3173,304,44.2,No,Yes,7
Startup_731,2015,France,FinTech,Series A,447,1333,789,42.61,No,No,77
Startup_732,2005,UK,FinTech,Series A,303,1440,912,11.62,Yes,Yes,10
Startup_733,2007,India,FoodTech,Series C,259,4517,92,35.16,No,Yes,19
Startup_734,2019,Germany,Logistics,Series B,306,1770,553,23.14,Yes,Yes,60
Startup_735,2009,Japan,FoodTech,Series C,477,2057,713,4.53,Yes,Yes,32
Startup_736,2001,UK,Energy,IPO,245,4714,369,43.95,No,Yes,84
Startup_737,2009,USA,E-commerce,Seed,370,4389,855,18.23,Yes,No,35
Startup_738,2016,USA,Logistics,IPO,138,1694,286,24.47,Yes,No,37
Startup_739,2000,France,Gaming,Series C,321,3860,236,45.85,Yes,No,43
Startup_740,2018,UK,AI,Series A,400,3800,565,11.65,Yes,Yes,69
Startup_741,2015,Brazil,Gaming,Series B,126,3531,741,43.66,No,No,82
Startup_742,2003,Australia,Tech,Seed,197,1940,204,28.32,No,No,58
Startup_743,2001,Canada,AI,Series B,79,3349,120,14.29,Yes,Yes,43
Startup_744,2021,USA,FoodTech,Series A,157,3815,704,38.6,No,Yes,95
Startup_745,2016,France,Gaming,Series B,496,2899,393,3.01,No,No,93
Startup_746,2014,Canada,Logistics,Series B,256,3110,143,2.21,Yes,No,36
Startup_747,2012,China,Gaming,Series C,495,1541,549,6.23,No,Yes,48
Startup_748,2017,Germany,Tech,Seed,78,3021,502,27.27,Yes,No,88
Startup_749,2009,Australia,Tech,Seed,285,3079,961,36.52,Yes,Yes,59
Startup_750,2018,China,FinTech,IPO,319,4865,482,23.14,No,Yes,53
Startup_751,2011,France,Tech,Series B,31,2673,719,23.5,No,Yes,73
Startup_752,2021,Brazil,E-commerce,IPO,62,1555,204,24.74,Yes,No,69
Startup_753,2000,Japan,FoodTech,IPO,404,418,509,33.89,Yes,No,18
Startup_754,2013,Germany,Tech,IPO,83,3841,352,22.35,No,No,2
Startup_755,2010,India,Logistics,Series A,163,1660,151,35.3,No,No,2
Startup_756,2003,France,FinTech,Seed,279,2524,78,29.32,Yes,No,54
Startup_757,2003,USA,FinTech,Seed,328,678,423,28.21,No,Yes,83
Startup_758,2020,Brazil,Tech,Series B,464,2098,270,48.12,No,No,41
Startup_759,2022,France,EdTech,Series A,409,2949,658,12.57,No,Yes,3
Startup_760,2020,Brazil,E-commerce,Series C,42,839,674,22.59,No,No,62
Startup_761,2007,China,AI,Series A,372,1116,360,21.31,Yes,No,98
Startup_762,2005,France,EdTech,Series C,468,962,595,2.16,No,Yes,84
Startup_763,2019,Australia,AI,Series C,473,4059,93,36.65,Yes,No,62
Startup_764,2009,France,EdTech,Series A,471,2165,228,48.41,Yes,No,76
Startup_765,2018,UK,E-commerce,Series C,302,343,394,8.65,Yes,No,80
Startup_766,2010,Brazil,Healthcare,Series C,417,2926,210,36,Yes,Yes,79
Startup_767,2004,Germany,EdTech,Series B,393,4747,415,16.73,No,No,43
Startup_768,2005,Australia,Energy,Series C,387,523,340,29.22,No,Yes,15
Startup_769,2013,Brazil,FinTech,Series A,302,261,8,16.76,No,No,87
Startup_770,2017,Brazil,Tech,Series A,75,669,444,31.2,No,Yes,74
Startup_771,2014,USA,EdTech,Series B,46,1274,702,29.51,No,Yes,43
Startup_772,2004,Japan,Gaming,Series A,139,120,127,32.45,Yes,No,13
Startup_773,2020,China,FinTech,Series C,25,3880,386,19.48,No,Yes,47
Startup_774,2000,USA,Tech,Seed,142,3564,472,9.3,Yes,Yes,28
Startup_775,2004,Canada,Healthcare,Seed,309,1014,53,5.39,No,Yes,58
Startup_776,2022,UK,Energy,Seed,178,3811,885,33.05,Yes,No,78
Startup_777,2001,Brazil,Tech,Series A,238,2157,953,32.62,Yes,Yes,29
Startup_778,2009,Japan,EdTech,Series B,66,2291,789,29.09,No,Yes,25
Startup_779,2007,India,FoodTech,Series B,76,4740,627,41.94,No,No,22
Startup_780,2017,India,FoodTech,Seed,35,1285,739,16.68,Yes,No,20
Startup_781,2015,USA,EdTech,Series C,306,3819,350,27.71,No,Yes,41
Startup_782,2012,Australia,EdTech,IPO,95,2295,890,15.65,Yes,Yes,36
Startup_783,2000,USA,Energy,IPO,260,1500,934,48.12,No,No,15
Startup_784,2012,USA,Gaming,Series A,34,2495,30,4.88,No,No,22
Startup_785,2017,Japan,Gaming,Seed,344,2380,44,30.32,Yes,No,95
Startup_786,2009,Japan,AI,IPO,456,3650,396,33.57,No,No,49
Startup_787,2017,UK,FoodTech,IPO,67,3335,968,30.96,Yes,No,77
Startup_788,2020,Japan,AI,Series C,475,2802,410,22.57,No,No,69
Startup_789,2013,France,Gaming,Series B,203,1980,483,49.44,Yes,No,50
Startup_790,2013,China,Healthcare,Series B,58,4561,208,34.35,Yes,Yes,88
Startup_791,2022,Japan,Energy,Series C,271,4246,820,6.19,No,Yes,10
Startup_792,2007,UK,FoodTech,Series C,371,551,951,26.57,No,No,67
Startup_793,2008,India,Energy,Series B,125,648,830,42.08,Yes,No,58
Startup_794,2010,India,AI,Series C,388,936,116,15.07,No,Yes,16
Startup_795,2002,Germany,E-commerce,Series B,53,563,289,9.21,No,Yes,13
Startup_796,2010,USA,Gaming,Series A,237,4671,287,8.87,Yes,No,22
Startup_797,2019,Australia,FinTech,Series A,64,522,85,9.56,Yes,Yes,50
Startup_798,2010,Australia,Gaming,Series A,238,3435,434,17.83,Yes,Yes,42
Startup_799,2013,UK,Energy,IPO,227,3717,683,28.74,Yes,Yes,17
Startup_800,2009,France,Tech,Series C,394,2423,697,45.29,Yes,Yes,25
Startup_801,2016,Brazil,AI,Seed,254,4604,125,19.3,No,Yes,94
Startup_802,2016,India,FoodTech,Seed,54,3868,108,2.25,No,Yes,55
Startup_803,2011,Brazil,FinTech,Series C,128,1111,851,45.69,Yes,No,40
Startup_804,2008,UK,Energy,IPO,265,1845,274,40.27,No,No,25
Startup_805,2002,Australia,E-commerce,Series C,384,1797,87,2.52,No,No,42
Startup_806,2002,France,EdTech,IPO,253,356,36,35.07,Yes,Yes,87
Startup_807,2014,Brazil,Gaming,IPO,161,1553,740,47.81,Yes,Yes,99
Startup_808,2011,Canada,Tech,Seed,152,2543,705,47.37,No,No,20
Startup_809,2011,Germany,FoodTech,Series B,5,881,341,21.09,Yes,Yes,78
Startup_810,2011,Brazil,AI,IPO,37,1303,821,26.4,No,Yes,61
Startup_811,2017,Canada,Energy,Series C,322,2668,700,10.46,Yes,No,80
Startup_812,2019,India,AI,Series C,480,1455,203,10.04,No,Yes,83
Startup_813,2008,Brazil,Gaming,Seed,119,1417,760,2.49,No,Yes,92
Startup_814,2021,France,Logistics,Series A,283,4885,262,20.28,No,Yes,57
Startup_815,2019,Brazil,Gaming,Seed,481,968,586,14.15,Yes,No,25
Startup_816,2007,China,EdTech,Seed,216,2351,874,31.52,No,Yes,67
Startup_817,2003,Canada,FinTech,Series B,406,1202,57,20.92,Yes,Yes,34
Startup_818,2008,UK,Tech,IPO,112,4357,305,29.81,No,Yes,73
Startup_819,2011,UK,Tech,Series A,413,2973,561,19.71,No,No,48
Startup_820,2013,UK,E-commerce,Seed,74,3396,951,20.48,Yes,Yes,26
Startup_821,2001,France,FinTech,Seed,197,736,410,19.58,No,Yes,5
Startup_822,2007,Germany,Gaming,Series A,168,150,28,29.03,Yes,No,93
Startup_823,2016,UK,Logistics,Series B,428,1658,997,15.64,No,Yes,97
Startup_824,2013,China,Energy,IPO,400,778,422,10.2,No,Yes,46
Startup_825,2010,India,E-commerce,Series C,387,4172,889,48.13,Yes,Yes,27
Startup_826,2003,Japan,AI,Series A,266,3006,536,15.71,Yes,No,52
Startup_827,2020,Brazil,EdTech,Seed,189,377,195,30.17,Yes,No,47
Startup_828,2012,France,EdTech,Series B,118,795,805,46.03,No,Yes,34
Startup_829,2003,Brazil,FinTech,Seed,284,1491,867,14.64,No,No,81
Startup_830,2021,Brazil,Energy,Series B,389,3317,8,49.44,Yes,Yes,97
Startup_831,2021,Germany,E-commerce,Series C,23,1638,913,42.35,Yes,No,8
Startup_832,2008,China,Healthcare,Series B,23,1757,948,8.43,No,No,18
Startup_833,2006,Canada,E-commerce,Series B,134,4000,932,2.82,No,Yes,47
Startup_834,2009,Japan,FoodTech,Seed,17,4569,37,30.98,Yes,No,40
Startup_835,2014,India,Gaming,Series A,1,2505,792,30.25,Yes,Yes,61
Startup_836,2000,UK,Gaming,Series B,414,3533,619,37.46,No,Yes,89
Startup_837,2003,India,Logistics,Series A,358,3994,900,30.81,No,Yes,61
Startup_838,2011,Brazil,Energy,Series A,31,342,778,19.61,Yes,No,81
Startup_839,2014,China,AI,Series C,11,3116,282,14.04,Yes,No,27
Startup_840,2017,Japan,Gaming,IPO,6,389,10,20.38,No,Yes,87
Startup_841,2007,France,Tech,Series B,309,4063,330,37.97,Yes,No,61
Startup_842,2010,Australia,Healthcare,Series A,299,1081,573,1.23,Yes,No,26
Startup_843,2008,India,FoodTech,Series B,287,4019,597,4.12,No,No,93
Startup_844,2000,India,Energy,Series A,165,1715,656,41.75,No,Yes,49
Startup_845,2013,France,EdTech,Seed,235,2904,62,3.79,No,No,53
Startup_846,2011,Canada,Energy,Series A,499,3981,94,14.14,No,No,75
Startup_847,2021,Germany,FinTech,Series B,117,721,693,22.2,Yes,Yes,20
Startup_848,2009,Brazil,FoodTech,Seed,287,1534,195,30.14,No,Yes,77
Startup_849,2012,USA,Gaming,Seed,408,1160,801,12.54,No,No,42
Startup_850,2007,China,Tech,Series B,290,132,94,47.45,No,No,97
Startup_851,2002,Australia,Energy,Series B,374,2652,720,1.03,Yes,Yes,13
Startup_852,2005,Brazil,E-commerce,Series A,46,2232,131,15.13,No,No,74
Startup_853,2017,India,EdTech,Series C,216,697,68,32.76,Yes,Yes,25
Startup_854,2006,USA,E-commerce,Series C,28,507,949,6.46,No,Yes,78
Startup_855,2015,Germany,Healthcare,Seed,171,102,343,6.33,Yes,Yes,90
Startup_856,2017,USA,Gaming,Seed,335,408,525,7.97,Yes,Yes,65
Startup_857,2017,Japan,Tech,Seed,399,1141,958,19.58,No,No,71
Startup_858,2015,Japan,Gaming,Seed,210,3797,517,46.35,Yes,No,78
Startup_859,2021,UK,FinTech,Seed,143,3351,434,45.64,No,Yes,38
Startup_860,2020,China,EdTech,Series B,348,1993,827,0.26,No,Yes,82
Startup_861,2013,India,Energy,Seed,452,2362,137,47.28,Yes,Yes,66
Startup_862,2019,India,Logistics,Series A,38,4935,674,43.94,Yes,Yes,7
Startup_863,2013,USA,Logistics,Series A,205,3697,299,24.67,No,No,25
Startup_864,2016,India,Energy,Series A,320,2584,695,48.63,No,Yes,47
Startup_865,2016,UK,Energy,Seed,387,4790,843,40.44,No,No,10
Startup_866,2014,Germany,Gaming,Seed,158,2595,658,46.11,No,No,13
Startup_867,2003,China,Energy,Series B,294,559,322,41.43,No,Yes,82
Startup_868,2009,Japan,Energy,Series C,217,3507,2,5.91,Yes,No,27
Startup_869,2002,China,Gaming,Seed,150,2737,542,31.76,Yes,Yes,75
Startup_870,2014,Australia,AI,Series A,392,2802,238,41.52,Yes,Yes,47
Startup_871,2019,Brazil,Gaming,Series A,433,2617,419,32.19,No,No,80
Startup_872,2004,USA,AI,Seed,76,4362,686,20.29,No,No,67
Startup_873,2011,Australia,FinTech,IPO,275,1639,81,45.27,No,Yes,95
Startup_874,2022,Germany,Tech,IPO,340,793,519,18.19,Yes,No,60
Startup_875,2011,Japan,EdTech,Seed,39,291,554,7.96,No,No,55
Startup_876,2009,USA,Energy,IPO,103,4175,746,43.39,Yes,No,27
Startup_877,2005,Japan,Tech,IPO,112,3393,756,20.18,Yes,No,87
Startup_878,2013,USA,EdTech,Series A,81,3685,194,44.45,Yes,Yes,96
Startup_879,2002,UK,Tech,IPO,186,2562,50,5.56,Yes,No,85
Startup_880,2021,Australia,Energy,Series B,287,1829,936,19.06,Yes,Yes,78
Startup_881,2020,Japan,Gaming,IPO,2,3944,916,23.46,No,No,12
Startup_882,2013,USA,Tech,Series B,111,2290,209,26.54,No,No,79
Startup_883,2005,Brazil,EdTech,Series A,202,2663,9,9.41,No,No,63
Startup_884,2012,Canada,Gaming,Series C,244,758,313,28.76,No,Yes,35
Startup_885,2016,France,Logistics,Series B,272,4743,894,5.46,Yes,Yes,29
Startup_886,2016,India,E-commerce,Series A,493,3172,923,22.51,Yes,No,55
Startup_887,2021,China,AI,IPO,200,588,235,44.79,No,Yes,72
Startup_888,2018,France,E-commerce,Seed,345,4517,15,40.47,No,Yes,80
Startup_889,2005,China,Gaming,Series A,172,2728,17,22.97,Yes,Yes,12
Startup_890,2021,Australia,Gaming,Series B,216,1870,633,8.01,No,No,52
Startup_891,2012,UK,EdTech,Series B,82,3716,53,42.01,Yes,No,14
Startup_892,2003,China,FoodTech,IPO,138,2686,392,28.46,Yes,No,70
Startup_893,2011,Brazil,FoodTech,Seed,298,1305,605,16.99,Yes,No,65
Startup_894,2001,India,AI,Series A,396,4858,618,24.24,No,No,93
Startup_895,2007,Brazil,AI,Series B,395,889,562,16.49,Yes,No,35
Startup_896,2007,Canada,FinTech,Series A,231,1557,195,48.79,Yes,Yes,82
Startup_897,2020,USA,Gaming,Series C,144,4519,673,22.17,No,No,88
Startup_898,2009,Canada,Logistics,Series B,463,4341,798,45.04,No,No,15
Startup_899,2001,Japan,Logistics,Series C,315,4790,118,35.48,No,Yes,6
Startup_900,2022,Australia,E-commerce,Series B,140,1201,459,45.97,Yes,Yes,75
Startup_901,2013,Germany,Tech,Series B,94,163,699,43.85,No,Yes,81
Startup_902,2015,UK,EdTech,Series C,319,2464,279,0.72,Yes,No,27
Startup_903,2010,India,AI,Series B,82,1575,86,38.64,No,Yes,35
Startup_904,2002,Australia,AI,Series B,72,1139,891,38.11,Yes,No,65
Startup_905,2010,France,AI,IPO,450,2338,830,33.94,No,Yes,32
Startup_906,2002,UK,AI,Series A,47,2700,52,46.91,Yes,Yes,23
Startup_907,2009,China,Healthcare,Series A,473,1977,721,43.1,No,Yes,38
Startup_908,2005,Germany,FoodTech,Series A,62,297,663,13.33,Yes,Yes,3
Startup_909,2011,Japan,Energy,Seed,36,55,445,38.5,No,No,18
Startup_910,2010,Brazil,AI,IPO,490,4534,566,14.25,No,Yes,68
Startup_911,2008,UK,FinTech,Series C,184,4704,820,49.39,Yes,Yes,14
Startup_912,2012,India,EdTech,Seed,45,2833,693,22.44,No,Yes,97
Startup_913,2001,China,Tech,Series B,283,823,691,2.85,Yes,Yes,76
Startup_914,2009,Canada,Gaming,Seed,422,797,712,35.21,No,Yes,35
Startup_915,2012,Brazil,EdTech,Series B,42,3348,45,7.55,No,Yes,10
Startup_916,2000,India,Tech,Seed,441,1245,960,12.78,No,No,37
Startup_917,2007,Japan,FinTech,Series C,361,4833,691,26.54,No,Yes,40
Startup_918,2017,USA,Tech,Series C,271,1866,420,1.5,Yes,No,58
Startup_919,2011,Japan,FoodTech,Series B,465,1973,324,49.85,No,No,91
Startup_920,2021,Brazil,E-commerce,Series C,76,319,498,10.82,No,No,65
Startup_921,2014,France,E-commerce,Series A,49,3827,755,48.27,Yes,No,37
Startup_922,2021,Germany,Gaming,IPO,331,2023,903,34.94,Yes,Yes,7
Startup_923,2010,China,Tech,Series B,349,3064,52,43.41,No,No,18
Startup_924,2020,Germany,Energy,Seed,429,1499,563,3.61,No,No,83
Startup_925,2006,Japan,FinTech,Series A,70,4611,304,35.1,Yes,No,7
Startup_926,2013,Brazil,EdTech,Series C,498,1311,313,47.07,No,Yes,55
Startup_927,2021,UK,EdTech,Series A,289,2170,863,37.26,Yes,Yes,66
Startup_928,2000,China,Healthcare,Series C,234,3749,220,4.24,No,No,10
Startup_929,2002,France,FoodTech,Series C,302,4134,540,47.45,Yes,Yes,97
Startup_930,2013,Australia,Healthcare,Series C,373,733,562,22.96,Yes,Yes,57
Startup_931,2009,USA,Tech,IPO,292,1616,829,10.73,No,No,96
Startup_932,2009,Canada,FinTech,Series B,400,2174,188,43.93,No,No,30
Startup_933,2004,France,FinTech,Series C,7,4733,870,17.76,No,Yes,95
Startup_934,2020,China,Energy,IPO,100,2835,196,33.24,No,No,10
Startup_935,2016,China,Tech,Series B,385,2143,951,17.89,Yes,Yes,88
Startup_936,2005,UK,Energy,Series C,352,3059,620,31.86,Yes,No,81
Startup_937,2021,China,Healthcare,Series A,142,2209,223,2.92,Yes,Yes,7
Startup_938,2019,China,AI,Seed,381,2119,923,23.33,No,No,97
Startup_939,2007,Brazil,FoodTech,Series B,352,2709,264,18.22,Yes,Yes,29
Startup_940,2003,UK,Gaming,Series C,301,2271,306,8.99,Yes,No,46
Startup_941,2004,Australia,Energy,IPO,126,2278,872,33.11,No,No,46
Startup_942,2013,France,AI,Series C,96,2552,782,13.83,No,No,45
Startup_943,2011,Australia,FoodTech,Seed,383,644,510,28.71,Yes,Yes,37
Startup_944,2017,France,E-commerce,Series B,250,4746,581,35.95,No,Yes,20
Startup_945,2006,Germany,Energy,Series C,429,1294,638,28.72,No,Yes,20
Startup_946,2005,Brazil,Logistics,Seed,462,2045,392,14.78,Yes,Yes,85
Startup_947,2013,UK,Healthcare,Seed,491,4300,910,25.35,No,No,71
Startup_948,2005,India,FinTech,Seed,398,4922,605,10.35,Yes,No,68
Startup_949,2014,Australia,Tech,Series A,455,2183,520,10.75,No,Yes,84
Startup_950,2008,Australia,Tech,Series C,66,3148,141,30.3,No,No,9
Startup_951,2017,Canada,FoodTech,Series A,495,448,895,23.64,Yes,No,7
Startup_952,2012,France,FinTech,Seed,309,3883,317,47.5,Yes,No,88
Startup_953,2012,Australia,FoodTech,Series A,430,2330,820,44.5,No,No,73
Startup_954,2008,USA,Energy,Series C,390,4403,587,19.76,Yes,No,40
Startup_955,2002,Germany,Logistics,Seed,197,467,12,40.73,Yes,Yes,89
Startup_956,2018,Canada,FinTech,Series C,266,4140,301,1.87,No,No,53
Startup_957,2017,France,Energy,Series A,492,3245,892,29.13,Yes,Yes,29
Startup_958,2008,Brazil,Tech,Series B,47,3671,374,13.14,Yes,Yes,4
Startup_959,2008,China,Energy,Seed,456,1981,89,21.15,Yes,Yes,79
Startup_960,2002,Germany,E-commerce,Series B,279,1048,298,13.97,No,No,31
Startup_961,2008,China,EdTech,Seed,467,4506,402,40.93,No,Yes,89
Startup_962,2007,UK,E-commerce,Series B,125,3202,485,35.88,No,Yes,78
Startup_963,2008,Germany,EdTech,Seed,237,2989,238,32.51,Yes,Yes,91
Startup_964,2008,Japan,E-commerce,Series A,440,364,495,38.15,No,No,23
Startup_965,2018,Brazil,FoodTech,Series A,442,551,361,14.91,Yes,Yes,39
Startup_966,2003,Brazil,FoodTech,Series C,255,4206,860,44.89,No,Yes,12
Startup_967,2002,France,EdTech,Seed,342,4321,520,9.06,No,No,16
Startup_968,2007,India,Logistics,Series C,154,190,989,49.98,No,No,24
Startup_969,2003,UK,Gaming,Series C,433,3340,431,29.49,No,Yes,86
Startup_970,2021,USA,FinTech,IPO,112,3252,688,18.53,No,No,59
Startup_971,2013,Brazil,FinTech,Series C,221,32,436,49.49,No,No,5
Startup_972,2008,France,AI,Seed,155,3555,989,12.23,No,No,7
Startup_973,2001,Canada,AI,Series B,474,4677,151,33.96,No,No,29
Startup_974,2022,Australia,E-commerce,Seed,46,1637,418,33.05,No,No,89
Startup_975,2003,Germany,E-commerce,IPO,245,3821,954,4.44,Yes,Yes,85
Startup_976,2017,Canada,Energy,IPO,415,4063,124,7.44,Yes,No,36
Startup_977,2011,France,Energy,Series B,488,13,538,24.14,No,Yes,21
Startup_978,2008,Canada,Tech,Series B,445,3409,617,48.19,No,Yes,56
Startup_979,2014,UK,Tech,Series C,385,3017,362,2.24,No,Yes,84
Startup_980,2018,UK,Logistics,IPO,398,4679,613,8.88,No,Yes,98
Startup_981,2019,Australia,Gaming,Series A,124,297,352,45.91,Yes,Yes,61
Startup_982,2009,Australia,Gaming,Series A,393,4687,641,19.49,No,Yes,69
Startup_983,2018,Australia,E-commerce,Seed,218,759,148,41.45,Yes,No,29
Startup_984,2021,UK,AI,IPO,440,3586,368,6.08,No,No,49
Startup_985,2021,India,Tech,Series A,430,730,337,48.37,No,No,65
Startup_986,2012,UK,FoodTech,IPO,376,47,118,4.37,Yes,Yes,98
Startup_987,2004,USA,Tech,Series B,390,1386,998,45.86,No,No,46
Startup_988,2014,Germany,Healthcare,Series A,135,1806,421,33.03,Yes,Yes,7
Startup_989,2005,India,Gaming,Series A,245,634,853,30.02,Yes,Yes,29
Startup_990,2021,India,FoodTech,IPO,73,4644,456,2.74,No,No,63
Startup_991,2020,India,Logistics,IPO,386,4748,634,4.34,Yes,No,29
Startup_992,2005,USA,AI,Series B,105,2206,995,40.24,Yes,Yes,40
Startup_993,2012,Canada,Logistics,Series C,310,1542,570,6,No,Yes,64
Startup_994,2000,UK,Healthcare,IPO,127,3738,398,15.12,No,Yes,60
Startup_995,2008,Canada,FinTech,IPO,432,4770,29,23.95,No,No,26
Startup_996,2000,USA,AI,Seed,21,650,660,27.46,No,No,66
Startup_997,2017,China,FinTech,Series C,183,4136,789,3.5,Yes,No,43
Startup_998,2011,USA,Energy,IPO,304,4340,947,8.27,Yes,No,14
Startup_999,2022,Australia,FinTech,Series A,172,4297,258,21.81,No,Yes,12
Startup_1000,2005,India,FoodTech,Seed,295,3011,785,48.6,Yes,No,1
Startup_1001,2005,Australia,E-commerce,Seed,146,3672,586,10.22,Yes,Yes,89
Startup_1002,2004,China,Gaming,Series B,184,3104,986,48.58,Yes,No,51
Startup_1003,2018,India,Energy,Series C,107,3849,527,2.14,Yes,Yes,59
Startup_1004,2005,China,AI,Seed,267,2511,510,24.44,Yes,No,25
Startup_1005,2002,France,E-commerce,Series A,430,599,95,15.75,No,No,17
Startup_1006,2007,UK,FoodTech,Series A,171,3550,776,9.89,No,No,67
Startup_1007,2016,Australia,EdTech,Series A,399,2786,633,4.75,No,No,31
Startup_1008,2008,UK,Energy,IPO,227,361,542,23.86,No,No,21
Startup_1009,2002,Brazil,E-commerce,Series B,162,2761,844,26.5,Yes,No,82
Startup_1010,2010,Brazil,AI,IPO,230,3606,657,4.82,Yes,Yes,87
Startup_1011,2020,France,Logistics,IPO,323,1981,959,44.86,Yes,No,28
Startup_1012,2000,Japan,Energy,Seed,489,4455,546,26.24,No,No,99
Startup_1013,2017,USA,FinTech,Series A,70,550,798,28.7,Yes,No,19
Startup_1014,2013,Canada,E-commerce,Seed,462,1185,414,8.52,Yes,Yes,72
Startup_1015,2015,India,Logistics,Series B,464,730,776,33.11,Yes,No,44
Startup_1016,2000,Australia,Gaming,Series C,356,3646,549,46.14,Yes,No,74
Startup_1017,2002,China,FoodTech,IPO,361,3938,658,15,No,Yes,24
Startup_1018,2001,Germany,Gaming,IPO,469,4207,833,4.1,No,No,39
Startup_1019,2017,Brazil,AI,Series C,111,4033,723,38.7,Yes,Yes,31
Startup_1020,2022,India,EdTech,Series C,28,3929,437,20.44,Yes,No,17
Startup_1021,2008,USA,Energy,Series A,148,427,14,30.22,Yes,Yes,11
Startup_1022,2009,India,Energy,Series C,329,782,724,49.05,Yes,No,69
Startup_1023,2016,Canada,Energy,Series A,12,1838,43,38.23,Yes,No,26
Startup_1024,2009,India,Gaming,Seed,475,3570,482,17.82,Yes,No,50
Startup_1025,2007,India,AI,Series C,335,4816,682,10.48,Yes,No,59
Startup_1026,2016,USA,Gaming,Seed,220,1109,826,40.1,No,Yes,99
Startup_1027,2019,France,Energy,Seed,457,222,426,10.47,No,Yes,62
Startup_1028,2002,UK,Logistics,Series A,220,514,852,41.04,Yes,No,75
Startup_1029,2015,USA,Energy,IPO,256,42,546,21.99,Yes,No,54
Startup_1030,2021,France,FinTech,IPO,36,952,86,18.64,No,Yes,21
Startup_1031,2003,Brazil,EdTech,Series B,108,3294,53,23.17,No,No,94
Startup_1032,2011,Japan,EdTech,IPO,108,1821,650,5.4,Yes,No,96
Startup_1033,2011,France,E-commerce,IPO,252,1154,944,10.06,Yes,No,46
Startup_1034,2001,Germany,EdTech,Series A,432,4500,810,27.17,No,Yes,70
Startup_1035,2008,Japan,FoodTech,Series B,179,573,838,43.49,Yes,No,13
Startup_1036,2007,India,E-commerce,IPO,239,327,825,34.12,No,Yes,7
Startup_1037,2004,Canada,AI,IPO,452,3879,29,2.85,No,No,2
Startup_1038,2008,India,FoodTech,Seed,80,4855,32,28.47,No,No,11
Startup_1039,2022,UK,Logistics,IPO,220,3279,318,10.69,No,No,81
Startup_1040,2005,Brazil,Gaming,Series C,213,3639,192,48.28,No,Yes,38
Startup_1041,2013,USA,AI,Seed,313,2577,22,42.32,No,Yes,92
Startup_1042,2015,France,AI,Series C,16,1833,626,26.61,No,No,96
Startup_1043,2016,France,E-commerce,Seed,85,4388,313,44.37,Yes,No,28
Startup_1044,2004,China,FoodTech,Series C,103,422,56,49.37,No,Yes,28
Startup_1045,2001,France,AI,Series B,301,2462,702,9.37,Yes,No,50
Startup_1046,2019,Germany,Logistics,IPO,472,879,48,49.11,No,No,42
Startup_1047,2016,India,Healthcare,Seed,93,275,162,34.53,Yes,No,79
Startup_1048,2002,Germany,AI,Series C,23,3406,555,1.32,Yes,No,50
Startup_1049,2017,China,Gaming,Seed,490,3925,305,0.72,Yes,No,26
Startup_1050,2005,USA,EdTech,Series A,345,601,955,33.14,No,No,41
Startup_1051,2022,UK,Healthcare,Series C,241,4257,392,3.36,Yes,No,59
Startup_1052,2001,Canada,Healthcare,Series A,238,1137,267,48.72,No,No,10
Startup_1053,2012,China,Energy,Series A,78,3675,52,9.58,Yes,Yes,71
Startup_1054,2020,China,Tech,Seed,63,3885,559,33.39,Yes,No,51
Startup_1055,2018,France,Tech,Series B,302,2284,826,11.98,No,No,77
Startup_1056,2010,Canada,Tech,Series A,290,2325,905,47.68,Yes,Yes,33
Startup_1057,2004,USA,FoodTech,Series A,7,54,672,37.6,No,No,26
Startup_1058,2009,Germany,FoodTech,IPO,436,3874,281,45.84,Yes,No,64
Startup_1059,2000,Australia,AI,Series C,119,4991,20,3.51,No,Yes,17
Startup_1060,2007,France,Energy,Series A,290,3575,671,25.02,Yes,Yes,45
Startup_1061,2012,Australia,Tech,Seed,348,479,374,29.82,No,Yes,57
Startup_1062,2012,UK,FinTech,Series C,392,86,140,34.65,No,Yes,3
Startup_1063,2010,Australia,Healthcare,Series C,440,4081,358,30.05,No,Yes,55
Startup_1064,2003,Brazil,Gaming,Series B,216,1418,490,8.15,Yes,Yes,41
Startup_1065,2013,Canada,AI,Series A,128,2743,481,16.58,No,No,95
Startup_1066,2021,India,FoodTech,IPO,132,1372,165,46.67,No,No,76
Startup_1067,2005,UK,Energy,Series A,366,1420,452,3.38,No,Yes,12
Startup_1068,2003,Japan,FinTech,IPO,489,1906,452,38.92,Yes,No,43
Startup_1069,2020,UK,FinTech,Series C,472,2269,577,21.11,Yes,Yes,34
Startup_1070,2011,Australia,FinTech,IPO,364,2295,406,12.58,No,Yes,75
Startup_1071,2013,Brazil,Tech,IPO,25,3789,398,30.88,No,No,85
Startup_1072,2001,Brazil,Tech,Series C,131,2023,679,4.21,Yes,Yes,4
Startup_1073,2001,USA,FinTech,Seed,367,1720,519,16.33,No,No,83
Startup_1074,2005,Canada,Energy,Seed,38,3960,472,20.71,No,No,33
Startup_1075,2008,USA,FoodTech,IPO,263,820,119,32.67,Yes,No,17
Startup_1076,2000,Australia,Healthcare,Seed,238,932,375,40.89,No,Yes,22
Startup_1077,2019,Japan,FinTech,Series A,92,564,422,3.35,No,Yes,42
Startup_1078,2001,Japan,Energy,Series C,328,4438,293,13,No,No,68
Startup_1079,2014,Germany,FinTech,Series C,434,1287,680,24.99,Yes,Yes,2
Startup_1080,2015,Germany,AI,Series C,143,4777,970,39.34,No,Yes,72
Startup_1081,2014,UK,Energy,IPO,388,3566,1,30.64,No,No,16
Startup_1082,2013,India,FinTech,Series C,43,2784,183,1.15,No,No,4
Startup_1083,2011,France,Healthcare,Series A,271,1606,245,31.22,No,Yes,12
Startup_1084,2017,China,Tech,Seed,342,4278,864,45.83,Yes,No,82
Startup_1085,2012,France,Energy,Series B,105,3531,705,2.95,No,Yes,19
Startup_1086,2001,USA,FinTech,Seed,205,526,179,7.35,No,No,30
Startup_1087,2008,Germany,FinTech,Seed,357,775,801,19.07,Yes,Yes,61
Startup_1088,2008,UK,EdTech,Seed,349,2882,496,47.35,Yes,Yes,33
Startup_1089,2008,France,FoodTech,Seed,327,3765,890,12.36,No,No,58
Startup_1090,2011,Canada,Gaming,Series B,478,4715,310,35.52,Yes,Yes,44
Startup_1091,2009,France,Gaming,Seed,228,493,721,14.61,Yes,No,17
Startup_1092,2003,Brazil,Healthcare,IPO,304,1301,888,23.44,No,No,75
Startup_1093,2022,China,FoodTech,IPO,176,136,446,23.18,No,Yes,29
Startup_1094,2016,China,EdTech,Series B,33,1859,344,27.43,Yes,Yes,44
Startup_1095,2010,Canada,Healthcare,IPO,94,2116,560,7.67,Yes,No,51
Startup_1096,2020,Brazil,Gaming,Series A,231,1154,142,5.71,Yes,Yes,48
Startup_1097,2016,China,EdTech,Series B,402,3936,538,9.3,Yes,No,35
Startup_1098,2020,France,EdTech,Series A,466,3262,542,47.17,Yes,Yes,4
Startup_1099,2003,China,Healthcare,Seed,470,1357,385,20.44,No,Yes,15
Startup_1100,2022,France,Energy,Series B,416,3495,145,38.02,Yes,Yes,36
Startup_1101,2014,Japan,FinTech,Seed,126,1504,392,19.91,No,No,71
Startup_1102,2007,Brazil,Tech,Series A,138,3407,216,23.95,Yes,Yes,87
Startup_1103,2017,UK,Tech,Seed,312,1268,609,1.25,Yes,No,65
Startup_1104,2016,Canada,Logistics,IPO,100,1072,40,39.94,Yes,Yes,94
Startup_1105,2018,Brazil,FoodTech,Series A,122,2039,133,5.96,Yes,Yes,12
Startup_1106,2006,Japan,Healthcare,IPO,133,4675,987,8.53,No,No,30
Startup_1107,2008,UK,Healthcare,Series A,11,694,996,24.46,Yes,Yes,96
Startup_1108,2000,France,FoodTech,IPO,101,2343,953,21.24,Yes,No,73
Startup_1109,2010,Brazil,FoodTech,Series A,161,2467,920,37.18,Yes,Yes,57
Startup_1110,2003,UK,Logistics,Series B,299,3030,320,46.7,Yes,No,57
Startup_1111,2020,Germany,Gaming,IPO,340,1443,718,49.33,No,Yes,93
Startup_1112,2011,Germany,EdTech,IPO,450,2900,732,16.67,No,Yes,72
Startup_1113,2015,UK,EdTech,Seed,54,319,588,8.45,Yes,No,11
Startup_1114,2012,China,FinTech,IPO,436,1458,659,17.16,Yes,Yes,62
Startup_1115,2000,China,E-commerce,IPO,159,3604,537,48.13,Yes,Yes,91
Startup_1116,2020,Brazil,E-commerce,Series C,390,3109,502,38.07,No,No,68
Startup_1117,2015,Canada,Energy,Series C,53,3423,712,33.27,No,Yes,49
Startup_1118,2005,UK,E-commerce,Series C,138,152,250,15.16,Yes,Yes,25
Startup_1119,2022,Australia,Logistics,Seed,352,4457,866,37.77,No,No,58
Startup_1120,2008,China,Healthcare,Series A,17,3350,832,22.8,No,No,1
Startup_1121,2014,China,EdTech,IPO,196,4397,597,0.7,No,Yes,35
Startup_1122,2015,Japan,Energy,IPO,339,248,807,46.35,Yes,Yes,26
Startup_1123,2007,Germany,AI,Series C,390,4490,593,45.66,Yes,Yes,17
Startup_1124,2019,USA,Healthcare,Series C,420,2447,113,3.91,No,Yes,80
Startup_1125,2005,Brazil,FinTech,Series B,95,2734,958,3.62,No,No,79
Startup_1126,2017,Germany,AI,Seed,431,902,330,20.62,Yes,No,65
Startup_1127,2019,USA,EdTech,Series C,243,1614,439,49.92,No,No,81
Startup_1128,2013,UK,Gaming,Series A,194,2034,467,32.42,Yes,Yes,81
Startup_1129,2003,India,E-commerce,Series B,224,2293,217,29.32,Yes,Yes,46
Startup_1130,2001,USA,Healthcare,Series C,469,3236,175,29.01,No,Yes,36
Startup_1131,2005,Germany,FoodTech,Series A,3,1788,447,43.29,No,Yes,36
Startup_1132,2011,USA,AI,Seed,328,1836,138,44.48,No,Yes,56
Startup_1133,2008,France,EdTech,Series B,313,1629,605,20.8,Yes,Yes,8
Startup_1134,2016,UK,Energy,Series B,429,2371,548,32.44,No,No,4
Startup_1135,2016,India,FoodTech,IPO,8,4412,636,37.27,No,Yes,4
Startup_1136,2020,UK,Energy,Series C,386,2446,536,33.4,Yes,No,75
Startup_1137,2020,Germany,FinTech,Series A,102,4096,740,35.28,No,No,3
Startup_1138,2017,France,Energy,Series C,223,1619,512,47.79,No,Yes,75
Startup_1139,2008,Japan,AI,Series B,409,2666,159,12.77,No,Yes,2
Startup_1140,2002,Canada,Logistics,Series B,64,1685,506,43.45,Yes,Yes,74
Startup_1141,2009,France,Gaming,Seed,282,4947,905,31.4,No,No,87
Startup_1142,2014,India,EdTech,Series C,12,2483,360,39.91,Yes,No,92
Startup_1143,2009,USA,Gaming,Seed,109,1746,529,3.99,Yes,No,88
Startup_1144,2005,UK,Healthcare,IPO,46,1383,630,8.67,Yes,No,23
Startup_1145,2016,Brazil,E-commerce,Series C,223,3314,275,34.55,Yes,Yes,39
Startup_1146,2018,Australia,Tech,Seed,408,4326,274,29.89,Yes,Yes,96
Startup_1147,2014,France,Logistics,Series B,121,1672,718,31.95,No,No,74
Startup_1148,2001,China,Logistics,IPO,222,111,277,18.94,No,Yes,88
Startup_1149,2014,Japan,Energy,Series C,164,1082,138,43.26,No,No,74
Startup_1150,2010,USA,Logistics,Seed,102,631,814,23.63,Yes,No,36
Startup_1151,2004,Germany,Tech,IPO,60,4372,330,33.05,Yes,No,58
Startup_1152,2003,Japan,Tech,IPO,137,4697,562,33.27,No,No,2
Startup_1153,2014,Germany,E-commerce,Series B,97,1407,217,44.65,Yes,No,50
Startup_1154,2016,China,Logistics,IPO,371,2430,501,8.48,Yes,Yes,98
Startup_1155,2019,USA,Tech,Seed,17,528,210,7.46,Yes,No,92
Startup_1156,2018,Canada,Healthcare,Series C,150,2387,54,2.61,No,Yes,53
Startup_1157,2002,Canada,AI,IPO,370,2147,930,43.84,No,No,55
Startup_1158,2022,Australia,FoodTech,Series C,183,1337,673,0.74,No,Yes,23
Startup_1159,2014,Germany,Energy,Series B,160,2188,703,31.06,No,No,13
Startup_1160,2018,China,E-commerce,IPO,292,1288,304,42.39,Yes,No,93
Startup_1161,2005,Germany,Healthcare,Series C,212,4889,263,27.05,No,No,35
Startup_1162,2016,Australia,Energy,Series C,50,2549,679,46.65,Yes,Yes,92
Startup_1163,2017,France,EdTech,Series A,294,2693,736,10.75,No,Yes,60
Startup_1164,2002,Germany,Energy,IPO,123,681,141,24.02,Yes,No,23
Startup_1165,2008,UK,Healthcare,Series B,46,4417,32,5.22,No,No,69
Startup_1166,2000,UK,Logistics,Series A,364,1423,901,39.88,No,No,99
Startup_1167,2018,Germany,Logistics,Seed,336,4574,632,1.77,Yes,Yes,26
Startup_1168,2015,USA,EdTech,Seed,493,4867,85,19.32,Yes,Yes,86
Startup_1169,2002,Canada,AI,Series B,416,4080,746,7.95,No,Yes,52
Startup_1170,2019,USA,Healthcare,Series A,151,1566,706,38.37,No,Yes,17
Startup_1171,2009,Australia,Logistics,Series B,144,979,490,31.35,Yes,No,81
Startup_1172,2017,Japan,FinTech,Seed,213,4473,814,38.88,No,No,7
Startup_1173,2010,Canada,Gaming,Series B,303,3932,524,47.95,Yes,No,67
Startup_1174,2006,Germany,Gaming,Series B,213,292,914,36.88,No,No,29
Startup_1175,2010,USA,FoodTech,Series A,150,3172,70,9.56,No,Yes,24
Startup_1176,2008,UK,Logistics,Seed,274,4102,519,49.1,No,Yes,69
Startup_1177,2015,China,AI,Series C,76,1486,760,18.51,No,No,53
Startup_1178,2008,China,E-commerce,Series C,415,1848,286,47.28,No,Yes,31
Startup_1179,2002,India,AI,Seed,268,4709,68,24.4,Yes,No,24
Startup_1180,2020,Australia,EdTech,Series A,57,1129,790,32.89,No,Yes,37
Startup_1181,2000,Germany,Gaming,Series B,351,842,500,32.14,No,Yes,6
Startup_1182,2013,Germany,Healthcare,IPO,469,1972,455,40.49,No,Yes,54
Startup_1183,2001,China,EdTech,Seed,498,1206,235,11.3,No,No,30
Startup_1184,2020,India,EdTech,Series C,149,4439,217,1.47,No,Yes,72
Startup_1185,2004,China,Healthcare,IPO,346,2009,130,11.89,Yes,No,96
Startup_1186,2016,China,FoodTech,Series A,235,3887,241,42.15,Yes,No,32
Startup_1187,2003,China,FoodTech,Series A,82,3535,568,44.05,No,No,72
Startup_1188,2010,China,FoodTech,Series A,87,860,313,41.88,No,Yes,62
Startup_1189,2000,France,FinTech,Series A,209,825,741,42.37,Yes,Yes,13
Startup_1190,2012,Australia,Logistics,Series C,244,1025,789,43.85,No,Yes,98
Startup_1191,2018,India,AI,IPO,399,3356,152,0.74,No,No,31
Startup_1192,2020,France,Energy,Seed,361,4730,250,37.18,Yes,Yes,40
Startup_1193,2005,Australia,FinTech,Series B,349,2616,592,17.81,No,No,50
Startup_1194,2010,Germany,FinTech,Series A,69,1265,636,29.07,No,No,62
Startup_1195,2005,China,Gaming,Series C,312,590,12,45.48,No,Yes,38
Startup_1196,2008,Japan,Healthcare,Seed,232,2704,809,37.8,Yes,Yes,56
Startup_1197,2013,Japan,AI,IPO,90,1539,500,32.12,No,No,44
Startup_1198,2020,China,Gaming,Series B,82,2606,490,15.47,Yes,Yes,18
Startup_1199,2001,Germany,Energy,Series A,8,2289,535,4.07,No,Yes,66
Startup_1200,2015,France,Gaming,IPO,196,1847,105,12.06,Yes,No,91
Startup_1201,2018,France,Gaming,Seed,116,1136,528,1.77,No,Yes,20
Startup_1202,2012,Germany,Gaming,IPO,130,2996,814,42.07,No,Yes,47
Startup_1203,2019,USA,FinTech,Seed,252,2757,602,39.87,No,No,27
Startup_1204,2002,Canada,FinTech,IPO,379,1737,211,36.25,Yes,No,46
Startup_1205,2018,USA,Logistics,Seed,266,2986,408,34.51,Yes,Yes,61
Startup_1206,2016,China,FinTech,Series A,403,4956,638,31.56,Yes,No,69
Startup_1207,2001,Japan,Tech,Series B,412,3032,682,22.39,Yes,No,96
Startup_1208,2007,Brazil,AI,Series A,82,3322,737,35.6,No,Yes,59
Startup_1209,2022,USA,Logistics,IPO,477,4565,407,14.64,No,No,9
Startup_1210,2008,Germany,Energy,Seed,242,4151,568,15.7,Yes,Yes,29
Startup_1211,2019,UK,Healthcare,Seed,288,1243,871,16.95,No,No,73
Startup_1212,2006,Australia,Tech,Series A,132,486,524,12.99,Yes,No,92
Startup_1213,2005,France,Logistics,IPO,51,2107,84,35.02,Yes,Yes,98
Startup_1214,2005,USA,Healthcare,Series A,73,4918,962,24.96,No,No,72
Startup_1215,2018,UK,Healthcare,Series A,311,4230,866,1.49,No,Yes,41
Startup_1216,2017,France,FinTech,IPO,78,919,747,23.17,No,Yes,27
Startup_1217,2022,UK,Logistics,Series A,256,4661,188,33.6,Yes,No,26
Startup_1218,2014,Canada,E-commerce,IPO,433,421,429,9.49,Yes,No,8
Startup_1219,2010,Germany,Healthcare,Series A,382,4580,131,23.56,No,Yes,27
Startup_1220,2021,Brazil,Gaming,Series C,485,394,119,31.97,No,No,79
Startup_1221,2020,Brazil,Tech,Series A,112,362,551,30.22,No,No,20
Startup_1222,2010,Australia,AI,Series C,156,3419,607,38.82,Yes,Yes,10
Startup_1223,2021,France,Energy,Series A,133,2413,493,20.34,No,No,36
Startup_1224,2011,France,Healthcare,Seed,6,1375,413,45.04,No,Yes,79
Startup_1225,2011,Australia,E-commerce,IPO,298,4386,653,49.87,No,No,5
Startup_1226,2013,France,EdTech,Seed,63,2108,383,16.69,Yes,No,18
Startup_1227,2021,Germany,Gaming,IPO,86,3783,885,7.42,No,Yes,1
Startup_1228,2009,Brazil,EdTech,IPO,139,888,142,14.98,No,No,87
Startup_1229,2014,Japan,Logistics,Series A,12,3206,694,26.95,No,No,57
Startup_1230,2004,France,AI,Series B,171,2117,199,22.73,No,Yes,6
Startup_1231,2021,China,FinTech,IPO,307,3753,717,45.17,Yes,No,5
Startup_1232,2011,USA,AI,Series C,121,4193,185,3.1,Yes,No,95
Startup_1233,2001,Japan,Tech,Seed,477,4529,342,47.56,Yes,No,53
Startup_1234,2009,France,EdTech,Series B,194,324,394,17.38,No,No,86
Startup_1235,2016,Brazil,E-commerce,Series C,83,159,603,13.68,Yes,No,59
Startup_1236,2003,Brazil,Gaming,Series A,245,1673,125,49.86,Yes,Yes,53
Startup_1237,2000,Canada,Energy,IPO,68,3743,706,2.59,No,Yes,92
Startup_1238,2010,Brazil,Gaming,Series A,241,2539,101,18.7,No,No,34
Startup_1239,2006,Canada,Gaming,IPO,493,3517,620,42.79,Yes,No,14
Startup_1240,2005,India,E-commerce,Series A,178,2937,232,30.75,Yes,No,44
Startup_1241,2016,China,FinTech,Series B,225,1809,605,29,Yes,Yes,84
Startup_1242,2005,Japan,FinTech,Series C,6,666,524,32.51,Yes,No,91
Startup_1243,2020,UK,Gaming,Series A,40,4921,715,4.39,Yes,Yes,36
Startup_1244,2013,UK,E-commerce,Seed,205,410,749,4.18,Yes,No,11
Startup_1245,2021,Japan,Energy,IPO,378,3636,341,12.22,No,No,79
Startup_1246,2003,Germany,Gaming,Series A,108,2158,352,41.4,No,No,6
Startup_1247,2015,China,Energy,IPO,407,2752,543,34.16,No,No,81
Startup_1248,2004,France,FinTech,Series A,337,582,275,1.96,Yes,Yes,98
Startup_1249,2015,China,Logistics,Series B,82,322,922,29.84,Yes,Yes,72
Startup_1250,2007,Brazil,Healthcare,IPO,81,1947,188,7.6,No,Yes,26
Startup_1251,2008,France,Tech,Series B,42,1406,993,45.76,Yes,No,49
Startup_1252,2008,Canada,FoodTech,IPO,463,157,660,15.97,No,No,57
Startup_1253,2004,Australia,FinTech,Series B,125,3578,988,46.8,No,No,85
Startup_1254,2001,Japan,AI,Series C,292,1953,104,9.68,Yes,No,34
Startup_1255,2000,Germany,Energy,Series B,191,1752,262,25.81,No,Yes,87
Startup_1256,2004,USA,Energy,IPO,3,4486,223,27.49,No,Yes,52
Startup_1257,2005,Australia,Gaming,Series C,385,2254,715,8.88,Yes,No,10
Startup_1258,2003,Japan,Tech,Series C,138,1626,427,0.12,No,Yes,10
Startup_1259,2009,India,FoodTech,Series C,255,3360,970,17.41,No,No,72
Startup_1260,2002,UK,FoodTech,Series A,327,694,380,47.5,No,No,24
Startup_1261,2004,Brazil,FoodTech,IPO,412,3946,938,48.08,Yes,No,18
Startup_1262,2019,France,Tech,Series C,199,61,575,37.83,No,No,39
Startup_1263,2008,Japan,Healthcare,Series C,90,2875,369,41.69,Yes,No,46
Startup_1264,2015,Brazil,Healthcare,Series A,105,756,964,8.78,No,Yes,52
Startup_1265,2013,USA,FoodTech,Seed,286,2908,19,22.63,Yes,Yes,69
Startup_1266,2012,India,Energy,Series B,40,1451,396,24.37,No,No,45
Startup_1267,2019,UK,Logistics,Series C,470,2646,681,17.5,Yes,Yes,23
Startup_1268,2012,India,Gaming,IPO,376,3377,190,9.26,No,Yes,53
Startup_1269,2008,France,Energy,Series C,49,4272,141,26.47,No,No,4
Startup_1270,2007,USA,Gaming,Series A,74,4829,92,10.4,No,Yes,33
Startup_1271,2016,Germany,FoodTech,Series A,272,2382,687,46.33,No,No,34
Startup_1272,2003,China,Gaming,Series C,345,1870,152,45.15,No,No,25
Startup_1273,2001,UK,AI,Series B,180,2746,165,15.1,Yes,No,28
Startup_1274,2000,Australia,Tech,Series C,175,2603,168,23,Yes,No,47
Startup_1275,2021,China,Tech,IPO,369,224,874,12.79,Yes,No,65
Startup_1276,2004,Brazil,FinTech,Seed,74,4971,626,40.14,Yes,No,68
Startup_1277,2004,Japan,Energy,Seed,167,4387,100,17.35,Yes,No,27
Startup_1278,2004,China,Tech,Series C,231,4606,79,3.05,Yes,Yes,85
Startup_1279,2021,India,E-commerce,Series C,104,2948,116,39.27,No,Yes,12
Startup_1280,2005,India,FoodTech,Series A,245,3946,226,31.16,Yes,No,95
Startup_1281,2013,France,Logistics,Series C,134,1362,355,38.87,Yes,Yes,4
Startup_1282,2020,UK,FoodTech,IPO,333,2585,547,1.99,No,No,81
Startup_1283,2017,Japan,Tech,Seed,92,4867,554,22.37,No,Yes,60
Startup_1284,2007,India,Logistics,IPO,176,575,8,1.44,No,Yes,71
Startup_1285,2001,France,AI,Series C,31,4760,802,33.45,Yes,No,92
Startup_1286,2007,Germany,FoodTech,Seed,20,3802,298,19.82,Yes,Yes,88
Startup_1287,2001,Germany,Logistics,Series A,270,368,77,44.81,Yes,No,65
Startup_1288,2002,China,E-commerce,Series B,279,2647,797,34.85,Yes,No,13
Startup_1289,2006,Brazil,Healthcare,Series C,160,907,893,28.83,No,Yes,16
Startup_1290,2008,Germany,E-commerce,Series C,390,202,250,0.23,No,No,47
Startup_1291,2005,China,EdTech,Series A,127,2964,116,22.59,No,No,74
Startup_1292,2017,Canada,Healthcare,Series A,228,3871,427,29.52,No,Yes,59
Startup_1293,2004,USA,Gaming,IPO,125,3027,158,23.85,No,No,48
Startup_1294,2018,USA,Energy,Series B,423,407,573,0.45,Yes,No,35
Startup_1295,2001,Canada,Healthcare,Series C,326,4252,225,19.7,Yes,Yes,86
Startup_1296,2017,Canada,FinTech,Series C,119,1784,281,25.01,No,Yes,31
Startup_1297,2012,USA,Logistics,IPO,293,580,720,48.38,No,No,30
Startup_1298,2015,France,Logistics,IPO,130,2238,334,42.29,No,No,46
Startup_1299,2003,Japan,Healthcare,Seed,136,1165,358,20.71,Yes,Yes,46
Startup_1300,2015,Brazil,Gaming,IPO,171,4174,435,29.25,Yes,No,73
Startup_1301,2022,Germany,Tech,Seed,215,506,319,14.87,Yes,Yes,9
Startup_1302,2011,Brazil,Gaming,Series C,411,4653,750,46.12,Yes,Yes,35
Startup_1303,2013,Japan,AI,Series B,323,2038,549,15.23,No,Yes,96
Startup_1304,2000,China,FinTech,IPO,274,848,952,18.18,Yes,No,12
Startup_1305,2015,Australia,Energy,Series B,430,1744,222,48.9,Yes,No,18
Startup_1306,2008,Japan,Logistics,Series C,437,3400,885,7.06,Yes,No,26
Startup_1307,2008,France,Gaming,Series C,195,206,306,27.79,Yes,Yes,41
Startup_1308,2002,Germany,E-commerce,Seed,418,2538,261,6.46,No,Yes,10
Startup_1309,2012,Canada,E-commerce,Series C,45,3575,584,9.06,No,No,18
Startup_1310,2010,France,Tech,Seed,70,4761,82,27,Yes,Yes,82
Startup_1311,2017,Australia,E-commerce,Series B,452,243,381,11.29,No,No,74
Startup_1312,2009,India,AI,Series C,232,2633,655,1.53,No,No,54
Startup_1313,2014,China,EdTech,Series C,268,1507,214,8.87,Yes,Yes,67
Startup_1314,2004,India,Energy,IPO,189,2397,407,30.92,No,Yes,31
Startup_1315,2000,China,E-commerce,Seed,62,3898,434,43.17,No,Yes,51
Startup_1316,2007,UK,Tech,IPO,442,1867,134,36.75,No,No,22
Startup_1317,2018,India,E-commerce,Series C,428,1046,837,28.79,Yes,Yes,93
Startup_1318,2000,Japan,Healthcare,Series B,72,3781,254,48.11,No,Yes,53
Startup_1319,2013,India,Gaming,Series A,453,4518,54,24.93,Yes,No,6
Startup_1320,2014,China,Energy,IPO,375,1650,944,27.3,No,Yes,97
Startup_1321,2006,UK,Energy,Seed,495,564,467,30.08,No,Yes,51
Startup_1322,2002,Canada,Logistics,Series C,27,2845,148,17.9,No,No,59
Startup_1323,2020,Australia,Healthcare,IPO,237,2785,490,13.33,Yes,Yes,51
Startup_1324,2001,Canada,EdTech,Series C,204,442,85,25.02,Yes,Yes,66
Startup_1325,2009,UK,FinTech,Series C,258,1765,728,36.44,No,No,85
Startup_1326,2009,Canada,Logistics,Series C,140,627,832,37.5,No,Yes,97
Startup_1327,2009,India,AI,Series A,86,4629,277,20.37,Yes,No,58
Startup_1328,2012,USA,Energy,Series A,111,458,46,24.51,Yes,Yes,99
Startup_1329,2011,Brazil,E-commerce,Series B,87,137,672,33.02,No,Yes,41
Startup_1330,2022,UK,Gaming,Series C,69,3600,22,7.67,Yes,No,40
Startup_1331,2003,Brazil,EdTech,Series B,13,3976,514,33.01,No,No,85
Startup_1332,2020,Brazil,AI,IPO,289,882,250,49.62,No,No,7
Startup_1333,2013,Japan,AI,Series A,349,407,577,12.44,Yes,Yes,86
Startup_1334,2006,France,Logistics,Series B,62,2592,955,1.07,No,No,29
Startup_1335,2005,Japan,Gaming,Series A,86,2690,942,49.35,Yes,No,99
Startup_1336,2010,USA,Healthcare,Series C,80,3566,920,26.67,No,No,50
Startup_1337,2011,UK,AI,Seed,283,2603,949,8.2,No,No,81
Startup_1338,2003,China,Logistics,IPO,401,818,970,30.5,Yes,No,32
Startup_1339,2012,China,E-commerce,IPO,229,4767,278,1.08,No,Yes,67
Startup_1340,2018,Australia,Healthcare,Seed,125,383,873,13.57,Yes,No,51
Startup_1341,2011,Germany,Healthcare,Series A,105,2735,583,40.91,Yes,Yes,87
Startup_1342,2009,Australia,AI,Series C,420,4855,361,24.78,Yes,Yes,76
Startup_1343,2007,Japan,E-commerce,Series C,488,3169,312,19.49,Yes,Yes,71
Startup_1344,2004,Canada,FinTech,Series C,365,1875,50,10.16,No,Yes,25
Startup_1345,2021,India,FoodTech,IPO,36,2525,120,1.75,Yes,No,67
Startup_1346,2017,USA,FinTech,Series B,437,1977,990,10.4,No,Yes,77
Startup_1347,2018,India,Healthcare,Series A,402,3857,390,40.71,Yes,No,14
Startup_1348,2015,UK,Gaming,Seed,157,1081,58,9.9,Yes,Yes,99
Startup_1349,2000,Brazil,Gaming,Series B,13,396,761,6.68,No,Yes,35
Startup_1350,2006,Brazil,Energy,Seed,53,3289,176,35.12,Yes,Yes,15
Startup_1351,2021,UK,Logistics,Series C,232,1201,805,33.45,No,Yes,99
Startup_1352,2015,UK,Energy,Series B,325,1379,309,12.52,No,No,59
Startup_1353,2022,Australia,FoodTech,Series C,26,271,148,24.63,Yes,No,57
Startup_1354,2016,USA,AI,Series A,361,78,539,41.33,Yes,No,47
Startup_1355,2004,Japan,Tech,IPO,256,2958,299,48.23,Yes,No,41
Startup_1356,2009,Brazil,Energy,Seed,173,3317,207,49.05,Yes,Yes,1
Startup_1357,2003,Brazil,Logistics,IPO,495,4959,628,30.76,Yes,Yes,3
Startup_1358,2022,Germany,Energy,Series B,190,3086,309,41.62,Yes,Yes,18
Startup_1359,2004,Germany,Gaming,Series C,286,3971,79,10.09,No,No,46
Startup_1360,2013,Australia,Logistics,Series C,482,2663,250,22.01,No,Yes,17
Startup_1361,2008,Japan,Healthcare,Series A,199,988,14,41.63,No,Yes,45
Startup_1362,2016,Germany,E-commerce,Series B,103,3861,562,30.34,No,Yes,44
Startup_1363,2007,China,EdTech,Series A,161,4684,440,11.19,Yes,No,35
Startup_1364,2002,UK,FoodTech,Seed,303,181,43,26.34,No,No,59
Startup_1365,2015,Canada,E-commerce,Series B,68,4932,852,46.26,No,No,85
Startup_1366,2017,India,Tech,Series A,389,2926,445,5.38,No,No,19
Startup_1367,2013,Germany,Logistics,Series B,436,107,471,15.76,Yes,Yes,50
Startup_1368,2014,Australia,FinTech,Series C,454,2756,203,47.04,Yes,No,77
Startup_1369,2018,Germany,Healthcare,IPO,243,3373,348,27.47,Yes,Yes,11
Startup_1370,2015,Japan,E-commerce,Series B,13,2192,55,33.22,No,Yes,74
Startup_1371,2000,UK,Tech,Series A,408,4930,310,46.15,No,No,25
Startup_1372,2004,Australia,FoodTech,Series C,233,560,695,9.85,No,No,75
Startup_1373,2000,Australia,Logistics,IPO,366,4169,12,20.97,No,No,22
Startup_1374,2019,Australia,E-commerce,Series C,346,2961,469,26.64,No,No,67
Startup_1375,2006,Australia,AI,Seed,342,1169,574,34.31,No,Yes,73
Startup_1376,2000,Canada,Energy,IPO,200,1569,168,35.31,Yes,Yes,87
Startup_1377,2012,USA,Energy,Series B,415,3359,925,49.3,No,No,67
Startup_1378,2008,France,FoodTech,Seed,434,4775,573,9.88,No,Yes,16
Startup_1379,2007,Canada,EdTech,Series B,444,4044,457,14.68,No,No,69
Startup_1380,2016,UK,EdTech,Series B,298,2140,718,35.65,No,No,40
Startup_1381,2001,Germany,Tech,Seed,481,146,637,22.44,No,No,28
Startup_1382,2001,India,AI,Series B,426,2302,483,45.19,No,Yes,96
Startup_1383,2021,UK,E-commerce,Seed,287,2530,763,14.35,Yes,Yes,28
Startup_1384,2017,Australia,EdTech,Seed,231,1232,605,45.67,Yes,No,52
Startup_1385,2015,India,Gaming,Series C,94,4004,90,2.48,Yes,No,75
Startup_1386,2008,USA,FoodTech,Series A,122,1815,991,36.15,No,No,94
Startup_1387,2009,Australia,Tech,Series C,425,3284,208,42.35,No,Yes,18
Startup_1388,2016,France,EdTech,Seed,337,3561,568,35.59,Yes,No,24
Startup_1389,2021,Germany,Healthcare,Seed,116,3687,180,49.82,No,No,91
Startup_1390,2005,Germany,Healthcare,Series A,185,1345,545,9.04,Yes,No,15
Startup_1391,2022,Canada,FinTech,Seed,306,4167,21,19.54,Yes,No,80
Startup_1392,2008,India,Gaming,Series A,174,2729,559,14.85,No,No,34
Startup_1393,2002,USA,Gaming,Series C,263,524,917,13.8,Yes,Yes,89
Startup_1394,2008,Canada,Healthcare,IPO,318,1638,54,27.95,No,No,27
Startup_1395,2019,USA,EdTech,Series A,347,1414,881,1.7,No,No,69
Startup_1396,2007,Brazil,Energy,Seed,101,1103,150,27,No,Yes,46
Startup_1397,2000,Japan,Logistics,Seed,62,3666,565,43.29,No,Yes,59
Startup_1398,2007,UK,Energy,IPO,470,1001,494,39.18,No,No,49
Startup_1399,2010,Australia,FoodTech,IPO,471,3188,832,29.27,Yes,Yes,4
Startup_1400,2021,France,Energy,Series C,416,379,358,9.89,Yes,No,8
Startup_1401,2003,Germany,EdTech,Series A,62,3645,233,29.64,Yes,Yes,48
Startup_1402,2011,USA,AI,Series B,311,4971,813,20.23,Yes,No,99
Startup_1403,2008,Brazil,AI,Series C,370,132,321,26.28,Yes,No,38
Startup_1404,2010,USA,Gaming,Series A,384,3964,431,42.28,Yes,No,27
Startup_1405,2014,Brazil,Tech,Seed,115,3833,842,23.88,No,No,33
Startup_1406,2008,China,Gaming,Series C,213,3986,456,28.8,No,No,69
Startup_1407,2001,Brazil,AI,IPO,399,1507,82,30.8,Yes,Yes,35
Startup_1408,2013,Canada,FinTech,Series A,103,1293,203,42.57,No,Yes,90
Startup_1409,2020,Australia,Gaming,Series C,443,1266,248,19.95,No,Yes,75
Startup_1410,2005,Brazil,FoodTech,Series A,253,113,597,9.37,No,No,37
Startup_1411,2006,USA,Energy,Series A,34,1265,54,7.21,No,No,48
Startup_1412,2007,Brazil,Gaming,Series B,230,1800,287,25.53,No,Yes,84
Startup_1413,2020,China,Energy,Series C,20,2690,89,37.79,No,Yes,6
Startup_1414,2002,USA,FoodTech,Series C,132,1490,183,18.69,Yes,Yes,80
Startup_1415,2013,France,Tech,Seed,71,55,417,27.07,Yes,No,41
Startup_1416,2017,Japan,AI,Series A,343,2003,9,6.18,No,Yes,54
Startup_1417,2014,Brazil,Energy,IPO,232,1582,832,35.37,No,Yes,44
Startup_1418,2013,France,FinTech,Series C,421,3198,52,20.79,No,Yes,95
Startup_1419,2007,China,Energy,Seed,457,2899,74,45.28,No,Yes,55
Startup_1420,2010,UK,EdTech,Series A,345,2793,181,41.45,No,No,25
Startup_1421,2003,India,Energy,Series C,262,3804,302,32.81,No,Yes,96
Startup_1422,2019,India,Gaming,Series A,258,2530,256,4.9,Yes,Yes,97
Startup_1423,2020,Brazil,AI,Seed,320,3005,81,1.96,No,No,85
Startup_1424,2017,China,Logistics,Seed,281,3261,537,32.14,No,Yes,55
Startup_1425,2000,Brazil,Tech,Series A,480,669,350,4.24,Yes,Yes,32
Startup_1426,2008,China,Energy,Series B,382,2903,625,37,No,Yes,10
Startup_1427,2003,Germany,Energy,IPO,53,3038,146,19.74,No,No,8
Startup_1428,2002,Japan,FinTech,IPO,1,1905,161,36.24,Yes,No,78
Startup_1429,2012,India,Tech,Series C,394,2101,410,38.65,No,No,17
Startup_1430,2010,Germany,E-commerce,Series A,288,2201,331,23.09,Yes,No,10
Startup_1431,2004,UK,Tech,IPO,380,2696,555,19.07,Yes,No,2
Startup_1432,2009,Japan,Gaming,IPO,367,3120,572,12.53,No,Yes,32
Startup_1433,2012,Brazil,Tech,Seed,60,2166,416,18.01,Yes,Yes,2
Startup_1434,2006,Brazil,FoodTech,Seed,472,1228,162,27.18,Yes,Yes,14
Startup_1435,2014,Japan,Healthcare,Series B,348,3473,693,43.74,No,Yes,35
Startup_1436,2005,USA,FinTech,Series A,267,2452,130,34.51,Yes,Yes,80
Startup_1437,2007,China,AI,Series B,44,4165,392,17.3,No,Yes,43
Startup_1438,2015,Germany,E-commerce,Seed,141,1098,691,25.91,No,No,90
Startup_1439,2000,Germany,FoodTech,IPO,474,3531,459,41.43,No,Yes,4
Startup_1440,2015,Australia,Tech,IPO,150,2560,408,47.59,Yes,Yes,69
Startup_1441,2012,France,Logistics,Series A,316,1240,705,47.66,Yes,No,31
Startup_1442,2014,China,Healthcare,Seed,26,4387,775,33.31,Yes,No,49
Startup_1443,2000,Canada,Tech,Series B,243,3100,867,10.81,Yes,No,90
Startup_1444,2020,Brazil,AI,IPO,136,2545,744,45.79,No,Yes,62
Startup_1445,2001,Germany,Healthcare,IPO,59,3026,268,26.8,Yes,Yes,47
Startup_1446,2007,Germany,Energy,Series B,478,313,577,40.96,Yes,Yes,5
Startup_1447,2022,Canada,Healthcare,IPO,263,1214,199,44.21,Yes,Yes,29
Startup_1448,2014,Germany,Tech,Series B,181,3917,927,31.64,Yes,No,4
Startup_1449,2019,Japan,Tech,IPO,383,4476,926,4.28,Yes,No,8
Startup_1450,2005,India,Healthcare,Series A,355,545,508,42.45,Yes,No,64
Startup_1451,2014,Japan,AI,Series C,285,3063,576,7.57,Yes,No,98
Startup_1452,2003,India,EdTech,IPO,81,3528,113,28.78,No,No,61
Startup_1453,2006,France,Healthcare,Series A,487,4319,222,26.25,Yes,No,19
Startup_1454,2001,China,Energy,Series C,306,1910,147,8.89,No,No,64
Startup_1455,2009,UK,Healthcare,Series C,118,1454,711,33.71,No,Yes,85
Startup_1456,2012,India,Logistics,IPO,316,2665,631,9.2,No,Yes,59
Startup_1457,2007,UK,Gaming,Series C,409,2680,163,19.9,Yes,No,81
Startup_1458,2019,Brazil,Tech,IPO,122,1469,25,10.39,Yes,No,62
Startup_1459,2001,USA,FinTech,Series A,279,2635,167,18.49,Yes,Yes,19
Startup_1460,2012,Brazil,AI,Seed,470,1321,40,20.82,No,Yes,23
Startup_1461,2009,Germany,Tech,IPO,227,1459,773,2.7,Yes,Yes,32
Startup_1462,2021,Brazil,FinTech,Seed,496,333,978,41.82,Yes,No,41
Startup_1463,2000,Brazil,E-commerce,Series B,444,2768,126,43,No,No,91
Startup_1464,2002,China,Healthcare,Series A,203,2351,106,35.89,Yes,No,34
Startup_1465,2011,Brazil,EdTech,Series A,152,418,398,29.64,Yes,No,35
Startup_1466,2010,India,Tech,Series C,150,1222,510,26.84,No,No,25
Startup_1467,2002,Germany,Tech,Series B,64,4954,8,5.05,Yes,Yes,32
Startup_1468,2005,Brazil,Energy,Seed,321,2950,963,10.15,Yes,Yes,45
Startup_1469,2000,Japan,Tech,Series A,147,3930,143,35.9,No,Yes,65
Startup_1470,2002,Japan,FinTech,Seed,498,4052,102,10.17,Yes,No,17
Startup_1471,2015,China,EdTech,Series C,150,3881,663,35.61,No,No,87
Startup_1472,2009,France,Energy,Series A,249,3788,617,17.85,No,No,27
Startup_1473,2000,UK,FinTech,Series C,480,2758,488,43.27,Yes,No,13
Startup_1474,2006,USA,Gaming,IPO,464,1887,503,4.25,Yes,Yes,44
Startup_1475,2018,Brazil,Gaming,Series B,307,212,19,13.84,No,No,96
Startup_1476,2007,USA,Gaming,Series C,342,3557,968,8.95,Yes,No,81
Startup_1477,2019,Germany,EdTech,Series A,288,1212,98,28.22,Yes,No,21
Startup_1478,2000,Canada,FinTech,Series B,407,1334,554,34.54,Yes,No,77
Startup_1479,2003,Australia,FinTech,IPO,7,2933,801,48.81,No,Yes,81
Startup_1480,2013,UK,Tech,IPO,286,4410,226,3.15,No,No,14
Startup_1481,2002,USA,Energy,Series B,256,1484,366,35.57,No,No,71
Startup_1482,2017,Australia,Healthcare,Series C,446,2054,87,30.78,Yes,No,83
Startup_1483,2009,USA,E-commerce,Series A,447,3982,870,12.24,No,Yes,37
Startup_1484,2012,India,AI,IPO,354,3200,221,39.88,No,No,91
Startup_1485,2007,China,Tech,Series C,358,2080,762,15.18,No,Yes,75
Startup_1486,2008,USA,E-commerce,IPO,445,4633,285,16.24,No,No,49
Startup_1487,2014,Germany,Energy,Series C,178,836,848,9.55,No,Yes,52
Startup_1488,2013,France,Healthcare,Series B,62,4488,297,38.18,Yes,No,57
Startup_1489,2001,Australia,Tech,Series A,364,1705,474,25.59,No,No,2
Startup_1490,2020,UK,Gaming,IPO,25,798,479,22.42,No,No,72
Startup_1491,2005,Australia,Logistics,Series B,288,4010,700,32.87,No,Yes,19
Startup_1492,2005,China,Gaming,Series B,461,2071,87,13.97,No,Yes,60
Startup_1493,2013,UK,Tech,Series B,183,1033,255,30.34,Yes,No,16
Startup_1494,2015,Germany,E-commerce,Series B,349,1284,887,44.4,Yes,Yes,27
Startup_1495,2004,Germany,Gaming,IPO,351,3263,118,12.83,Yes,No,1
Startup_1496,2013,Japan,Healthcare,Series A,131,4872,11,6.4,No,Yes,41
Startup_1497,2006,China,Logistics,IPO,233,2748,709,34.94,Yes,No,13
Startup_1498,2009,Germany,FinTech,Series A,469,1069,226,16.23,No,No,96
Startup_1499,2017,Japan,FoodTech,Series C,67,3186,918,4.37,No,Yes,28
Startup_1500,2019,UK,Gaming,IPO,325,673,839,36.78,Yes,Yes,17
Startup_1501,2007,India,Logistics,Series C,212,3350,737,39.32,No,No,85
Startup_1502,2011,Brazil,E-commerce,Series B,441,380,319,14.36,Yes,No,12
Startup_1503,2012,Australia,Gaming,Series B,266,90,885,10.76,No,No,80
Startup_1504,2012,Japan,AI,IPO,17,220,666,17.35,Yes,No,97
Startup_1505,2018,China,Tech,Series C,40,682,392,37.22,No,No,14
Startup_1506,2004,India,Tech,Series A,234,2824,532,34.76,No,Yes,61
Startup_1507,2002,Canada,EdTech,Series B,144,422,111,2.19,No,No,41
Startup_1508,2009,UK,Gaming,Seed,380,3446,886,35.94,No,No,58
Startup_1509,2010,France,Energy,Seed,483,356,319,21.65,Yes,No,40
Startup_1510,2006,Germany,FinTech,Series B,60,3716,215,28.01,No,Yes,42
Startup_1511,2004,USA,Logistics,Series C,30,632,965,43.37,No,Yes,52
Startup_1512,2013,India,FoodTech,Series B,442,2233,248,48.84,Yes,No,44
Startup_1513,2022,India,Energy,Series A,159,1843,543,40.71,No,No,73
Startup_1514,2002,France,FoodTech,Series A,360,1688,789,9.38,Yes,Yes,55
Startup_1515,2008,Germany,FoodTech,Seed,42,881,380,39.06,No,Yes,99
Startup_1516,2013,Japan,Energy,Seed,28,2775,135,32.99,Yes,No,50
Startup_1517,2019,Japan,Energy,Series A,366,4016,679,34.36,No,No,77
Startup_1518,2018,Germany,Gaming,Seed,345,3888,830,2.78,No,Yes,97
Startup_1519,2002,Australia,Healthcare,Series B,440,2207,404,33.29,Yes,No,75
Startup_1520,2010,UK,Gaming,IPO,370,35,198,19.39,Yes,No,2
Startup_1521,2005,Brazil,EdTech,Series B,146,72,894,3.15,No,Yes,28
Startup_1522,2001,China,EdTech,Series B,222,1258,347,8.98,Yes,Yes,11
Startup_1523,2012,China,Gaming,Seed,239,151,972,28.95,Yes,Yes,48
Startup_1524,2004,Brazil,Logistics,Seed,104,3507,149,23.79,No,Yes,60
Startup_1525,2014,France,Gaming,Series A,448,1277,200,9.99,Yes,No,55
Startup_1526,2004,India,E-commerce,IPO,312,1140,306,20.11,Yes,Yes,57
Startup_1527,2012,Canada,E-commerce,Series B,296,2607,737,36.28,Yes,Yes,52
Startup_1528,2013,Germany,Healthcare,Series A,150,3858,202,39.47,No,No,30
Startup_1529,2006,Japan,Logistics,IPO,486,1152,500,42.43,Yes,Yes,10
Startup_1530,2020,Brazil,Healthcare,Series A,330,3752,695,17.05,No,Yes,28
Startup_1531,2006,India,Tech,Series C,88,2791,291,31.08,Yes,No,71
Startup_1532,2018,France,FoodTech,Series C,278,2277,531,33.95,Yes,Yes,41
Startup_1533,2016,China,Gaming,Series B,299,3338,860,45.33,Yes,Yes,53
Startup_1534,2021,China,FinTech,Series C,278,4002,558,26.74,Yes,No,27
Startup_1535,2009,Australia,FoodTech,Seed,90,1075,428,32.39,No,No,34
Startup_1536,2020,Australia,E-commerce,Seed,265,3210,123,40.03,Yes,Yes,79
Startup_1537,2010,UK,Energy,Series A,441,3660,652,26.55,Yes,No,16
Startup_1538,2015,France,FinTech,Series A,161,644,660,4.42,Yes,Yes,60
Startup_1539,2013,Canada,Gaming,Seed,109,2827,977,7.32,Yes,Yes,86
Startup_1540,2006,Australia,EdTech,Seed,137,4110,124,30.24,No,Yes,47
Startup_1541,2005,India,EdTech,Seed,180,4689,498,46.83,No,Yes,71
Startup_1542,2013,Brazil,EdTech,Series C,466,664,299,34.52,Yes,No,45
Startup_1543,2021,Germany,Energy,IPO,393,1051,701,45.56,Yes,No,80
Startup_1544,2013,Australia,Healthcare,IPO,357,2904,563,34.83,No,No,44
Startup_1545,2000,Australia,Tech,Series C,56,1616,738,42.05,Yes,No,62
Startup_1546,2003,Australia,Gaming,Seed,467,4033,713,31.42,No,No,96
Startup_1547,2022,Australia,FoodTech,Seed,409,1582,364,1.46,No,Yes,56
Startup_1548,2008,UK,FoodTech,Series B,58,772,550,12.03,No,Yes,86
Startup_1549,2019,UK,Tech,Series C,50,27,285,15.27,Yes,Yes,53
Startup_1550,2008,USA,Logistics,Series A,85,2030,665,42.44,No,No,61
Startup_1551,2021,India,Healthcare,Series B,235,2782,79,19.23,Yes,No,66
Startup_1552,2022,China,E-commerce,IPO,489,4031,187,48.56,Yes,No,33
Startup_1553,2022,Germany,E-commerce,Series B,204,3498,60,38.37,Yes,Yes,36
Startup_1554,2018,USA,E-commerce,Series C,391,1054,537,13.9,Yes,Yes,60
Startup_1555,2016,France,Tech,Series B,474,3672,27,37.49,Yes,No,66
Startup_1556,2013,Australia,FinTech,IPO,130,3273,703,28.69,No,No,60
Startup_1557,2014,France,FoodTech,Series B,101,1517,991,29.35,Yes,No,2
Startup_1558,2014,Germany,FinTech,Series C,272,808,876,16.6,No,Yes,78
Startup_1559,2013,Brazil,Healthcare,Seed,80,4962,439,19.53,No,No,43
Startup_1560,2014,USA,Tech,Seed,46,1805,809,17.72,No,No,10
Startup_1561,2007,Japan,FinTech,Seed,209,922,518,13.87,No,Yes,58
Startup_1562,2016,Canada,FoodTech,Series C,466,103,819,6.84,Yes,No,30
Startup_1563,2004,Canada,Energy,Series B,343,3908,910,30.73,Yes,No,38
Startup_1564,2020,Canada,FinTech,Series B,65,2205,475,45.83,No,Yes,66
Startup_1565,2011,Japan,Logistics,Series A,446,325,624,1.98,Yes,Yes,86
Startup_1566,2002,Australia,Tech,Series C,365,4874,63,1.3,Yes,Yes,60
Startup_1567,2006,India,Healthcare,Series A,95,2941,899,31.59,No,No,32
Startup_1568,2017,Canada,FinTech,Series C,295,618,78,33.48,No,Yes,28
Startup_1569,2003,Canada,Energy,Seed,86,3049,798,44.63,No,No,43
Startup_1570,2001,Japan,AI,Series C,396,194,6,14.44,Yes,Yes,36
Startup_1571,2018,Japan,Healthcare,Seed,484,3750,516,37.27,No,No,72
Startup_1572,2014,Canada,Tech,IPO,436,557,815,46.79,Yes,Yes,49
Startup_1573,2006,USA,E-commerce,Seed,179,2310,700,23.31,Yes,Yes,36
Startup_1574,2011,Japan,Tech,Series A,247,4169,607,32.78,No,Yes,22
Startup_1575,2020,China,E-commerce,Seed,424,4771,719,29.74,No,Yes,65
Startup_1576,2020,Germany,EdTech,Seed,135,1666,91,0.27,No,Yes,21
Startup_1577,2016,China,AI,Series C,362,2654,8,21.7,Yes,Yes,59
Startup_1578,2005,Brazil,Logistics,Series C,198,3311,82,10.02,No,Yes,11
Startup_1579,2018,Australia,E-commerce,Seed,403,2009,502,4.74,No,No,65
Startup_1580,2012,UK,EdTech,Series A,310,927,82,3.93,Yes,No,9
Startup_1581,2004,Germany,EdTech,IPO,481,4730,397,33.57,Yes,Yes,19
Startup_1582,2005,China,FinTech,Seed,360,1211,51,40.21,No,No,79
Startup_1583,2019,India,E-commerce,Series C,234,3512,608,26.38,No,Yes,10
Startup_1584,2010,Australia,Energy,Series C,192,4085,335,19.73,No,Yes,26
Startup_1585,2021,Australia,Tech,Seed,21,3819,352,17.55,No,No,33
Startup_1586,2014,Australia,EdTech,Series C,483,3115,648,8.17,No,Yes,21
Startup_1587,2006,France,AI,Series B,311,4269,680,13.41,No,No,6
Startup_1588,2022,Australia,FinTech,Series A,197,2588,664,47.15,No,No,24
Startup_1589,2006,France,Energy,IPO,414,184,171,35.39,Yes,No,95
Startup_1590,2015,Australia,FoodTech,Series C,276,2301,134,5.51,Yes,Yes,54
Startup_1591,2003,Germany,Tech,Seed,18,2194,429,48.61,Yes,No,16
Startup_1592,2021,Canada,Logistics,Series C,12,2791,886,0.72,Yes,Yes,13
Startup_1593,2020,Germany,E-commerce,Series C,280,568,721,24.73,No,Yes,44
Startup_1594,2006,China,EdTech,Series B,19,2626,267,48.05,Yes,Yes,93
Startup_1595,2021,Japan,Healthcare,IPO,344,1379,416,16.07,Yes,No,91
Startup_1596,2017,India,FoodTech,Series B,335,4730,936,45.14,No,No,90
Startup_1597,2016,Canada,AI,Series C,469,4175,759,28.84,No,No,90
Startup_1598,2009,Australia,FoodTech,Series A,480,2520,639,7.07,No,Yes,85
Startup_1599,2012,USA,Healthcare,Seed,149,4595,665,20.13,Yes,Yes,36
Startup_1600,2020,Canada,FinTech,IPO,295,4113,19,12.99,No,Yes,63
Startup_1601,2018,China,Logistics,Series C,102,3456,509,5.97,Yes,Yes,61
Startup_1602,2018,USA,EdTech,IPO,265,2842,804,6.18,No,Yes,90
Startup_1603,2012,Australia,Healthcare,Series B,430,72,154,37.04,No,No,11
Startup_1604,2012,China,EdTech,Seed,196,830,99,28.64,No,Yes,10
Startup_1605,2008,Brazil,FoodTech,Series B,311,854,566,28.1,Yes,No,96
Startup_1606,2002,Canada,Tech,Series A,300,4318,648,17.63,Yes,No,8
Startup_1607,2014,Australia,E-commerce,Seed,182,983,2,33.2,Yes,Yes,7
Startup_1608,2020,Australia,Logistics,Series A,33,2098,515,45.84,No,No,51
Startup_1609,2004,Brazil,E-commerce,Series C,47,4497,758,26.41,Yes,Yes,12
Startup_1610,2016,Canada,EdTech,Series B,373,4171,491,20.41,Yes,No,76
Startup_1611,2011,Japan,AI,Series A,332,2319,844,33.77,Yes,Yes,81
Startup_1612,2015,UK,Gaming,Series B,89,3707,680,19.11,Yes,Yes,40
Startup_1613,2015,Canada,Gaming,Seed,49,3245,777,25.92,Yes,Yes,95
Startup_1614,2012,Germany,Healthcare,IPO,412,3207,585,35.28,Yes,No,3
Startup_1615,2005,China,EdTech,Series A,495,4789,438,17.4,Yes,No,39
Startup_1616,2019,UK,Gaming,Series C,269,2479,675,46.83,No,No,97
Startup_1617,2017,UK,FoodTech,Series A,118,1919,638,26.65,Yes,No,4
Startup_1618,2008,UK,AI,Seed,172,1098,870,4.06,Yes,No,44
Startup_1619,2002,USA,E-commerce,Series A,317,4570,801,30.17,No,No,29
Startup_1620,2004,Brazil,Tech,Series C,295,2084,29,3.46,No,Yes,38
Startup_1621,2011,Japan,AI,Series C,64,4733,62,49.53,Yes,No,85
Startup_1622,2018,Japan,Logistics,IPO,404,89,696,38.26,No,Yes,70
Startup_1623,2001,Canada,Energy,Series C,384,547,994,26.57,No,Yes,59
Startup_1624,2008,UK,Energy,Series C,186,200,536,33.15,No,Yes,32
Startup_1625,2013,Japan,AI,IPO,82,4122,743,20.15,No,Yes,9
Startup_1626,2012,UK,Energy,IPO,480,2242,23,42.69,No,No,51
Startup_1627,2020,France,Gaming,Series A,314,3761,320,8.06,No,No,87
Startup_1628,2018,Japan,FoodTech,Series C,131,3005,80,0.2,No,No,45
Startup_1629,2021,Japan,Logistics,Series C,63,3965,932,31.12,Yes,Yes,45
Startup_1630,2013,France,Healthcare,IPO,257,906,621,18.97,Yes,No,59
Startup_1631,2019,India,Healthcare,IPO,435,3288,1,28.36,No,No,6
Startup_1632,2007,Canada,Logistics,Series C,496,1717,921,15.25,No,Yes,8
Startup_1633,2008,China,FoodTech,Series B,122,4607,841,30.44,No,No,29
Startup_1634,2008,Brazil,EdTech,Seed,161,3916,976,25.95,Yes,No,5
Startup_1635,2004,Canada,E-commerce,Series B,391,2098,302,9.81,Yes,Yes,58
Startup_1636,2019,Brazil,Energy,Series B,442,4939,749,27.91,Yes,No,61
Startup_1637,2000,India,E-commerce,Series C,299,115,55,24.23,No,Yes,97
Startup_1638,2003,China,Healthcare,Series A,54,556,837,42.78,No,No,41
Startup_1639,2011,USA,FinTech,Series B,270,193,247,10.36,No,No,43
Startup_1640,2012,Germany,EdTech,Series C,89,1202,761,24.31,Yes,No,55
Startup_1641,2019,USA,FoodTech,IPO,2,2455,200,3.63,Yes,Yes,26
Startup_1642,2013,India,Tech,Seed,421,1026,172,46.35,Yes,No,37
Startup_1643,2003,UK,Healthcare,Series C,290,476,547,33.33,Yes,No,38
Startup_1644,2014,UK,FinTech,Series A,309,802,812,49.67,No,Yes,64
Startup_1645,2020,Brazil,FoodTech,IPO,400,965,899,0.99,No,No,72
Startup_1646,2007,UK,Healthcare,Series B,35,1693,421,7.54,Yes,Yes,74
Startup_1647,2008,France,Logistics,IPO,135,2267,981,16.67,Yes,No,9
Startup_1648,2004,UK,AI,Series A,444,4267,802,36.37,No,No,50
Startup_1649,2015,India,Tech,Seed,174,612,182,15.01,No,Yes,6
Startup_1650,2001,Japan,Tech,Seed,313,2272,754,17.74,No,Yes,80
Startup_1651,2001,India,Logistics,IPO,146,1348,923,19.54,No,No,56
Startup_1652,2006,Japan,Energy,Series A,9,4315,834,16.48,Yes,No,85
Startup_1653,2014,Germany,Healthcare,Series B,464,60,785,11.41,No,Yes,14
Startup_1654,2015,USA,Gaming,Series B,226,4830,32,6.24,Yes,Yes,42
Startup_1655,2002,Australia,Energy,Seed,31,4550,435,47.51,Yes,No,16
Startup_1656,2003,Brazil,E-commerce,Series B,354,3304,976,2.71,Yes,No,62
Startup_1657,2016,Canada,Tech,IPO,437,103,551,7.76,No,Yes,26
Startup_1658,2006,China,Healthcare,Series B,268,4036,628,19.78,No,No,72
Startup_1659,2010,Canada,Logistics,IPO,170,4784,927,23.01,Yes,No,58
Startup_1660,2013,UK,FoodTech,Seed,413,4908,534,3.59,Yes,Yes,3
Startup_1661,2019,Japan,EdTech,Series B,346,3706,839,48.3,No,Yes,33
Startup_1662,2021,UK,Healthcare,Series B,222,3557,28,31.44,Yes,Yes,18
Startup_1663,2006,Japan,Gaming,IPO,175,4826,65,3.33,Yes,No,35
Startup_1664,2013,France,EdTech,Seed,322,1147,686,35.06,No,No,46
Startup_1665,2007,China,FinTech,Series C,85,2968,727,44.92,No,Yes,2
Startup_1666,2014,France,Gaming,Series C,283,1772,82,31.37,No,Yes,96
Startup_1667,2015,Brazil,Logistics,Series A,414,459,730,13.06,No,Yes,96
Startup_1668,2010,India,E-commerce,Series A,402,3301,469,16.13,No,Yes,87
Startup_1669,2002,China,Logistics,Series A,80,3578,391,36.94,Yes,No,14
Startup_1670,2022,Japan,Tech,Series A,463,2645,139,4.74,Yes,Yes,8
Startup_1671,2016,Brazil,Gaming,Seed,169,1817,578,37.72,No,Yes,32
Startup_1672,2014,USA,FoodTech,Series B,484,1432,119,5.79,Yes,No,57
Startup_1673,2005,USA,Gaming,Series C,362,983,757,17.2,No,Yes,59
Startup_1674,2017,Japan,AI,Series B,89,3248,907,5.77,No,No,57
Startup_1675,2003,China,Tech,Series B,133,2923,797,33.29,Yes,Yes,51
Startup_1676,2007,Australia,Logistics,IPO,185,493,607,34.72,Yes,Yes,49
Startup_1677,2021,India,E-commerce,Seed,264,1555,227,6.24,Yes,No,24
Startup_1678,2019,Germany,EdTech,Series B,429,2059,361,36.93,Yes,No,98
Startup_1679,2009,Brazil,Energy,Series B,252,4725,758,15.46,No,Yes,76
Startup_1680,2022,France,FoodTech,Series C,192,3917,974,3.89,Yes,Yes,67
Startup_1681,2003,India,Gaming,Seed,324,4453,912,40.69,No,Yes,55
Startup_1682,2022,China,EdTech,Series A,411,4651,216,47.48,Yes,Yes,24
Startup_1683,2004,India,EdTech,IPO,282,4629,839,1.94,No,No,88
Startup_1684,2016,India,Healthcare,Series C,362,71,34,16.18,Yes,No,41
Startup_1685,2017,India,AI,IPO,259,3055,193,4.52,No,Yes,18
Startup_1686,2010,Japan,Energy,Seed,421,3526,853,41.55,Yes,No,3
Startup_1687,2019,India,Tech,Series C,481,4001,390,47.72,Yes,No,94
Startup_1688,2013,France,Energy,IPO,447,3966,862,43.84,No,Yes,21
Startup_1689,2013,India,Gaming,Series C,209,126,806,0.46,No,No,77
Startup_1690,2005,USA,FoodTech,Series C,54,3426,908,16.06,Yes,No,82
Startup_1691,2000,USA,Energy,Seed,153,4585,888,19.05,Yes,No,4
Startup_1692,2000,India,AI,Series B,253,4252,933,47.25,No,No,70
Startup_1693,2006,USA,E-commerce,Seed,322,1885,736,29.65,Yes,Yes,35
Startup_1694,2014,USA,E-commerce,IPO,348,110,467,13.25,No,Yes,56
Startup_1695,2004,India,Gaming,Series B,151,1405,242,47.7,No,Yes,47
Startup_1696,2001,Brazil,Logistics,Series B,100,2768,908,38.1,Yes,Yes,44
Startup_1697,2006,Brazil,EdTech,Series A,391,1957,406,10.09,Yes,No,35
Startup_1698,2012,USA,Healthcare,Series A,499,1433,713,48.51,Yes,No,77
Startup_1699,2000,UK,AI,Series B,200,3239,981,42.39,Yes,No,18
Startup_1700,2012,UK,Tech,Series C,181,102,790,5.58,Yes,Yes,93
Startup_1701,2000,USA,Healthcare,IPO,484,2263,900,43.69,No,Yes,85
Startup_1702,2021,France,Energy,IPO,278,1671,734,20.95,No,No,25
Startup_1703,2005,Canada,Gaming,Series B,202,4224,856,47.05,Yes,Yes,47
Startup_1704,2011,Germany,Tech,Series B,485,2097,203,13.14,No,Yes,11
Startup_1705,2002,China,Logistics,IPO,441,4110,19,13.27,Yes,Yes,61
Startup_1706,2004,India,Tech,Series C,332,101,424,23.26,Yes,No,11
Startup_1707,2004,UK,FinTech,Series B,245,123,479,40.16,Yes,No,17
Startup_1708,2021,Brazil,AI,Series A,311,2038,780,18.38,Yes,No,79
Startup_1709,2013,Germany,FoodTech,IPO,271,2105,632,40.41,No,No,31
Startup_1710,2003,Brazil,EdTech,Series B,451,434,502,8.66,No,No,57
Startup_1711,2003,UK,FinTech,IPO,165,3080,726,21.3,No,Yes,92
Startup_1712,2014,Canada,Healthcare,Series B,9,1545,917,47.99,No,Yes,39
Startup_1713,2001,USA,Tech,Series A,138,641,593,28.99,Yes,No,41
Startup_1714,2017,China,E-commerce,Series C,379,2580,621,8.14,Yes,No,74
Startup_1715,2019,UK,Energy,Series B,472,3898,138,9.8,Yes,No,28
Startup_1716,2012,Australia,Energy,Series A,218,2580,801,34.57,Yes,Yes,74
Startup_1717,2004,USA,Logistics,IPO,271,1644,822,42.04,No,No,92
Startup_1718,2012,Japan,Gaming,Series A,187,1815,297,34.18,No,No,62
Startup_1719,2001,Japan,EdTech,Series B,22,3496,676,20.2,Yes,No,56
Startup_1720,2003,UK,Tech,Series B,214,4281,315,42.32,No,No,57
Startup_1721,2010,China,Tech,Series A,15,4194,188,6.99,Yes,No,34
Startup_1722,2014,France,EdTech,Seed,466,444,629,31.69,Yes,Yes,12
Startup_1723,2000,USA,Gaming,Series C,476,216,306,40.3,No,No,89
Startup_1724,2011,France,Tech,Series A,43,1693,289,38.22,Yes,No,16
Startup_1725,2000,China,Energy,Series C,20,2495,516,6.45,No,No,35
Startup_1726,2007,Brazil,FinTech,Series B,228,646,969,28.47,Yes,No,78
Startup_1727,2003,Japan,FoodTech,Seed,96,2117,176,35.96,Yes,No,86
Startup_1728,2009,France,AI,Series C,25,4324,271,43.34,Yes,No,87
Startup_1729,2014,Australia,EdTech,Seed,316,3725,252,27.21,Yes,No,23
Startup_1730,2001,France,Gaming,Series B,424,2130,245,18.77,Yes,Yes,46
Startup_1731,2010,India,E-commerce,Series B,166,2046,804,23.9,No,No,55
Startup_1732,2009,Brazil,FoodTech,Series B,348,2069,925,6.71,No,No,81
Startup_1733,2019,Brazil,Gaming,IPO,177,4834,296,1.95,Yes,No,77
Startup_1734,2018,India,AI,Series C,446,4577,115,10.05,Yes,No,87
Startup_1735,2006,Japan,AI,Series B,212,3317,845,33.33,No,Yes,60
Startup_1736,2011,India,Healthcare,IPO,181,2480,106,14.77,Yes,No,55
Startup_1737,2021,France,E-commerce,IPO,271,450,450,37.24,Yes,No,5
Startup_1738,2020,Germany,E-commerce,Seed,349,4339,289,8.61,Yes,No,6
Startup_1739,2001,Canada,Healthcare,Series B,164,3841,501,7.12,Yes,Yes,68
Startup_1740,2012,USA,FoodTech,Seed,387,4890,505,36.14,No,Yes,6
Startup_1741,2003,Brazil,Logistics,Series B,119,1934,994,0.34,No,No,8
Startup_1742,2013,India,Energy,IPO,419,4907,242,12.97,No,No,18
Startup_1743,2017,Australia,E-commerce,Series A,443,2040,834,32.21,No,No,35
Startup_1744,2015,Brazil,Healthcare,Series C,400,1694,474,16.96,No,Yes,21
Startup_1745,2022,Canada,AI,IPO,120,3620,735,37.06,Yes,No,45
Startup_1746,2012,Australia,FoodTech,IPO,354,3401,723,49.75,No,No,38
Startup_1747,2016,Australia,Healthcare,Seed,67,2896,945,41.72,No,Yes,8
Startup_1748,2010,Brazil,E-commerce,Series A,189,1616,99,33.8,Yes,Yes,20
Startup_1749,2011,USA,EdTech,Series B,457,2330,218,13.21,No,Yes,96
Startup_1750,2019,UK,Logistics,Series B,492,2110,477,20.26,No,No,88
Startup_1751,2005,UK,FinTech,Series A,288,4753,130,46.46,No,No,17
Startup_1752,2016,China,Energy,Series A,321,4145,768,20.38,No,No,5
Startup_1753,2020,France,FinTech,Series C,261,1910,875,28.37,Yes,No,93
Startup_1754,2019,USA,FinTech,Series A,322,660,676,36.1,Yes,Yes,39
Startup_1755,2002,China,Energy,Series B,475,3567,790,26.28,Yes,Yes,58
Startup_1756,2013,USA,AI,Series B,345,1300,228,35.36,Yes,No,71
Startup_1757,2002,UK,Tech,IPO,88,994,308,13.09,No,No,91
Startup_1758,2002,UK,FinTech,IPO,120,321,781,32.21,No,No,14
Startup_1759,2013,China,Logistics,Seed,414,4806,53,43.89,No,Yes,12
Startup_1760,2012,USA,EdTech,Series B,187,4712,528,4.61,Yes,No,51
Startup_1761,2015,Australia,EdTech,Seed,182,4167,854,41.21,No,Yes,72
Startup_1762,2019,UK,FinTech,Series B,162,726,705,20.11,No,Yes,89
Startup_1763,2020,Canada,Logistics,Series C,377,1775,462,39.36,Yes,No,87
Startup_1764,2005,China,FinTech,IPO,389,2805,209,33,No,Yes,20
Startup_1765,2002,Canada,Energy,IPO,396,4760,160,23.1,Yes,Yes,26
Startup_1766,2020,Germany,E-commerce,Seed,460,1324,243,43.04,No,No,52
Startup_1767,2012,UK,Tech,IPO,77,33,444,48.47,Yes,No,90
Startup_1768,2004,Japan,Logistics,Seed,127,3236,412,41,Yes,No,80
Startup_1769,2011,France,AI,IPO,8,3336,283,22.12,Yes,No,80
Startup_1770,2021,France,EdTech,Series A,315,418,814,39.99,Yes,No,42
Startup_1771,2013,Canada,AI,IPO,204,2621,465,40.67,No,Yes,6
Startup_1772,2011,Canada,AI,IPO,310,4831,599,22.7,No,Yes,59
Startup_1773,2008,Australia,Healthcare,Series B,452,4665,881,9.53,Yes,No,59
Startup_1774,2008,Brazil,FinTech,Seed,133,100,155,39.54,No,No,56
Startup_1775,2018,Canada,AI,IPO,461,883,879,20.17,No,Yes,25
Startup_1776,2007,Japan,FinTech,Series B,106,3415,958,20.44,No,Yes,51
Startup_1777,2010,France,Logistics,IPO,488,969,499,36.61,No,Yes,41
Startup_1778,2005,Brazil,Healthcare,Series B,60,3918,248,34.74,No,No,1
Startup_1779,2002,Japan,Logistics,IPO,401,4347,930,48.4,No,No,81
Startup_1780,2005,Canada,FoodTech,IPO,313,2101,240,38.87,Yes,Yes,54
Startup_1781,2000,Brazil,AI,Series B,350,3048,766,1.4,Yes,Yes,4
Startup_1782,2018,China,Logistics,Series A,303,1015,540,11.53,No,Yes,32
Startup_1783,2020,France,AI,Series C,144,931,733,15.38,Yes,Yes,52
Startup_1784,2005,Australia,FinTech,Series A,102,833,103,47.16,No,No,30
Startup_1785,2015,India,FoodTech,Series B,96,298,791,32.36,No,No,48
Startup_1786,2000,Germany,EdTech,Series C,21,1568,92,2.2,No,Yes,16
Startup_1787,2019,Germany,FoodTech,Series C,400,2630,487,46.91,Yes,Yes,8
Startup_1788,2012,France,E-commerce,IPO,18,1852,411,28.22,No,Yes,19
Startup_1789,2003,UK,Tech,Seed,403,3315,108,4.91,No,Yes,33
Startup_1790,2004,UK,Tech,Series C,422,3966,148,42.04,Yes,No,23
Startup_1791,2002,Japan,FinTech,IPO,24,4329,415,20.99,No,Yes,90
Startup_1792,2004,Japan,E-commerce,Series B,204,2426,349,7.86,No,No,34
Startup_1793,2011,Germany,Gaming,Series A,408,1361,41,22.13,No,Yes,63
Startup_1794,2000,USA,Gaming,Series B,408,3457,125,0.76,No,No,33
Startup_1795,2010,Canada,Gaming,IPO,157,3460,153,44.7,No,Yes,14
Startup_1796,2009,China,FinTech,Series A,460,2301,575,15.87,Yes,Yes,96
Startup_1797,2004,Japan,E-commerce,Series A,157,1200,743,12.77,No,No,9
Startup_1798,2009,Germany,EdTech,Series B,206,4404,628,37.26,No,No,38
Startup_1799,2011,Australia,FinTech,IPO,447,173,490,9.35,Yes,No,79
Startup_1800,2013,Canada,E-commerce,Series C,413,3326,744,0.16,Yes,Yes,52
Startup_1801,2021,Brazil,EdTech,Series B,253,1632,717,45.31,No,Yes,70
Startup_1802,2006,France,E-commerce,Series B,424,4578,856,31.14,No,No,7
Startup_1803,2004,USA,FoodTech,Series A,147,4527,821,40.1,Yes,Yes,18
Startup_1804,2016,France,Gaming,Seed,195,3350,32,23.09,Yes,No,27
Startup_1805,2013,China,AI,Seed,223,4860,285,5.89,No,No,90
Startup_1806,2020,Brazil,FinTech,IPO,356,2119,915,46.04,Yes,Yes,89
Startup_1807,2003,India,Tech,Series C,77,320,459,5.53,No,Yes,61
Startup_1808,2002,Japan,Healthcare,Series C,359,1327,304,35.35,No,No,21
Startup_1809,2008,Australia,FinTech,IPO,219,4975,471,19.82,Yes,No,49
Startup_1810,2010,Japan,FoodTech,Series C,148,3606,853,49.21,No,Yes,47
Startup_1811,2009,Brazil,Logistics,Series C,204,4373,7,10.33,No,Yes,47
Startup_1812,2006,UK,Healthcare,Series C,276,4863,775,4.18,Yes,Yes,7
Startup_1813,2012,Brazil,E-commerce,Series B,83,2081,939,40.08,No,Yes,13
Startup_1814,2003,Japan,E-commerce,Series C,270,1362,357,31.83,Yes,Yes,16
Startup_1815,2014,UK,Tech,Series B,27,4003,412,31.29,Yes,No,41
Startup_1816,2015,Australia,AI,IPO,330,4510,966,36.98,Yes,No,94
Startup_1817,2004,India,Tech,IPO,311,449,482,39.63,No,No,93
Startup_1818,2007,Japan,E-commerce,Series A,118,1410,527,43.2,Yes,Yes,98
Startup_1819,2009,France,Energy,Series C,79,2085,827,39.95,No,No,30
Startup_1820,2016,Brazil,FoodTech,Series C,174,326,148,20.65,No,Yes,61
Startup_1821,2004,Brazil,Energy,Series B,404,2354,517,43.24,Yes,No,50
Startup_1822,2004,UK,FinTech,Series B,467,4370,966,28.77,No,Yes,81
Startup_1823,2003,USA,Healthcare,Series A,164,4812,823,33.94,No,No,87
Startup_1824,2001,Germany,EdTech,Series B,37,826,532,47.77,No,No,49
Startup_1825,2010,USA,Gaming,Series A,485,2205,747,27.75,Yes,No,82
Startup_1826,2017,Japan,Gaming,Seed,470,1468,150,39.73,No,Yes,37
Startup_1827,2004,Japan,Energy,Series C,261,278,887,29.42,No,No,72
Startup_1828,2000,Germany,Logistics,Series A,63,1322,681,42.57,Yes,Yes,4
Startup_1829,2009,Brazil,Gaming,Series A,253,2572,358,9.61,No,Yes,52
Startup_1830,2006,China,EdTech,Series C,84,666,879,47.52,No,No,27
Startup_1831,2006,India,FoodTech,Series B,394,4882,65,45.19,Yes,No,62
Startup_1832,2008,Germany,EdTech,Series C,436,1059,592,23.71,No,No,64
Startup_1833,2017,USA,FoodTech,Series A,200,3946,972,46.7,Yes,No,92
Startup_1834,2020,France,EdTech,Seed,487,991,952,4.38,No,No,55
Startup_1835,2008,USA,E-commerce,Series A,267,4126,378,0.58,No,No,56
Startup_1836,2016,China,Healthcare,Series B,324,3842,101,9.16,Yes,No,24
Startup_1837,2007,China,Tech,Seed,242,459,211,9.83,Yes,Yes,16
Startup_1838,2001,China,EdTech,Series B,297,4104,606,45.39,Yes,No,54
Startup_1839,2020,Japan,EdTech,IPO,139,1523,568,39.14,Yes,No,51
Startup_1840,2001,UK,AI,Series A,193,4167,940,18.27,Yes,No,70
Startup_1841,2002,USA,EdTech,Series B,13,4732,248,5.75,Yes,No,32
Startup_1842,2017,USA,Logistics,IPO,162,2927,813,3.14,No,Yes,21
Startup_1843,2012,Japan,EdTech,IPO,412,2688,141,17.94,Yes,Yes,51
Startup_1844,2005,USA,Tech,IPO,10,544,733,1.05,Yes,No,26
Startup_1845,2014,Japan,FinTech,Seed,98,4347,411,18.74,Yes,No,7
Startup_1846,2014,USA,Tech,Series C,178,4290,254,46.73,Yes,Yes,33
Startup_1847,2020,USA,Tech,IPO,463,4834,615,32.42,Yes,Yes,5
Startup_1848,2022,India,Logistics,Seed,342,1682,514,22.34,Yes,Yes,19
Startup_1849,2010,USA,Logistics,Series C,44,4480,886,39.36,No,No,82
Startup_1850,2004,Canada,Logistics,IPO,364,1861,605,38.8,No,No,54
Startup_1851,2008,Canada,AI,Seed,475,3459,778,41.08,No,No,26
Startup_1852,2000,India,FinTech,IPO,121,3723,593,42.84,No,No,37
Startup_1853,2006,Canada,Tech,Seed,1,39,90,40.74,No,No,95
Startup_1854,2004,Germany,Gaming,Series B,147,4696,885,27.44,Yes,No,59
Startup_1855,2001,Germany,E-commerce,Seed,308,395,228,20.7,Yes,No,54
Startup_1856,2011,Canada,E-commerce,Series C,95,1601,53,44.16,No,No,28
Startup_1857,2016,France,Healthcare,Series C,352,1238,505,28.6,Yes,No,11
Startup_1858,2002,Canada,E-commerce,Series B,209,185,809,35.64,Yes,Yes,93
Startup_1859,2010,UK,E-commerce,Series B,290,3324,775,28.28,Yes,Yes,43
Startup_1860,2013,Germany,Healthcare,IPO,12,2616,303,20.48,No,Yes,7
Startup_1861,2001,Germany,Tech,Seed,450,2069,914,27.47,Yes,No,47
Startup_1862,2018,Germany,FinTech,Seed,100,686,322,47.21,No,Yes,82
Startup_1863,2012,Canada,E-commerce,Series C,338,1502,131,26.86,No,Yes,13
Startup_1864,2020,Canada,FoodTech,Series B,403,2940,667,49.25,Yes,No,1
Startup_1865,2006,Canada,Energy,IPO,439,4572,778,24.11,No,No,48
Startup_1866,2021,India,AI,Series A,239,645,605,27.02,Yes,No,69
Startup_1867,2000,India,Energy,Seed,77,12,439,1.84,No,No,84
Startup_1868,2004,Brazil,Energy,Series A,58,1554,256,35.34,No,No,3
Startup_1869,2009,Australia,Gaming,IPO,47,1394,767,1.32,Yes,No,15
Startup_1870,2006,Germany,Healthcare,Seed,31,316,671,39.95,No,No,67
Startup_1871,2021,China,Logistics,IPO,413,3717,500,21.82,No,Yes,65
Startup_1872,2005,China,FoodTech,Series B,203,2858,620,35.15,No,Yes,86
Startup_1873,2015,China,AI,Series C,370,1429,387,47.88,Yes,No,17
Startup_1874,2003,India,Tech,Series B,367,3773,327,15.36,No,Yes,18
Startup_1875,2009,USA,E-commerce,IPO,301,4222,962,22.03,No,Yes,60
Startup_1876,2022,China,Tech,Seed,455,1929,752,34.67,No,Yes,57
Startup_1877,2014,France,FinTech,IPO,358,1522,126,39.72,No,Yes,70
Startup_1878,2010,Japan,E-commerce,Seed,455,2894,498,5.34,Yes,No,2
Startup_1879,2017,India,E-commerce,Series A,187,2894,814,38.32,Yes,Yes,16
Startup_1880,2017,USA,Gaming,IPO,149,1644,885,36.77,Yes,Yes,98
Startup_1881,2013,Germany,FinTech,Seed,470,4051,992,4.77,Yes,No,91
Startup_1882,2017,Australia,Healthcare,Series B,413,856,982,28.74,No,No,18
Startup_1883,2009,Japan,Gaming,Series A,34,615,304,4.51,Yes,Yes,84
Startup_1884,2017,Germany,EdTech,Seed,150,73,589,22.9,Yes,No,37
Startup_1885,2003,UK,E-commerce,Series C,386,1712,968,8,Yes,No,79
Startup_1886,2016,UK,AI,Series C,350,82,751,39.66,Yes,Yes,17
Startup_1887,2006,USA,E-commerce,Seed,56,3739,340,34.69,No,No,41
Startup_1888,2004,UK,FinTech,Seed,347,1150,534,23.16,No,No,41
Startup_1889,2011,France,E-commerce,IPO,475,2069,106,45.44,No,Yes,15
Startup_1890,2021,China,EdTech,IPO,124,760,146,16.49,Yes,No,24
Startup_1891,2008,UK,Healthcare,Series B,160,2348,738,36.26,Yes,Yes,1
Startup_1892,2010,UK,Energy,Series B,347,996,438,23.61,No,No,78
Startup_1893,2004,Germany,FoodTech,IPO,194,3707,442,15.86,No,No,77
Startup_1894,2018,Australia,Energy,Series B,287,4165,79,2.11,Yes,Yes,9
Startup_1895,2015,Brazil,Tech,Series A,409,4840,427,41.53,No,No,40
Startup_1896,2003,India,Logistics,Series C,237,638,328,10.27,Yes,Yes,75
Startup_1897,2007,Japan,AI,Seed,387,2560,23,17.01,Yes,Yes,10
Startup_1898,2006,Canada,E-commerce,Series A,19,1682,555,44.34,No,Yes,93
Startup_1899,2020,Australia,Healthcare,Seed,19,3478,709,30.65,No,No,41
Startup_1900,2014,Japan,FinTech,Series B,32,3536,98,29.73,Yes,Yes,40
Startup_1901,2020,France,Gaming,Series C,221,4226,751,9.26,No,Yes,76
Startup_1902,2019,Australia,Tech,Series A,103,2153,400,9.57,No,Yes,69
Startup_1903,2018,Canada,Energy,Seed,156,4863,813,0.54,Yes,Yes,6
Startup_1904,2012,Brazil,Energy,Seed,338,205,625,19.26,Yes,Yes,72
Startup_1905,2011,Brazil,Tech,Series B,446,4941,899,14.18,Yes,No,42
Startup_1906,2012,Japan,EdTech,Series A,143,4521,424,19.52,No,No,48
Startup_1907,2019,India,Gaming,Series B,377,4862,608,8.53,Yes,Yes,82
Startup_1908,2021,Germany,E-commerce,Series C,458,2268,689,6.83,Yes,Yes,72
Startup_1909,2009,USA,E-commerce,Series A,48,2438,242,25.23,No,Yes,24
Startup_1910,2004,UK,Logistics,Series A,240,152,26,10.56,No,No,84
Startup_1911,2015,Japan,AI,IPO,79,1860,824,27.83,Yes,No,85
Startup_1912,2007,USA,Healthcare,IPO,126,2162,499,14.83,Yes,No,45
Startup_1913,2018,China,Logistics,IPO,167,536,41,36.79,No,Yes,88
Startup_1914,2020,Germany,E-commerce,Series B,492,1675,996,11.29,No,No,62
Startup_1915,2019,China,Gaming,Series B,243,2136,461,14.22,Yes,No,20
Startup_1916,2021,Canada,Healthcare,Series B,242,2147,237,33.69,Yes,Yes,57
Startup_1917,2022,Germany,FoodTech,Series A,469,1232,181,26.89,Yes,No,20
Startup_1918,2012,Germany,Logistics,IPO,355,2177,432,9.59,Yes,No,71
Startup_1919,2022,Australia,FoodTech,IPO,353,4087,681,32.79,No,Yes,97
Startup_1920,2011,Canada,Logistics,Series A,61,2685,272,16.58,Yes,Yes,19
Startup_1921,2015,China,EdTech,Seed,467,2712,437,11.04,No,Yes,77
Startup_1922,2022,UK,Logistics,Seed,74,2754,766,44.11,No,Yes,8
Startup_1923,2020,Canada,Healthcare,IPO,282,3289,66,31.7,No,No,85
Startup_1924,2000,USA,Logistics,Series B,489,3575,982,19.73,Yes,No,93
Startup_1925,2004,UK,Gaming,Series C,190,2383,152,2.21,No,Yes,98
Startup_1926,2019,Germany,Healthcare,Seed,398,315,479,3.95,No,No,45
Startup_1927,2020,Japan,FoodTech,Series A,381,306,153,35.34,Yes,No,85
Startup_1928,2012,Australia,FinTech,Series C,282,3742,952,15.31,Yes,No,83
Startup_1929,2021,India,FinTech,IPO,243,3570,102,33.8,No,No,59
Startup_1930,2013,Canada,Tech,Seed,84,3199,97,44.63,Yes,Yes,30
Startup_1931,2012,Germany,Tech,Series B,309,741,771,27.13,No,No,17
Startup_1932,2001,Germany,EdTech,Series B,107,18,220,11.49,No,Yes,7
Startup_1933,2008,India,EdTech,Seed,190,681,981,48.59,Yes,No,9
Startup_1934,2010,China,FinTech,Series B,155,388,432,12.76,Yes,Yes,75
Startup_1935,2016,UK,Energy,Series B,443,3210,203,13.76,Yes,No,65
Startup_1936,2007,Canada,AI,Series B,381,1148,956,38.69,Yes,Yes,25
Startup_1937,2014,Canada,E-commerce,IPO,113,3350,247,22.6,No,No,41
Startup_1938,2003,Australia,Energy,Series A,174,4873,831,17.75,No,Yes,35
Startup_1939,2019,Germany,EdTech,Series B,111,1267,396,41.89,Yes,No,24
Startup_1940,2019,UK,Tech,Series C,424,3756,69,47.6,No,Yes,63
Startup_1941,2018,Canada,Healthcare,Series B,377,3473,838,37.08,Yes,Yes,11
Startup_1942,2006,UK,Tech,Seed,462,3666,943,12,Yes,No,30
Startup_1943,2012,Germany,AI,Series C,499,3054,204,2.03,No,No,64
Startup_1944,2007,Australia,AI,IPO,336,1422,868,48.1,No,No,49
Startup_1945,2006,Japan,E-commerce,IPO,382,2263,569,33.99,Yes,No,20
Startup_1946,2019,India,Healthcare,Series C,314,1702,108,16.21,Yes,Yes,88
Startup_1947,2009,Japan,FoodTech,Series A,202,3405,370,49.93,Yes,No,34
Startup_1948,2015,France,FoodTech,Series A,335,1375,786,16.11,Yes,No,62
Startup_1949,2011,India,Tech,Seed,75,1793,66,41.55,No,Yes,29
Startup_1950,2003,Japan,E-commerce,Seed,35,2566,675,33.76,No,Yes,73
Startup_1951,2002,China,Healthcare,Series B,392,2639,88,20.55,No,No,15
Startup_1952,2014,Germany,Tech,Series B,402,3689,874,16.69,Yes,Yes,41
Startup_1953,2004,India,EdTech,Series C,425,3621,86,33.05,Yes,No,70
Startup_1954,2009,China,AI,Series B,421,73,999,49.41,Yes,No,20
Startup_1955,2011,Canada,EdTech,IPO,13,248,405,0.61,No,Yes,39
Startup_1956,2012,Australia,Tech,Seed,115,1465,109,19.03,Yes,No,38
Startup_1957,2011,Brazil,EdTech,Seed,486,3582,900,25.85,Yes,No,99
Startup_1958,2021,France,EdTech,Series B,445,2383,859,18.36,No,No,53
Startup_1959,2012,Germany,Logistics,Series C,276,1649,912,28.34,No,No,17
Startup_1960,2008,Japan,E-commerce,Seed,65,1899,81,2.28,Yes,Yes,80
Startup_1961,2013,UK,Tech,Series B,220,617,13,41.25,Yes,No,84
Startup_1962,2011,Canada,E-commerce,Series A,297,3807,847,5.16,Yes,No,60
Startup_1963,2000,Canada,EdTech,Series B,250,1275,914,48.04,Yes,Yes,48
Startup_1964,2001,UK,E-commerce,Series B,24,2777,674,3.97,No,No,40
Startup_1965,2012,Japan,AI,Series C,258,3936,653,45.18,Yes,No,88
Startup_1966,2002,UK,Energy,Seed,344,2019,42,3.68,No,No,39
Startup_1967,2009,India,FoodTech,IPO,393,3559,46,36.9,No,No,16
Startup_1968,2016,Canada,FoodTech,IPO,254,2583,877,10.74,No,No,39
Startup_1969,2018,Australia,Healthcare,Series B,348,228,285,48.57,No,Yes,61
Startup_1970,2000,Japan,AI,Series A,414,2456,216,47.46,Yes,Yes,25
Startup_1971,2007,China,EdTech,Series C,364,2590,487,48.01,No,Yes,19
Startup_1972,2020,France,AI,IPO,211,1286,183,46.15,Yes,No,23
Startup_1973,2014,Canada,Gaming,Series A,404,2669,372,20.14,No,No,63
Startup_1974,2008,Japan,AI,Series C,389,4480,209,20.87,Yes,Yes,55
Startup_1975,2016,China,EdTech,IPO,78,1278,651,26.6,Yes,Yes,58
Startup_1976,2004,Canada,Logistics,Seed,299,2758,571,16.32,Yes,No,14
Startup_1977,2011,USA,AI,IPO,340,354,553,10.57,No,No,62
Startup_1978,2009,France,Healthcare,Series B,113,1477,827,42.68,Yes,No,5
Startup_1979,2013,China,FinTech,Series A,333,602,111,18.76,Yes,No,94
Startup_1980,2014,UK,Gaming,IPO,114,3048,322,10.99,No,Yes,37
Startup_1981,2002,UK,Logistics,IPO,71,580,944,4.94,Yes,No,91
Startup_1982,2018,Australia,Tech,Series A,384,2779,132,10.38,No,No,36
Startup_1983,2000,UK,AI,Series B,111,380,632,49.52,Yes,No,71
Startup_1984,2001,UK,FinTech,Series B,367,832,273,10.37,Yes,Yes,60
Startup_1985,2016,Germany,Logistics,IPO,285,877,105,24.16,No,No,15
Startup_1986,2007,UK,EdTech,Seed,219,2149,864,25.46,No,Yes,8
Startup_1987,2013,Germany,FoodTech,Seed,93,2630,345,42.39,No,Yes,38
Startup_1988,2002,Germany,Gaming,Series B,163,3507,621,27.34,Yes,Yes,67
Startup_1989,2004,Australia,Tech,Series B,15,4883,383,35.61,Yes,Yes,3
Startup_1990,2022,India,AI,Series A,339,242,300,10.05,Yes,Yes,83
Startup_1991,2016,USA,AI,IPO,92,730,449,44.09,No,Yes,3
Startup_1992,2008,India,FoodTech,Series A,288,383,381,25.16,Yes,No,72
Startup_1993,2013,India,EdTech,Series A,225,28,169,2.31,Yes,No,56
Startup_1994,2017,India,Energy,Series C,265,4516,266,27.21,No,No,82
Startup_1995,2001,Canada,Healthcare,Series B,406,838,607,19.87,No,No,12
Startup_1996,2013,Japan,Gaming,Series A,59,2081,261,43.77,Yes,Yes,81
Startup_1997,2017,Australia,E-commerce,Series A,333,2405,694,2.76,Yes,Yes,18
Startup_1998,2011,France,FoodTech,Series C,12,175,740,35.72,No,No,76
Startup_1999,2016,Canada,Logistics,IPO,497,1010,783,24.97,Yes,No,67
Startup_2000,2022,Australia,E-commerce,Series B,297,452,607,21.13,Yes,Yes,45
Startup_2001,2012,USA,Energy,Series C,17,344,740,39.22,Yes,No,84
Startup_2002,2016,Germany,FoodTech,Seed,338,4729,917,10.01,No,No,85
Startup_2003,2002,India,Tech,Series C,37,3947,902,8.05,Yes,No,76
Startup_2004,2011,Brazil,Tech,Seed,347,1231,711,17.3,Yes,No,4
Startup_2005,2006,USA,FinTech,Seed,444,2548,449,25.91,Yes,Yes,13
Startup_2006,2012,Germany,Logistics,Seed,143,4157,730,18.2,No,No,31
Startup_2007,2003,France,Gaming,IPO,181,4854,50,30.54,No,Yes,3
Startup_2008,2019,Canada,Logistics,Seed,398,4356,639,16.16,No,No,38
Startup_2009,2017,France,E-commerce,Series C,182,4531,991,27.82,No,No,17
Startup_2010,2005,USA,Tech,Seed,34,3389,985,7.8,No,No,60
Startup_2011,2012,Australia,FinTech,Series C,330,4973,148,45.96,No,No,89
Startup_2012,2019,UK,EdTech,Series B,353,957,260,9.97,Yes,Yes,45
Startup_2013,2016,India,AI,Series A,428,1041,650,20.63,Yes,Yes,47
Startup_2014,2011,China,Logistics,IPO,169,89,534,38.88,No,Yes,15
Startup_2015,2018,USA,Logistics,Seed,293,138,655,34.2,No,Yes,66
Startup_2016,2016,China,EdTech,Series A,125,4083,600,13.45,Yes,No,26
Startup_2017,2019,Brazil,Tech,IPO,375,3885,364,15,Yes,No,59
Startup_2018,2000,China,Logistics,Seed,228,3605,839,27.47,Yes,No,95
Startup_2019,2010,Germany,Gaming,Seed,309,2404,946,15.02,No,No,44
Startup_2020,2000,China,AI,Series A,204,371,312,12.56,No,No,36
Startup_2021,2018,UK,EdTech,Series C,322,2187,211,42.38,Yes,Yes,64
Startup_2022,2009,UK,Energy,IPO,183,4481,730,22.85,No,No,50
Startup_2023,2016,Brazil,E-commerce,Seed,98,43,238,49.59,No,Yes,99
Startup_2024,2000,Japan,Healthcare,Series C,271,2927,730,6.63,Yes,Yes,48
Startup_2025,2006,Japan,Tech,Series B,455,4945,50,27.34,No,No,43
Startup_2026,2011,Germany,Healthcare,IPO,304,4430,457,24.66,Yes,Yes,16
Startup_2027,2018,USA,Gaming,IPO,9,3806,129,3.58,Yes,Yes,71
Startup_2028,2015,Canada,Gaming,Series C,345,731,452,46.63,No,Yes,87
Startup_2029,2015,Germany,EdTech,Seed,132,1064,996,34.61,Yes,No,92
Startup_2030,2021,Brazil,EdTech,Series C,454,4617,280,40.34,Yes,No,59
Startup_2031,2006,Brazil,Tech,Series C,133,4542,597,37.42,Yes,Yes,70
Startup_2032,2016,France,Tech,Series C,119,2896,584,45.3,Yes,Yes,32
Startup_2033,2000,Canada,EdTech,Series B,435,2890,608,26.23,Yes,No,57
Startup_2034,2005,UK,Healthcare,IPO,260,4346,204,36.65,Yes,No,90
Startup_2035,2019,USA,FinTech,Series A,10,1217,951,29.46,Yes,Yes,91
Startup_2036,2006,USA,FoodTech,IPO,422,3075,152,23.5,Yes,Yes,92
Startup_2037,2021,France,Logistics,IPO,176,1299,452,29.13,No,Yes,6
Startup_2038,2022,China,AI,Series A,19,2453,205,30.54,No,Yes,11
Startup_2039,2008,USA,EdTech,Series B,349,4891,966,33.02,No,Yes,43
Startup_2040,2019,Brazil,FoodTech,Seed,329,480,969,4.93,No,No,39
Startup_2041,2020,USA,Tech,Series C,42,2038,377,0.12,No,No,12
Startup_2042,2001,China,Logistics,IPO,80,4743,367,37.64,No,No,49
Startup_2043,2008,India,AI,Series A,409,4592,1,7.34,Yes,Yes,8
Startup_2044,2014,UK,Logistics,IPO,354,231,153,37.59,Yes,No,80
Startup_2045,2010,China,Energy,Seed,278,2486,716,14.39,No,Yes,71
Startup_2046,2020,Japan,Logistics,Seed,484,4278,351,6.83,No,No,59
Startup_2047,2011,France,AI,IPO,210,2793,49,18.81,No,No,31
Startup_2048,2013,India,Energy,Seed,154,1461,268,40.32,No,No,1
Startup_2049,2000,Japan,Healthcare,Series B,39,1100,271,10.84,Yes,Yes,33
Startup_2050,2016,Germany,EdTech,Seed,92,878,528,40.81,No,Yes,10
Startup_2051,2006,Japan,FinTech,Series B,324,1449,358,2.57,No,No,13
Startup_2052,2011,France,Logistics,Seed,165,2290,222,20.78,Yes,Yes,47
Startup_2053,2022,Japan,EdTech,Seed,259,4832,475,31.24,Yes,Yes,7
Startup_2054,2017,Brazil,Tech,Series C,494,504,436,4.83,Yes,No,33
Startup_2055,2003,UK,Logistics,Series C,312,3857,256,28.11,No,No,52
Startup_2056,2012,Canada,FinTech,IPO,227,4905,620,15.18,No,No,96
Startup_2057,2002,Germany,Energy,Seed,169,637,552,17.51,Yes,Yes,17
Startup_2058,2015,India,E-commerce,Series B,23,3881,107,24.45,No,No,46
Startup_2059,2002,India,AI,Seed,312,565,987,26.42,No,Yes,96
Startup_2060,2019,Australia,Logistics,Series C,120,3225,119,45.79,Yes,No,8
Startup_2061,2020,USA,Healthcare,Series A,444,3705,807,47.88,No,No,28
Startup_2062,2001,India,AI,Seed,296,1798,701,8.24,No,No,3
Startup_2063,2016,UK,E-commerce,Seed,442,2359,518,8.57,No,Yes,83
Startup_2064,2022,Japan,Gaming,Series C,20,236,816,32.65,Yes,Yes,10
Startup_2065,2007,Brazil,Healthcare,IPO,355,4849,584,27.06,Yes,Yes,96
Startup_2066,2012,Germany,FoodTech,Series B,218,1015,569,19.42,No,Yes,88
Startup_2067,2020,Japan,Logistics,Series B,253,245,135,8.1,Yes,Yes,96
Startup_2068,2011,Australia,Healthcare,Seed,469,4847,845,21.48,Yes,Yes,48
Startup_2069,2012,China,FoodTech,IPO,43,2937,85,23.63,Yes,Yes,96
Startup_2070,2014,France,FoodTech,IPO,108,4145,725,25.64,Yes,Yes,80
Startup_2071,2009,Brazil,FoodTech,Series C,114,2416,532,24.32,Yes,No,62
Startup_2072,2010,Germany,Tech,Series A,288,2127,542,25.48,Yes,No,85
Startup_2073,2000,USA,FinTech,Seed,123,3917,67,7.22,Yes,No,41
Startup_2074,2019,France,Logistics,Series B,91,526,150,40.79,No,Yes,67
Startup_2075,2012,USA,Tech,Series C,62,2394,810,7.07,No,No,62
Startup_2076,2020,India,AI,IPO,27,414,39,15.94,No,Yes,85
Startup_2077,2013,Canada,Logistics,Seed,75,1683,542,35.18,Yes,No,91
Startup_2078,2008,India,Healthcare,Series C,386,4719,158,24.95,Yes,Yes,53
Startup_2079,2011,USA,Healthcare,Series B,100,1461,716,19.33,Yes,No,68
Startup_2080,2000,India,Tech,Series B,445,1326,104,33.13,Yes,Yes,76
Startup_2081,2007,Australia,Energy,Series C,179,70,544,26.94,Yes,No,35
Startup_2082,2015,Canada,Gaming,Series C,44,2002,629,26.25,No,No,99
Startup_2083,2002,France,EdTech,Series B,437,730,110,26.55,No,No,32
Startup_2084,2005,Germany,AI,Series C,407,4924,202,41.32,Yes,Yes,65
Startup_2085,2019,France,FinTech,Seed,31,4761,910,4.29,No,No,22
Startup_2086,2022,Germany,E-commerce,Series B,444,4449,857,3.33,No,No,47
Startup_2087,2016,Australia,FinTech,Seed,124,492,171,21.13,Yes,No,36
Startup_2088,2022,Germany,Energy,Series C,310,2280,321,6,Yes,No,17
Startup_2089,2017,USA,Energy,Series C,166,607,916,38.22,No,Yes,66
Startup_2090,2017,USA,Healthcare,IPO,380,857,44,38.54,No,Yes,43
Startup_2091,2009,India,EdTech,Series B,304,2233,391,19.31,Yes,Yes,31
Startup_2092,2011,China,FoodTech,Series B,467,211,664,43.39,No,No,91
Startup_2093,2004,UK,EdTech,Series A,157,129,276,39.53,No,No,38
Startup_2094,2022,Australia,Healthcare,Seed,180,1338,16,17.74,Yes,Yes,97
Startup_2095,2021,India,Healthcare,Series C,349,3113,670,42.37,No,No,76
Startup_2096,2010,Australia,EdTech,Series C,387,1382,30,0.53,Yes,No,6
Startup_2097,2001,Japan,EdTech,Series A,448,2804,422,19.45,Yes,No,58
Startup_2098,2005,Canada,FinTech,Seed,35,3246,836,19.15,No,No,93
Startup_2099,2008,Brazil,Gaming,Series C,27,4986,300,40.93,No,Yes,66
Startup_2100,2014,China,AI,Series A,75,3620,165,36.84,No,No,48
Startup_2101,2004,Brazil,Energy,Series A,191,330,286,4.17,No,Yes,10
Startup_2102,2008,Germany,E-commerce,Seed,76,215,751,0.75,Yes,Yes,35
Startup_2103,2017,France,Logistics,IPO,127,185,64,27.69,Yes,Yes,42
Startup_2104,2007,UK,Gaming,IPO,368,287,983,14.44,Yes,Yes,79
Startup_2105,2006,UK,AI,IPO,102,845,694,2.15,Yes,No,46
Startup_2106,2011,France,FinTech,Seed,251,2488,920,8.26,No,No,25
Startup_2107,2002,UK,FoodTech,Series A,429,83,630,22.65,Yes,Yes,38
Startup_2108,2011,France,Tech,Seed,104,3625,367,47.32,Yes,Yes,94
Startup_2109,2005,Brazil,Healthcare,Seed,396,1314,472,26.07,No,No,15
Startup_2110,2015,UK,EdTech,Series B,337,775,496,33.1,No,No,38
Startup_2111,2008,Germany,AI,Series C,339,4846,181,17.52,Yes,No,27
Startup_2112,2013,France,FoodTech,Series C,322,4814,460,21.16,No,Yes,35
Startup_2113,2002,UK,EdTech,Series A,367,1441,827,7.76,No,Yes,8
Startup_2114,2005,China,FinTech,Series B,403,4906,331,13.87,No,Yes,39
Startup_2115,2017,Germany,Logistics,Series B,447,3631,147,49.28,Yes,No,70
Startup_2116,2008,Germany,Energy,Seed,307,2685,379,15.26,No,Yes,34
Startup_2117,2009,France,E-commerce,IPO,119,2858,289,16.79,No,No,89
Startup_2118,2008,Australia,EdTech,Series C,371,4569,975,1.13,Yes,No,78
Startup_2119,2021,France,FinTech,Series A,100,4518,368,49.35,Yes,Yes,72
Startup_2120,2018,China,Healthcare,Series A,32,3138,100,44.1,Yes,No,63
Startup_2121,2001,India,Energy,Series B,172,4084,350,36.99,Yes,Yes,33
Startup_2122,2022,China,FinTech,Series B,471,4592,496,45.21,No,Yes,17
Startup_2123,2017,Japan,Gaming,Seed,135,746,212,47.32,No,Yes,78
Startup_2124,2019,Canada,Healthcare,Series A,361,3170,483,37.53,No,No,64
Startup_2125,2008,Canada,Energy,Seed,331,64,379,21.62,No,No,70
Startup_2126,2003,India,FinTech,Series A,23,3900,648,10.94,Yes,Yes,21
Startup_2127,2011,Germany,Tech,Seed,476,2793,952,46.3,Yes,No,31
Startup_2128,2012,China,FoodTech,Series B,461,1368,549,9.17,Yes,No,73
Startup_2129,2007,Australia,Healthcare,Series B,398,3683,229,42.22,No,No,47
Startup_2130,2022,Germany,Logistics,Series A,103,95,490,6.2,Yes,No,26
Startup_2131,2007,UK,AI,IPO,473,2221,112,47.41,No,Yes,68
Startup_2132,2002,France,EdTech,Series B,252,2213,286,15.21,Yes,Yes,67
Startup_2133,2003,USA,FinTech,Seed,118,4952,863,49.76,No,No,63
Startup_2134,2022,India,Healthcare,Seed,490,647,515,6.49,No,Yes,16
Startup_2135,2020,India,FoodTech,IPO,426,4812,635,16.54,Yes,Yes,93
Startup_2136,2012,China,Logistics,IPO,200,2506,457,41.97,No,Yes,49
Startup_2137,2018,Australia,FinTech,Seed,470,753,181,46.72,No,Yes,99
Startup_2138,2013,Brazil,E-commerce,Series A,439,1946,957,22.54,Yes,Yes,2
Startup_2139,2006,Canada,FoodTech,Series A,325,1623,776,46.66,Yes,No,13
Startup_2140,2006,Australia,EdTech,Seed,192,2162,529,6.1,Yes,No,14
Startup_2141,2000,USA,FinTech,Series B,8,2483,613,16.86,Yes,Yes,47
Startup_2142,2007,UK,Healthcare,Series C,308,2748,438,48.14,Yes,Yes,31
Startup_2143,2009,USA,Logistics,Series A,400,1395,65,33.15,Yes,Yes,1
Startup_2144,2002,China,Logistics,Series B,412,3053,767,46.02,No,Yes,8
Startup_2145,2011,Brazil,FoodTech,Seed,429,3706,576,20.62,Yes,Yes,16
Startup_2146,2016,Australia,Healthcare,Series B,308,3348,563,28.99,Yes,Yes,14
Startup_2147,2005,Japan,E-commerce,Seed,403,307,880,41.56,Yes,Yes,33
Startup_2148,2001,Canada,Energy,Series B,423,1897,138,38.04,Yes,Yes,20
Startup_2149,2015,Germany,AI,Series B,346,1595,757,5.71,No,Yes,85
Startup_2150,2014,China,Logistics,Series A,330,1765,113,16.79,Yes,Yes,8
Startup_2151,2002,China,AI,Seed,329,2085,854,36.41,Yes,No,41
Startup_2152,2010,France,E-commerce,Series C,436,2713,914,19.79,No,No,94
Startup_2153,2012,Japan,Tech,Series B,211,1490,354,46.41,Yes,Yes,90
Startup_2154,2000,Japan,Gaming,Series C,125,289,538,49.96,Yes,Yes,28
Startup_2155,2021,India,E-commerce,Series B,188,2321,558,7.99,Yes,Yes,33
Startup_2156,2003,China,Logistics,Seed,80,232,711,36.15,No,No,40
Startup_2157,2022,USA,Logistics,Seed,263,2615,432,3.08,No,Yes,2
Startup_2158,2000,Australia,AI,Series A,228,93,673,24.8,No,No,7
Startup_2159,2015,Germany,Healthcare,Seed,201,1483,735,22.37,Yes,No,79
Startup_2160,2006,France,Logistics,IPO,407,4129,733,19.9,Yes,Yes,4
Startup_2161,2017,France,Healthcare,Seed,83,1283,767,27.49,Yes,Yes,76
Startup_2162,2011,Brazil,Energy,Seed,331,4542,283,10.99,No,Yes,89
Startup_2163,2002,USA,FinTech,Series B,109,3871,224,12.51,Yes,No,74
Startup_2164,2003,Australia,Tech,Series A,291,912,927,45.32,Yes,No,68
Startup_2165,2014,India,Gaming,IPO,248,4721,974,27.14,Yes,No,26
Startup_2166,2019,France,FinTech,Series A,369,3967,242,23.66,No,No,39
Startup_2167,2011,Brazil,FoodTech,Series A,466,285,774,12.57,No,Yes,14
Startup_2168,2022,Japan,Energy,Series A,401,4954,756,30.52,No,No,73
Startup_2169,2005,India,Gaming,Seed,455,2598,651,36.81,Yes,No,51
Startup_2170,2021,Canada,Tech,Series A,238,3468,740,4.18,Yes,No,69
Startup_2171,2022,UK,AI,Series C,28,1411,98,15,No,No,15
Startup_2172,2021,UK,Healthcare,Series B,125,2546,360,43.05,Yes,Yes,13
Startup_2173,2006,India,Energy,Series C,232,4814,151,4.28,Yes,No,54
Startup_2174,2012,Canada,Energy,IPO,440,1375,243,32.05,Yes,Yes,7
Startup_2175,2011,Australia,EdTech,Series C,290,3758,914,7.28,No,No,44
Startup_2176,2009,USA,EdTech,Series C,358,3625,243,14.01,No,Yes,44
Startup_2177,2018,Germany,EdTech,Seed,439,3711,994,6.23,Yes,No,41
Startup_2178,2017,Brazil,Logistics,Series A,380,1903,101,10.83,No,No,62
Startup_2179,2016,Australia,Energy,Series C,453,122,698,32.91,No,Yes,37
Startup_2180,2021,Brazil,AI,Seed,368,1283,356,1.89,No,No,40
Startup_2181,2015,France,AI,Series C,314,1764,857,48.31,Yes,Yes,46
Startup_2182,2022,Germany,Logistics,Series C,270,1166,21,45.68,No,No,51
Startup_2183,2006,India,FinTech,IPO,120,851,862,11.93,No,Yes,69
Startup_2184,2008,Germany,Gaming,Series B,223,3178,803,10.79,No,No,2
Startup_2185,2021,Canada,Healthcare,IPO,328,4050,393,32.44,Yes,No,60
Startup_2186,2016,Brazil,Healthcare,IPO,332,1699,486,35.68,Yes,Yes,93
Startup_2187,2005,Japan,Healthcare,Series C,300,600,377,38.85,No,No,35
Startup_2188,2012,USA,AI,Series C,151,1300,988,14.97,No,No,53
Startup_2189,2019,Australia,FinTech,Series B,22,2455,417,16.42,No,No,49
Startup_2190,2020,France,FoodTech,Series C,394,4365,567,28.5,No,No,67
Startup_2191,2020,Germany,Tech,Series C,165,926,123,41.82,Yes,Yes,15
Startup_2192,2004,Brazil,EdTech,Series A,36,3337,193,24.18,Yes,Yes,4
Startup_2193,2004,Canada,FoodTech,Series B,193,1016,94,33.94,No,No,34
Startup_2194,2019,Japan,FoodTech,Seed,289,1461,872,1.12,No,Yes,95
Startup_2195,2013,India,Healthcare,Series A,4,1572,47,4.08,Yes,No,10
Startup_2196,2008,USA,FoodTech,Series B,398,1199,310,15.58,Yes,No,41
Startup_2197,2013,Australia,Gaming,Series A,58,1967,547,23.58,Yes,Yes,80
Startup_2198,2011,Germany,AI,Seed,31,2287,199,7.88,No,No,69
Startup_2199,2018,Japan,Tech,Series A,207,1076,466,44.74,Yes,No,33
Startup_2200,2011,Japan,EdTech,Series C,186,4285,950,42.19,Yes,Yes,98
Startup_2201,2014,China,Healthcare,IPO,216,417,429,24.89,No,No,77
Startup_2202,2020,Australia,FinTech,IPO,300,2986,344,14.49,No,Yes,99
Startup_2203,2004,Canada,FinTech,Seed,188,3110,842,12.05,No,No,18
Startup_2204,2006,Australia,FinTech,Seed,152,4236,863,42.83,Yes,No,78
Startup_2205,2014,Brazil,Gaming,Series C,48,2478,283,31.2,Yes,Yes,88
Startup_2206,2000,India,AI,Series B,218,3914,497,31.54,Yes,No,93
Startup_2207,2020,USA,AI,Seed,366,3967,630,8.27,Yes,No,74
Startup_2208,2009,Brazil,Energy,Series A,80,2337,182,49.24,Yes,No,16
Startup_2209,2017,India,EdTech,IPO,268,2015,594,42.6,No,Yes,49
Startup_2210,2012,India,AI,Series A,54,575,22,27.34,No,Yes,14
Startup_2211,2017,Canada,Healthcare,Series C,219,407,800,16.15,No,Yes,33
Startup_2212,2006,Germany,Logistics,Seed,12,749,893,45.49,No,No,29
Startup_2213,2019,Brazil,Logistics,Series B,449,3768,153,12.94,Yes,Yes,38
Startup_2214,2021,Australia,Healthcare,Seed,395,407,904,44.41,Yes,No,70
Startup_2215,2010,USA,EdTech,Seed,201,2682,823,16.49,Yes,No,73
Startup_2216,2005,Germany,FinTech,IPO,475,857,904,49.56,No,Yes,58
Startup_2217,2001,China,Tech,IPO,283,3447,990,8.47,Yes,No,14
Startup_2218,2007,USA,FoodTech,Series A,122,2207,740,19.67,No,No,52
Startup_2219,2010,France,Logistics,Series B,109,3905,92,16.34,Yes,Yes,47
Startup_2220,2013,Brazil,Gaming,Series A,279,34,349,33.48,No,No,92
Startup_2221,2008,Canada,Healthcare,Seed,139,811,732,32.33,Yes,Yes,78
Startup_2222,2006,India,E-commerce,Series B,40,1570,950,40.98,No,Yes,32
Startup_2223,2002,Brazil,E-commerce,Series B,283,4592,457,32.12,Yes,Yes,35
Startup_2224,2011,Japan,Tech,Series B,231,920,276,9.97,No,No,17
Startup_2225,2019,USA,AI,Series B,124,3969,771,12.85,No,Yes,33
Startup_2226,2009,Germany,E-commerce,IPO,132,2740,589,32.72,Yes,No,4
Startup_2227,2014,USA,Logistics,Series B,356,817,699,19.99,No,Yes,50
Startup_2228,2002,France,AI,IPO,433,3067,284,14.91,No,Yes,10
Startup_2229,2008,Australia,Tech,Series C,474,241,968,31.86,Yes,No,40
Startup_2230,2007,Canada,Tech,Series B,11,1448,43,20.85,No,Yes,94
Startup_2231,2021,Germany,Tech,IPO,416,3044,111,31.75,No,No,4
Startup_2232,2022,Australia,Logistics,Seed,476,2145,273,20.75,Yes,No,28
Startup_2233,2010,China,E-commerce,Series A,127,4693,141,35.09,No,No,75
Startup_2234,2007,Australia,Tech,IPO,17,4520,555,27.31,No,No,35
Startup_2235,2022,France,AI,Series B,59,52,881,22.39,No,No,94
Startup_2236,2018,Brazil,AI,Series C,121,1122,694,17.54,Yes,Yes,95
Startup_2237,2019,Germany,AI,Seed,368,2108,134,33.67,No,No,11
Startup_2238,2001,Japan,AI,Seed,353,2201,153,49.08,No,Yes,42
Startup_2239,2003,France,EdTech,Series C,60,2758,336,4.24,Yes,No,1
Startup_2240,2012,India,Logistics,Series B,260,4918,105,3.09,Yes,Yes,54
Startup_2241,2009,India,FinTech,Seed,245,4532,360,10.21,Yes,No,88
Startup_2242,2017,Brazil,Tech,Seed,404,3667,146,41.51,Yes,No,63
Startup_2243,2012,Germany,AI,Series C,272,3740,901,3.03,Yes,No,20
Startup_2244,2000,Brazil,FoodTech,Series C,464,720,629,0.56,Yes,Yes,26
Startup_2245,2018,China,FinTech,Series C,297,5,714,33.68,Yes,Yes,84
Startup_2246,2004,USA,EdTech,Seed,300,3282,521,26.81,No,No,19
Startup_2247,2016,UK,EdTech,Seed,273,1504,270,44.19,No,No,14
Startup_2248,2010,Japan,EdTech,Series A,455,2560,908,17.04,Yes,No,86
Startup_2249,2012,Germany,EdTech,Series B,423,3112,526,29.7,Yes,No,62
Startup_2250,2017,UK,Healthcare,Series B,276,632,469,36.69,Yes,Yes,58
Startup_2251,2008,Brazil,Healthcare,Seed,28,3046,965,6.61,No,Yes,50
Startup_2252,2007,Australia,Healthcare,IPO,401,2967,838,5.12,Yes,Yes,67
Startup_2253,2017,Japan,E-commerce,Series A,104,2068,201,3.13,Yes,No,23
Startup_2254,2021,Brazil,Healthcare,Seed,143,2590,148,36.73,Yes,No,93
Startup_2255,2003,Canada,Energy,Series C,301,4930,768,36.37,No,Yes,6
Startup_2256,2002,Germany,Healthcare,Seed,290,4810,125,0.28,Yes,Yes,43
Startup_2257,2003,Australia,E-commerce,IPO,452,1188,182,2.85,No,Yes,16
Startup_2258,2004,USA,FinTech,Series C,384,3161,533,11.87,Yes,No,28
Startup_2259,2003,Japan,E-commerce,Series B,103,1085,61,10.79,No,Yes,84
Startup_2260,2009,India,Gaming,Seed,65,3816,214,32.88,Yes,No,44
Startup_2261,2007,UK,EdTech,Series B,11,2298,718,24.18,No,No,41
Startup_2262,2008,Germany,FinTech,Series A,139,2604,270,10.63,No,No,84
Startup_2263,2015,Germany,FoodTech,Series C,369,1321,721,46.19,No,No,41
Startup_2264,2014,China,AI,Series B,220,1074,984,29.1,No,No,22
Startup_2265,2021,Brazil,E-commerce,Series C,102,3980,838,14.28,No,No,57
Startup_2266,2000,China,E-commerce,Seed,158,4890,26,26.45,Yes,Yes,23
Startup_2267,2002,India,Gaming,Series A,425,2893,337,38.06,No,No,4
Startup_2268,2021,France,Gaming,Series B,240,2123,963,41.96,No,Yes,12
Startup_2269,2017,Canada,Healthcare,Series A,395,2900,927,30.4,Yes,No,73
Startup_2270,2003,China,Energy,Series B,489,2288,990,13.65,No,No,22
Startup_2271,2017,India,Healthcare,Series A,111,3153,581,0.13,Yes,Yes,34
Startup_2272,2001,Brazil,FoodTech,Seed,68,3009,549,36.93,No,No,94
Startup_2273,2019,India,Energy,Series C,177,3509,196,2.85,Yes,Yes,77
Startup_2274,2022,Japan,Logistics,IPO,415,4686,580,0.21,Yes,Yes,64
Startup_2275,2012,France,E-commerce,IPO,169,1557,489,9.28,Yes,Yes,34
Startup_2276,2022,USA,Logistics,Series C,187,4409,841,25.13,No,Yes,38
Startup_2277,2017,Japan,EdTech,Series C,355,4665,134,45.19,Yes,No,22
Startup_2278,2008,Brazil,FoodTech,Seed,407,3775,180,11.83,No,No,81
Startup_2279,2020,China,FinTech,Series C,92,4606,74,42.73,Yes,Yes,78
Startup_2280,2002,Japan,EdTech,Seed,96,4433,383,43.48,Yes,Yes,44
Startup_2281,2017,India,FinTech,Seed,123,1831,89,5.36,Yes,Yes,35
Startup_2282,2001,Australia,Energy,Series B,336,4579,584,24.91,No,No,38
Startup_2283,2018,India,Energy,IPO,396,3548,461,8.62,Yes,No,98
Startup_2284,2017,Australia,EdTech,Series A,39,106,115,38.64,No,Yes,76
Startup_2285,2022,UK,Logistics,Series B,51,1639,87,49.36,Yes,No,52
Startup_2286,2011,Australia,Healthcare,Seed,369,2334,210,20.46,No,Yes,38
Startup_2287,2009,India,Logistics,Series C,267,1291,854,32.63,No,Yes,46
Startup_2288,2016,UK,Gaming,Series A,24,347,420,26.05,Yes,Yes,73
Startup_2289,2012,UK,FoodTech,IPO,163,2806,916,15.05,Yes,Yes,79
Startup_2290,2016,Germany,Energy,Series C,429,1723,510,21.6,No,No,58
Startup_2291,2004,France,EdTech,IPO,196,386,724,36.44,Yes,No,10
Startup_2292,2004,China,EdTech,Seed,346,2225,481,6.52,No,Yes,18
Startup_2293,2022,India,FoodTech,Seed,432,3605,379,46.19,No,Yes,32
Startup_2294,2000,France,AI,IPO,192,1438,301,37.71,No,No,53
Startup_2295,2017,UK,FinTech,Series A,451,4225,94,1.27,Yes,Yes,51
Startup_2296,2018,Canada,Logistics,Series B,21,1289,26,21.9,Yes,Yes,89
Startup_2297,2000,USA,AI,Series A,344,1895,593,49.75,Yes,No,77
Startup_2298,2021,USA,E-commerce,Series B,219,3040,778,33.89,Yes,No,34
Startup_2299,2010,China,FinTech,Series B,421,281,67,40.44,Yes,Yes,10
Startup_2300,2012,UK,FoodTech,Series C,262,2927,898,6.02,No,Yes,58
Startup_2301,2019,Australia,Gaming,Series C,171,1562,819,5.95,Yes,Yes,49
Startup_2302,2019,Brazil,EdTech,Series B,362,1346,703,36.65,Yes,No,85
Startup_2303,2009,Japan,FinTech,Series C,28,1257,599,36.85,Yes,No,75
Startup_2304,2022,France,Tech,Series C,77,3753,837,49.59,No,No,91
Startup_2305,2010,Japan,FoodTech,IPO,401,1461,393,37.39,Yes,Yes,84
Startup_2306,2019,Japan,Gaming,Series B,93,3487,194,47.39,Yes,Yes,44
Startup_2307,2012,UK,E-commerce,Series B,429,2758,126,17.78,Yes,No,45
Startup_2308,2008,Australia,Tech,Series B,313,1451,285,0.35,No,No,23
Startup_2309,2003,Brazil,EdTech,Seed,109,1119,161,12.68,Yes,Yes,53
Startup_2310,2007,France,FinTech,Seed,495,1375,171,35.26,Yes,No,32
Startup_2311,2000,Japan,FinTech,Series A,24,3795,639,30.55,Yes,Yes,55
Startup_2312,2021,UK,Logistics,Series C,389,3576,561,43.06,No,No,22
Startup_2313,2018,Brazil,Healthcare,IPO,70,396,900,0.71,No,Yes,93
Startup_2314,2003,Canada,E-commerce,Series B,409,2131,447,21.75,Yes,No,16
Startup_2315,2016,Brazil,Logistics,Series B,442,4441,692,6.51,No,Yes,5
Startup_2316,2005,Canada,Logistics,IPO,444,1543,216,5.72,No,No,54
Startup_2317,2002,USA,Healthcare,IPO,454,4322,630,18.83,Yes,Yes,62
Startup_2318,2022,UK,E-commerce,IPO,230,1116,903,19.98,Yes,No,9
Startup_2319,2017,Japan,FoodTech,Seed,218,3892,99,25.52,No,Yes,58
Startup_2320,2004,Japan,Gaming,IPO,48,2078,287,28.07,No,No,99
Startup_2321,2004,Australia,EdTech,Series C,322,3081,605,28.73,No,No,70
Startup_2322,2011,UK,FinTech,Series A,303,4665,644,21.8,No,No,85
Startup_2323,2018,China,Healthcare,Series C,435,3777,497,22.73,Yes,No,92
Startup_2324,2013,India,EdTech,Series B,223,540,155,27.6,Yes,Yes,86
Startup_2325,2001,France,AI,Series A,453,2622,938,33.96,Yes,Yes,58
Startup_2326,2005,Canada,FinTech,Series B,455,3502,946,14.93,No,Yes,65
Startup_2327,2015,China,Gaming,Series B,257,398,901,1.1,Yes,Yes,85
Startup_2328,2017,USA,FinTech,Series B,408,4477,605,19.86,No,No,23
Startup_2329,2012,Brazil,Logistics,Series A,191,3191,998,23.97,No,No,43
Startup_2330,2012,China,Tech,Seed,393,618,115,11.02,Yes,No,32
Startup_2331,2007,India,FoodTech,Series B,238,818,52,25.47,No,Yes,36
Startup_2332,2001,Brazil,Healthcare,Series B,429,3762,543,16.1,No,Yes,64
Startup_2333,2005,Australia,Tech,IPO,245,1162,211,41.62,No,Yes,32
Startup_2334,2013,Australia,AI,IPO,399,4130,219,19.74,No,Yes,74
Startup_2335,2000,UK,AI,Series C,442,2783,317,0.72,No,No,60
Startup_2336,2017,Germany,Tech,Series A,160,1107,837,40.51,No,Yes,60
Startup_2337,2005,Japan,AI,Series A,238,1567,423,5.82,Yes,Yes,47
Startup_2338,2021,USA,Tech,IPO,85,3811,421,28.27,No,Yes,86
Startup_2339,2015,China,FinTech,Series A,318,1594,383,42.34,Yes,Yes,76
Startup_2340,2018,Germany,EdTech,Series C,2,3822,980,25.24,Yes,Yes,72
Startup_2341,2007,UK,Healthcare,Series B,371,3976,382,6.22,Yes,Yes,98
Startup_2342,2003,Germany,Tech,Series A,449,3707,672,27.21,No,Yes,78
Startup_2343,2013,Australia,FoodTech,Series C,323,2794,700,0.63,Yes,No,11
Startup_2344,2010,China,Gaming,IPO,450,4636,551,26.41,Yes,No,7
Startup_2345,2018,Brazil,E-commerce,IPO,485,3060,738,3.99,No,Yes,99
Startup_2346,2013,Canada,Tech,Series B,407,3117,241,16.98,Yes,Yes,61
Startup_2347,2016,Australia,Gaming,IPO,330,1979,163,4.75,Yes,No,98
Startup_2348,2002,Australia,EdTech,IPO,309,4373,260,31.58,Yes,No,74
Startup_2349,2022,China,Energy,IPO,376,4559,265,21.38,No,Yes,30
Startup_2350,2018,USA,Healthcare,IPO,254,2818,495,35.06,Yes,Yes,54
Startup_2351,2001,Canada,EdTech,IPO,319,4192,430,14.86,No,No,76
Startup_2352,2021,Australia,FoodTech,Series C,465,3806,73,46.69,No,No,73
Startup_2353,2019,China,E-commerce,Seed,464,665,925,28.12,No,Yes,86
Startup_2354,2020,China,Energy,IPO,1,333,632,46.31,Yes,Yes,61
Startup_2355,2013,China,Tech,Series B,330,4961,635,34.35,No,No,59
Startup_2356,2002,Germany,Energy,Seed,384,599,397,36.88,Yes,No,64
Startup_2357,2018,France,Energy,IPO,452,1663,992,23.97,No,Yes,22
Startup_2358,2002,USA,Healthcare,Series A,432,4032,148,44.33,Yes,Yes,4
Startup_2359,2016,Canada,FinTech,IPO,201,2036,815,23.54,Yes,No,44
Startup_2360,2005,Australia,Logistics,Series C,103,1706,404,9.31,No,No,58
Startup_2361,2016,Japan,Energy,Seed,53,1953,566,0.97,No,Yes,20
Startup_2362,2000,Brazil,Healthcare,Series C,152,238,982,8.7,No,No,2
Startup_2363,2017,France,Gaming,Series A,18,583,182,35.43,Yes,No,2
Startup_2364,2005,India,E-commerce,Series A,283,3763,22,1.79,No,No,97
Startup_2365,2021,Germany,FinTech,Seed,52,2969,438,17.47,Yes,Yes,8
Startup_2366,2018,China,AI,Seed,1,4502,187,3.89,No,No,52
Startup_2367,2000,India,Energy,Series B,377,4440,334,5.83,No,Yes,19
Startup_2368,2019,Germany,EdTech,Series B,416,2996,297,4.15,Yes,No,65
Startup_2369,2008,Australia,Gaming,Seed,65,4609,903,48.3,No,Yes,76
Startup_2370,2014,USA,EdTech,Series C,336,4343,524,17.23,No,Yes,36
Startup_2371,2011,Brazil,AI,Series C,307,3616,14,43.67,Yes,No,2
Startup_2372,2008,UK,Logistics,Series A,319,86,223,13.91,Yes,No,87
Startup_2373,2014,USA,Tech,Series A,206,4413,522,11.81,No,No,25
Startup_2374,2005,Japan,AI,IPO,126,2541,256,34.78,Yes,No,69
Startup_2375,2019,Brazil,Healthcare,Series B,76,4102,5,35.65,No,Yes,26
Startup_2376,2021,Canada,Gaming,Seed,443,4889,557,9.17,Yes,No,95
Startup_2377,2015,Brazil,E-commerce,Seed,36,1225,251,29.62,Yes,No,67
Startup_2378,2021,Brazil,Logistics,Seed,208,200,408,21.62,No,No,76
Startup_2379,2019,Brazil,EdTech,Series A,183,2253,266,13.03,Yes,No,43
Startup_2380,2012,Japan,EdTech,Series A,238,2127,444,34.85,No,Yes,22
Startup_2381,2022,Brazil,Logistics,IPO,335,2333,356,0.68,No,No,15
Startup_2382,2016,Canada,EdTech,IPO,67,3702,86,40.48,Yes,No,52
Startup_2383,2002,Japan,FinTech,Series B,348,448,634,18.51,Yes,No,43
Startup_2384,2002,China,Gaming,Series A,104,3353,226,11.95,No,No,65
Startup_2385,2011,Australia,Logistics,Series B,488,492,679,33.52,Yes,No,95
Startup_2386,2012,India,E-commerce,Seed,392,3829,178,3.77,No,No,82
Startup_2387,2001,France,Tech,IPO,362,2871,766,32.31,Yes,No,1
Startup_2388,2007,Canada,AI,Series A,134,3065,619,33.07,No,Yes,71
Startup_2389,2010,India,Healthcare,Seed,392,4235,359,36.21,Yes,No,87
Startup_2390,2010,China,Gaming,Seed,284,4825,74,27.5,No,Yes,75
Startup_2391,2004,USA,EdTech,Series C,115,2809,877,41.49,No,No,4
Startup_2392,2004,USA,Gaming,Seed,117,1374,449,15.65,No,Yes,62
Startup_2393,2007,Japan,Logistics,Series A,415,2606,808,38.64,Yes,Yes,66
Startup_2394,2014,Brazil,FoodTech,Seed,298,2733,986,11.97,No,Yes,81
Startup_2395,2017,France,Healthcare,Series C,424,3110,187,44.2,No,Yes,96
Startup_2396,2021,Canada,Gaming,IPO,38,799,993,20.38,Yes,No,19
Startup_2397,2011,Brazil,E-commerce,Series A,446,1997,231,4.43,No,No,74
Startup_2398,2018,France,Gaming,Series A,463,1742,704,14.55,Yes,No,37
Startup_2399,2002,Japan,Healthcare,Series B,280,3129,704,8.59,No,Yes,31
Startup_2400,2008,Canada,Tech,Seed,221,2502,130,21.45,Yes,No,40
Startup_2401,2009,UK,Tech,Series C,437,586,224,28.38,No,No,16
Startup_2402,2009,Brazil,FinTech,Series C,281,2737,655,39.32,No,No,35
Startup_2403,2014,Canada,Healthcare,Series C,203,2409,557,18.29,Yes,No,77
Startup_2404,2013,France,AI,IPO,18,3064,127,5.78,Yes,Yes,24
Startup_2405,2002,Brazil,E-commerce,Series A,383,1321,279,46.82,No,No,90
Startup_2406,2006,China,FoodTech,Seed,99,1551,772,20.85,Yes,Yes,75
Startup_2407,2016,USA,EdTech,Series B,454,4271,865,23.66,No,No,11
Startup_2408,2016,Brazil,Gaming,Series A,180,1740,101,40.14,Yes,Yes,9
Startup_2409,2020,Canada,Healthcare,Seed,257,3876,279,28.66,Yes,No,54
Startup_2410,2011,USA,E-commerce,Series B,474,197,387,44.75,Yes,Yes,10
Startup_2411,2020,Canada,Logistics,Series B,439,4027,823,2.96,No,Yes,84
Startup_2412,2007,Japan,FoodTech,IPO,313,1915,758,12.82,Yes,Yes,87
Startup_2413,2004,USA,Energy,Series C,126,1189,462,44.16,No,Yes,41
Startup_2414,2001,USA,Healthcare,IPO,176,4538,989,31.63,No,No,23
Startup_2415,2014,China,Energy,Series B,467,1748,47,39.84,No,Yes,10
Startup_2416,2010,Germany,Logistics,IPO,431,466,828,4.78,No,Yes,85
Startup_2417,2012,China,FinTech,Series B,459,717,808,33.85,No,No,98
Startup_2418,2001,Germany,FoodTech,IPO,269,4913,372,26.46,Yes,No,60
Startup_2419,2013,Canada,AI,Seed,407,2734,141,20.1,Yes,Yes,51
Startup_2420,2011,Australia,Gaming,Series C,316,965,468,44.98,No,No,62
Startup_2421,2021,Japan,EdTech,Series B,387,3267,71,32.77,Yes,Yes,45
Startup_2422,2021,France,AI,Seed,340,745,87,29.5,No,Yes,13
Startup_2423,2002,Australia,Logistics,Series A,365,1204,873,8.16,Yes,No,96
Startup_2424,2018,China,EdTech,Series C,470,2668,901,33.8,Yes,Yes,86
Startup_2425,2012,India,Tech,Seed,272,3947,491,27.57,Yes,Yes,20
Startup_2426,2002,USA,Energy,Seed,45,1631,327,22.7,No,Yes,95
Startup_2427,2013,Canada,Tech,Series C,463,1376,441,30.56,Yes,Yes,12
Startup_2428,2021,UK,AI,Seed,9,3821,476,44.81,Yes,Yes,63
Startup_2429,2008,Germany,E-commerce,Series C,131,1916,909,40.53,No,Yes,50
Startup_2430,2008,India,EdTech,Series A,172,2189,550,24.27,No,Yes,22
Startup_2431,2020,China,Gaming,Seed,185,4997,271,32.69,Yes,No,91
Startup_2432,2007,India,Tech,Series A,124,946,267,11.69,Yes,Yes,66
Startup_2433,2009,USA,Tech,IPO,340,2196,223,22.49,Yes,Yes,17
Startup_2434,2021,Canada,E-commerce,Series B,404,869,821,29.13,No,Yes,54
Startup_2435,2001,Germany,EdTech,Series C,175,1026,708,26.38,No,Yes,74
Startup_2436,2012,China,E-commerce,Seed,365,2156,737,42.6,Yes,Yes,32
Startup_2437,2017,USA,Gaming,Series A,294,1102,360,15.69,Yes,No,55
Startup_2438,2007,Germany,Logistics,Series C,463,1278,207,6.18,Yes,No,25
Startup_2439,2016,Japan,Energy,Series B,221,3664,461,29.23,Yes,Yes,19
Startup_2440,2020,USA,EdTech,Series B,226,4383,781,23.61,No,Yes,99
Startup_2441,2017,UK,Tech,IPO,333,4635,221,24.28,Yes,No,86
Startup_2442,2008,Australia,Energy,Seed,335,579,718,3.05,Yes,Yes,1
Startup_2443,2002,Germany,FoodTech,IPO,154,4750,881,19.21,No,Yes,94
Startup_2444,2020,Japan,AI,Series A,407,3690,210,13.2,No,Yes,18
Startup_2445,2020,Germany,Logistics,Seed,420,2766,722,5.77,Yes,No,46
Startup_2446,2018,Australia,FoodTech,Series A,112,2565,510,48.37,Yes,Yes,71
Startup_2447,2001,Canada,Tech,Series B,33,1435,400,10.87,Yes,No,9
Startup_2448,2012,Japan,EdTech,Series A,278,4538,187,19.8,Yes,No,36
Startup_2449,2003,Australia,Logistics,IPO,264,1314,546,3.44,No,Yes,60
Startup_2450,2020,Brazil,Energy,IPO,463,514,847,2.57,No,Yes,3
Startup_2451,2012,Japan,E-commerce,Series A,151,2169,838,35.86,No,Yes,67
Startup_2452,2006,India,FinTech,Series A,112,3098,23,24.83,Yes,No,27
Startup_2453,2022,UK,Energy,Series C,147,2004,294,30.48,No,Yes,21
Startup_2454,2009,France,AI,Series B,70,238,176,18.01,Yes,Yes,10
Startup_2455,2009,USA,Energy,Series B,76,3135,151,46.92,Yes,Yes,78
Startup_2456,2008,USA,Healthcare,IPO,319,1478,63,4.76,No,No,87
Startup_2457,2002,UK,EdTech,Series C,279,4023,123,6.57,No,Yes,1
Startup_2458,2017,Brazil,Healthcare,IPO,234,731,381,0.76,No,No,17
Startup_2459,2003,Japan,Tech,Series B,495,4172,32,10.91,No,Yes,3
Startup_2460,2018,Japan,Healthcare,IPO,403,4672,47,43.73,No,No,21
Startup_2461,2005,Japan,Tech,Series A,129,2483,722,11.48,Yes,No,83
Startup_2462,2007,UK,AI,IPO,102,2101,392,48.57,No,Yes,22
Startup_2463,2018,France,Logistics,Seed,205,4612,300,44.14,Yes,Yes,37
Startup_2464,2011,Canada,EdTech,Series B,140,3649,997,15.94,Yes,No,40
Startup_2465,2013,Germany,Logistics,Series C,258,4827,645,42.47,Yes,No,24
Startup_2466,2010,Japan,FoodTech,Series C,167,3973,917,46.42,No,No,2
Startup_2467,2016,Brazil,EdTech,Series C,139,3639,830,48.45,No,Yes,60
Startup_2468,2017,UK,Gaming,Seed,380,876,552,31.59,Yes,Yes,63
Startup_2469,2012,UK,FinTech,Series B,157,748,901,13.79,Yes,No,33
Startup_2470,2017,Australia,Healthcare,Series C,437,3634,589,22.23,Yes,Yes,66
Startup_2471,2006,UK,FinTech,Series B,159,1727,160,14.49,Yes,No,67
Startup_2472,2015,USA,FinTech,Seed,199,393,473,5.85,Yes,Yes,19
Startup_2473,2006,UK,AI,Seed,419,4770,36,3.07,Yes,Yes,53
Startup_2474,2014,Germany,FinTech,Series B,77,2658,444,46.09,No,No,53
Startup_2475,2011,Japan,Gaming,Series B,342,3854,538,24.26,No,Yes,94
Startup_2476,2004,Canada,FoodTech,Series A,421,3602,447,22.24,No,Yes,60
Startup_2477,2013,UK,Logistics,Series C,259,310,315,20.36,Yes,Yes,26
Startup_2478,2011,Germany,Gaming,IPO,451,4880,777,35.67,Yes,Yes,31
Startup_2479,2006,USA,FinTech,Series B,491,4915,784,23.69,Yes,Yes,10
Startup_2480,2004,Canada,FinTech,Series B,444,2678,694,0.19,Yes,No,89
Startup_2481,2002,Germany,EdTech,Seed,138,4932,316,24.32,Yes,Yes,28
Startup_2482,2008,France,Healthcare,Series A,61,1419,226,26.52,Yes,No,31
Startup_2483,2016,Australia,Tech,Series C,334,3159,743,10.39,No,No,91
Startup_2484,2013,France,Energy,IPO,159,3652,424,46.44,Yes,No,57
Startup_2485,2006,Australia,FoodTech,Series B,465,704,209,40.03,No,No,82
Startup_2486,2005,Canada,FinTech,IPO,273,1915,738,35.32,Yes,No,68
Startup_2487,2013,France,EdTech,Series B,258,488,659,19.52,Yes,Yes,26
Startup_2488,2009,Brazil,Tech,Series A,344,369,841,45.04,Yes,Yes,96
Startup_2489,2017,China,Tech,Seed,56,1164,798,39.2,No,Yes,29
Startup_2490,2001,Canada,Gaming,Series C,342,20,112,34.63,No,No,74
Startup_2491,2014,Brazil,EdTech,Series A,328,4418,126,18.06,No,No,79
Startup_2492,2021,Brazil,EdTech,Seed,450,177,686,12.5,Yes,Yes,59
Startup_2493,2018,Japan,Logistics,Series B,183,3848,79,44.21,Yes,No,95
Startup_2494,2007,France,EdTech,Series A,255,4556,831,48.54,Yes,Yes,22
Startup_2495,2008,France,FoodTech,Series A,237,2826,911,26.65,No,No,64
Startup_2496,2007,Australia,Logistics,IPO,410,465,567,22.05,Yes,Yes,43
Startup_2497,2000,China,Logistics,IPO,460,4786,26,46.46,No,No,27
Startup_2498,2015,Germany,Tech,IPO,46,4655,855,28.82,No,Yes,39
Startup_2499,2001,Australia,E-commerce,IPO,207,1314,812,1.52,Yes,No,13
Startup_2500,2003,Australia,Logistics,Series A,410,1605,962,36.91,Yes,No,65
Startup_2501,2001,UK,Healthcare,Series C,47,407,196,47.95,Yes,No,37
Startup_2502,2012,Brazil,Healthcare,Seed,70,1024,96,24.82,No,No,47
Startup_2503,2020,France,FoodTech,Seed,167,2401,673,46.74,Yes,No,13
Startup_2504,2011,India,Tech,IPO,390,600,630,47.94,Yes,No,86
Startup_2505,2006,Japan,EdTech,Seed,157,3732,730,46.61,No,No,65
Startup_2506,2012,UK,E-commerce,Series B,246,3014,336,29.1,No,No,53
Startup_2507,2002,Japan,FoodTech,Series C,34,707,241,1.9,Yes,No,25
Startup_2508,2008,Germany,Energy,IPO,91,3483,243,40.69,No,Yes,62
Startup_2509,2016,Australia,AI,Series C,54,4920,153,42.14,Yes,No,92
Startup_2510,2011,Canada,E-commerce,Series A,467,3313,553,2.62,No,Yes,32
Startup_2511,2012,France,Gaming,Series B,189,2768,189,39.98,Yes,Yes,44
Startup_2512,2005,Japan,Energy,Series A,499,1716,424,41.78,No,No,13
Startup_2513,2009,Australia,FoodTech,Series A,494,1644,959,35.7,Yes,No,1
Startup_2514,2005,China,E-commerce,Series A,421,906,514,46.4,No,Yes,97
Startup_2515,2020,Canada,Energy,Series C,264,2196,99,12.73,Yes,No,72
Startup_2516,2010,USA,EdTech,Series B,454,3551,717,46.72,Yes,No,50
Startup_2517,2005,France,Healthcare,Series A,237,3581,606,25.96,No,Yes,86
Startup_2518,2011,Brazil,E-commerce,Series B,205,366,716,15.43,Yes,Yes,4
Startup_2519,2004,France,E-commerce,Series C,33,848,338,44.46,No,Yes,22
Startup_2520,2016,Canada,FinTech,IPO,457,1179,806,25.4,No,No,84
Startup_2521,2018,Canada,EdTech,IPO,111,3855,123,43.7,Yes,Yes,62
Startup_2522,2021,France,FoodTech,IPO,318,2059,216,33.18,Yes,No,44
Startup_2523,2016,France,Gaming,Series A,159,2413,193,7.03,No,No,19
Startup_2524,2009,USA,Gaming,Series B,490,383,107,27.49,Yes,No,66
Startup_2525,2017,Germany,E-commerce,Seed,252,2570,448,48.59,No,No,63
Startup_2526,2015,France,AI,Series C,304,355,809,44.28,No,No,13
Startup_2527,2009,Australia,Healthcare,Series B,438,3860,217,25.03,No,Yes,69
Startup_2528,2011,France,Healthcare,Seed,155,2607,825,20.99,No,No,79
Startup_2529,2021,Japan,AI,Seed,232,4485,33,15.3,No,No,68
Startup_2530,2001,USA,E-commerce,IPO,386,1020,150,21.56,Yes,Yes,9
Startup_2531,2021,Australia,Gaming,Series A,387,1688,718,9.8,No,No,89
Startup_2532,2001,Germany,E-commerce,Series B,43,1249,145,18.04,No,No,51
Startup_2533,2009,Australia,FinTech,Series B,113,2165,745,27.98,No,Yes,91
Startup_2534,2004,Germany,Tech,Series C,485,4026,101,29.44,No,No,42
Startup_2535,2020,Japan,E-commerce,Series A,473,308,975,29.94,No,Yes,38
Startup_2536,2011,China,EdTech,Seed,368,3628,807,20.24,Yes,No,29
Startup_2537,2022,Australia,Energy,IPO,309,375,346,40.93,No,Yes,22
Startup_2538,2012,Australia,Tech,Series C,93,4797,561,45.06,Yes,Yes,29
Startup_2539,2009,UK,Energy,IPO,42,2691,920,17.78,Yes,No,76
Startup_2540,2003,Germany,Logistics,Series A,185,1913,486,14.52,No,Yes,48
Startup_2541,2017,India,Gaming,Series B,417,705,171,6.28,Yes,No,96
Startup_2542,2018,USA,Energy,IPO,187,3993,747,5.2,No,Yes,77
Startup_2543,2021,China,Gaming,Series C,184,1459,802,34.28,Yes,Yes,35
Startup_2544,2001,UK,Gaming,IPO,436,3941,926,28.59,No,No,69
Startup_2545,2016,China,EdTech,Series C,36,4596,169,6.69,Yes,No,34
Startup_2546,2018,USA,FoodTech,Series C,74,1225,703,22.14,Yes,Yes,66
Startup_2547,2018,UK,Tech,IPO,76,2547,803,9.24,Yes,Yes,7
Startup_2548,2015,Brazil,Energy,Seed,472,3486,158,24.15,Yes,Yes,73
Startup_2549,2006,USA,Logistics,Series A,384,2682,634,44.18,Yes,Yes,46
Startup_2550,2018,Canada,FoodTech,Seed,100,3321,958,39.3,No,No,76
Startup_2551,2013,Australia,Healthcare,Series B,27,1101,768,13.82,No,No,22
Startup_2552,2015,Australia,Healthcare,Series B,463,160,941,32.88,No,Yes,12
Startup_2553,2009,Canada,Energy,Series C,226,1496,665,24.11,No,Yes,33
Startup_2554,2012,Australia,EdTech,Series A,227,4746,424,17.55,No,Yes,87
Startup_2555,2006,India,E-commerce,Series B,488,1693,79,35.91,Yes,No,17
Startup_2556,2000,Australia,Healthcare,Seed,226,4783,850,29.46,Yes,Yes,74
Startup_2557,2014,Canada,FinTech,Seed,477,4717,308,43.62,No,No,36
Startup_2558,2018,China,FoodTech,Seed,102,1325,764,39.84,Yes,Yes,86
Startup_2559,2021,Germany,EdTech,Series C,309,2010,189,2.06,Yes,No,11
Startup_2560,2007,Brazil,FoodTech,Series A,366,4840,250,41.69,Yes,No,30
Startup_2561,2014,Japan,AI,Series A,318,3819,119,28.07,No,No,19
Startup_2562,2019,Canada,Logistics,Series A,397,3095,23,3.81,Yes,Yes,1
Startup_2563,2009,Germany,Logistics,Series A,186,3566,701,24.88,No,Yes,17
Startup_2564,2002,Germany,Logistics,Series C,255,4258,403,0.29,No,Yes,78
Startup_2565,2019,Brazil,AI,Series C,364,3326,252,29.33,Yes,No,88
Startup_2566,2020,Germany,Energy,Series A,456,2919,141,24.17,Yes,No,43
Startup_2567,2006,Japan,FoodTech,IPO,80,3905,627,31.66,Yes,No,29
Startup_2568,2020,Japan,Gaming,Series B,331,146,745,11.45,No,No,39
Startup_2569,2013,India,FinTech,Series A,191,1690,929,20.61,No,Yes,87
Startup_2570,2019,Australia,Logistics,Series A,428,3277,635,36.37,Yes,Yes,28
Startup_2571,2021,India,FinTech,Series A,429,1879,189,14.03,No,No,44
Startup_2572,2000,USA,AI,Series C,278,2730,272,3.18,Yes,Yes,68
Startup_2573,2002,Japan,Gaming,Series B,213,4712,233,12.49,No,Yes,76
Startup_2574,2001,USA,Logistics,IPO,204,2928,641,9.18,No,No,11
Startup_2575,2009,Germany,FinTech,IPO,233,337,762,6.98,No,No,49
Startup_2576,2019,Germany,E-commerce,Series B,442,2014,528,41.46,No,Yes,8
Startup_2577,2021,Brazil,Energy,Series C,430,2618,762,29.53,Yes,Yes,20
Startup_2578,2013,UK,Healthcare,IPO,181,394,19,49.58,Yes,No,33
Startup_2579,2007,Japan,FinTech,Seed,251,4280,625,13.78,No,No,31
Startup_2580,2011,Germany,EdTech,IPO,327,4144,14,6.32,No,No,67
Startup_2581,2016,India,Logistics,IPO,371,3030,71,47.49,Yes,Yes,71
Startup_2582,2013,USA,FinTech,Series B,173,451,387,22.28,No,Yes,43
Startup_2583,2002,Brazil,FoodTech,Series B,75,146,983,17,Yes,Yes,44
Startup_2584,2010,China,EdTech,Series C,98,4308,721,25.39,No,Yes,13
Startup_2585,2009,Brazil,Energy,Series C,398,1528,111,26.41,No,Yes,20
Startup_2586,2021,Canada,AI,Seed,323,3539,983,34.04,No,No,96
Startup_2587,2016,Germany,EdTech,Series C,120,3111,265,10.74,No,Yes,97
Startup_2588,2005,UK,Healthcare,Series B,497,4735,162,24.02,No,Yes,37
Startup_2589,2015,China,Energy,IPO,113,4038,289,17.63,Yes,No,68
Startup_2590,2000,Brazil,Logistics,Series A,497,3022,351,7.88,Yes,Yes,33
Startup_2591,2022,Australia,E-commerce,Series C,197,3451,134,1.94,Yes,No,29
Startup_2592,2008,UK,FoodTech,IPO,138,3636,813,9.77,Yes,No,35
Startup_2593,2000,India,Gaming,Series C,214,1882,954,49.25,Yes,No,70
Startup_2594,2005,Germany,FinTech,IPO,182,278,832,37.32,Yes,Yes,35
Startup_2595,2014,India,EdTech,IPO,333,4843,927,3.01,Yes,No,17
Startup_2596,2011,Brazil,EdTech,Series C,409,1337,606,16.67,No,Yes,26
Startup_2597,2018,China,AI,Series A,390,4819,260,48.87,No,No,22
Startup_2598,2006,Germany,AI,Series A,332,2539,780,4.94,No,Yes,9
Startup_2599,2008,USA,FoodTech,Series C,439,4998,159,33.19,No,Yes,88
Startup_2600,2018,Australia,Tech,Series B,438,1613,848,31.62,Yes,Yes,63
Startup_2601,2011,China,Energy,IPO,104,4050,88,37.58,No,No,61
Startup_2602,2018,Canada,Tech,Seed,76,3706,913,44.24,Yes,Yes,15
Startup_2603,2011,Australia,Energy,IPO,472,2496,416,10.51,No,Yes,65
Startup_2604,2021,Japan,Logistics,Series C,459,1804,563,18.14,Yes,No,38
Startup_2605,2005,Canada,Gaming,Series C,34,1676,280,26.3,No,Yes,26
Startup_2606,2019,Japan,Gaming,Series B,306,2773,206,23.45,Yes,Yes,17
Startup_2607,2016,India,Healthcare,Series A,87,251,768,9.39,Yes,Yes,29
Startup_2608,2001,China,EdTech,IPO,216,1749,21,42.07,Yes,No,35
Startup_2609,2008,UK,AI,Series B,103,3589,26,1.12,Yes,Yes,84
Startup_2610,2015,China,Logistics,Seed,443,4045,604,19.08,Yes,No,49
Startup_2611,2006,Brazil,AI,Series A,147,1882,667,28.53,Yes,Yes,40
Startup_2612,2018,UK,Healthcare,Series A,395,4099,209,46.92,Yes,Yes,82
Startup_2613,2015,India,Logistics,Series B,115,3374,486,49.6,Yes,No,10
Startup_2614,2005,Brazil,Energy,Series A,162,3240,224,3.53,No,No,97
Startup_2615,2019,Brazil,E-commerce,IPO,146,1166,284,44.11,No,Yes,67
Startup_2616,2008,France,FoodTech,Series A,286,1751,587,39.07,Yes,Yes,43
Startup_2617,2011,Australia,AI,IPO,201,4927,105,47.38,No,No,15
Startup_2618,2018,France,Logistics,Series C,327,1255,432,26.97,Yes,Yes,45
Startup_2619,2002,USA,AI,Seed,485,549,907,29.49,No,No,57
Startup_2620,2003,USA,FoodTech,Series C,225,1027,516,9.89,No,Yes,11
Startup_2621,2010,USA,Energy,Series B,86,1803,462,42.69,No,No,79
Startup_2622,2017,Brazil,Logistics,Series C,169,3500,964,28.54,Yes,No,88
Startup_2623,2013,USA,FoodTech,Series A,430,4952,520,4.74,No,No,35
Startup_2624,2006,China,Tech,IPO,409,4213,164,4.98,No,No,23
Startup_2625,2003,France,E-commerce,Series C,86,3992,210,47.66,No,Yes,60
Startup_2626,2002,India,Gaming,Series B,417,4558,848,38.36,Yes,No,25
Startup_2627,2015,Japan,FoodTech,Series C,481,517,865,28.45,Yes,No,77
Startup_2628,2008,China,Energy,Series B,370,4177,862,37.24,Yes,No,37
Startup_2629,2013,Japan,FoodTech,IPO,277,1126,101,28.27,No,Yes,84
Startup_2630,2005,Canada,Energy,Series C,401,3466,475,22.23,Yes,No,73
Startup_2631,2019,UK,E-commerce,Series A,151,1050,562,18.01,Yes,No,54
Startup_2632,2020,Australia,FinTech,Series B,160,4933,690,27.91,No,Yes,27
Startup_2633,2008,UK,FinTech,Seed,181,4767,16,47.03,Yes,No,8
Startup_2634,2001,India,Logistics,Series A,356,1200,688,17.48,Yes,Yes,73
Startup_2635,2001,France,Tech,IPO,396,4027,300,34.56,No,No,32
Startup_2636,2005,USA,Logistics,Series C,26,1737,441,2.84,Yes,No,57
Startup_2637,2006,Australia,FinTech,Series A,110,3828,776,14.73,Yes,No,30
Startup_2638,2015,India,Logistics,Series B,201,3131,435,3.14,No,Yes,67
Startup_2639,2016,UK,FinTech,Series B,332,3475,363,4.12,No,Yes,83
Startup_2640,2005,Australia,Energy,Seed,463,3021,580,43.28,Yes,No,12
Startup_2641,2014,India,Healthcare,Series A,84,2151,906,26.94,No,Yes,62
Startup_2642,2020,USA,FinTech,Series A,167,448,482,29.99,Yes,Yes,30
Startup_2643,2011,Brazil,FoodTech,Series C,114,4382,179,9.86,Yes,Yes,56
Startup_2644,2004,France,Healthcare,Series A,79,1270,381,26.38,Yes,No,74
Startup_2645,2013,Japan,Logistics,Series A,131,3036,123,48.62,Yes,Yes,57
Startup_2646,2017,USA,EdTech,IPO,286,1150,77,22.3,Yes,No,57
Startup_2647,2015,Canada,EdTech,Seed,468,382,881,33.61,Yes,No,74
Startup_2648,2004,USA,Logistics,IPO,2,1707,276,32.59,Yes,No,28
Startup_2649,2008,USA,Energy,Series C,472,2796,660,10.46,Yes,No,17
Startup_2650,2004,UK,FoodTech,IPO,111,4982,287,42.59,Yes,Yes,32
Startup_2651,2019,France,FinTech,Series C,189,1693,805,48.21,No,Yes,63
Startup_2652,2006,Brazil,Gaming,IPO,139,4463,549,15.31,No,No,74
Startup_2653,2000,China,E-commerce,Series B,70,4068,619,42.57,Yes,Yes,19
Startup_2654,2014,India,EdTech,Series B,396,4846,796,26.56,No,Yes,42
Startup_2655,2013,Japan,Logistics,Series B,100,4896,429,3.14,No,No,16
Startup_2656,2021,Canada,FoodTech,Series A,412,101,917,12.04,No,Yes,26
Startup_2657,2012,Brazil,E-commerce,Series B,25,3223,601,31.49,No,No,56
Startup_2658,2012,India,Healthcare,Series C,148,962,399,21.38,Yes,Yes,99
Startup_2659,2001,USA,Logistics,IPO,245,1026,295,39.6,No,Yes,63
Startup_2660,2006,Australia,Logistics,Series C,313,1280,976,37.89,Yes,Yes,53
Startup_2661,2018,Brazil,FinTech,Series A,81,3630,889,5.14,Yes,No,31
Startup_2662,2013,France,Healthcare,Seed,329,506,827,33.05,Yes,No,84
Startup_2663,2013,Brazil,Logistics,IPO,247,2736,872,22.27,No,Yes,67
Startup_2664,2007,Australia,Gaming,Series A,144,4557,856,46.49,Yes,Yes,50
Startup_2665,2003,Australia,FinTech,Series A,439,906,299,47.52,Yes,No,41
Startup_2666,2013,France,Logistics,IPO,419,764,275,20.13,No,No,14
Startup_2667,2018,UK,AI,Series C,208,1584,164,1.84,Yes,Yes,48
Startup_2668,2016,Australia,Gaming,Series C,153,4789,176,34.6,Yes,Yes,36
Startup_2669,2013,USA,Tech,IPO,465,2578,711,9.68,No,Yes,99
Startup_2670,2004,Germany,FinTech,Seed,131,4136,466,43.8,No,Yes,83
Startup_2671,2009,Australia,EdTech,IPO,364,1463,14,41.49,Yes,Yes,93
Startup_2672,2013,Germany,EdTech,Series A,26,2491,744,16.33,No,No,41
Startup_2673,2019,Japan,FinTech,Series A,318,3654,92,12.06,No,Yes,52
Startup_2674,2001,Australia,Gaming,Series A,444,2606,236,19.3,Yes,Yes,45
Startup_2675,2009,UK,FoodTech,IPO,93,4206,967,40.64,No,Yes,31
Startup_2676,2006,Japan,EdTech,Series C,271,1453,158,28.43,No,No,62
Startup_2677,2008,Japan,E-commerce,IPO,244,1609,847,23.45,No,Yes,41
Startup_2678,2001,Canada,Tech,Series A,310,3566,346,33.51,No,Yes,96
Startup_2679,2000,Brazil,Healthcare,Series A,347,4217,907,49.89,Yes,No,36
Startup_2680,2013,USA,EdTech,Seed,334,1099,987,23.04,No,No,94
Startup_2681,2015,Japan,Gaming,Seed,28,2864,89,5.21,Yes,No,18
Startup_2682,2004,Brazil,Logistics,Series C,406,2057,907,27.13,Yes,Yes,46
Startup_2683,2015,Germany,E-commerce,Series B,381,3745,761,13.98,Yes,No,5
Startup_2684,2006,China,Gaming,Seed,280,3714,635,10.64,Yes,Yes,89
Startup_2685,2018,Brazil,Gaming,Seed,337,2557,163,30.13,No,Yes,28
Startup_2686,2003,France,Logistics,Seed,245,4296,642,12.06,Yes,Yes,26
Startup_2687,2016,Canada,Logistics,Seed,113,1623,229,10.76,No,No,89
Startup_2688,2013,Japan,FoodTech,Seed,138,3965,381,38.63,Yes,No,35
Startup_2689,2001,Canada,Energy,Series C,42,2793,788,8.6,No,No,40
Startup_2690,2005,UK,Gaming,Series B,459,1712,948,2.1,Yes,Yes,92
Startup_2691,2021,USA,Healthcare,Series B,23,226,680,15.24,Yes,Yes,21
Startup_2692,2018,Germany,E-commerce,IPO,63,1190,608,31.26,Yes,No,24
Startup_2693,2021,Brazil,FinTech,Seed,229,1839,331,14.78,Yes,No,23
Startup_2694,2007,India,E-commerce,Seed,67,3715,104,34.84,Yes,Yes,85
Startup_2695,2016,Canada,Healthcare,Series C,168,1521,312,5.2,Yes,Yes,26
Startup_2696,2011,Brazil,Tech,Series A,484,493,882,27.31,No,No,54
Startup_2697,2005,USA,Tech,Series B,466,3384,248,24.75,No,Yes,95
Startup_2698,2021,Japan,E-commerce,Series A,469,146,393,13.35,Yes,Yes,10
Startup_2699,2001,Canada,Gaming,Series A,50,4900,923,16.42,Yes,Yes,21
Startup_2700,2019,Germany,E-commerce,Seed,483,3684,874,20.64,Yes,No,88
Startup_2701,2012,Germany,Tech,IPO,54,657,120,29.33,No,No,37
Startup_2702,2003,France,AI,Series C,423,2828,558,43.33,No,No,58
Startup_2703,2021,Japan,Healthcare,Seed,398,2299,345,21.6,Yes,No,26
Startup_2704,2002,Brazil,Tech,Seed,208,2776,469,43.61,No,Yes,48
Startup_2705,2022,Germany,Gaming,Seed,128,4417,575,29.19,No,No,47
Startup_2706,2012,Canada,E-commerce,Series A,312,500,168,34.22,Yes,Yes,38
Startup_2707,2018,UK,FoodTech,IPO,8,1797,732,21.21,No,No,5
Startup_2708,2011,Germany,AI,IPO,388,2660,314,26.7,No,Yes,81
Startup_2709,2013,China,FoodTech,Series C,24,584,444,2.92,No,No,87
Startup_2710,2014,Canada,Logistics,Series C,475,4948,541,19.72,Yes,No,79
Startup_2711,2000,China,Tech,Seed,233,3469,557,4.13,No,Yes,46
Startup_2712,2006,USA,Energy,Series C,419,442,653,26.75,No,Yes,8
Startup_2713,2016,Germany,FinTech,IPO,468,1391,972,7.6,Yes,No,24
Startup_2714,2019,Australia,Gaming,Seed,11,1566,135,8.93,No,No,17
Startup_2715,2017,China,Gaming,Series A,123,624,224,35.31,Yes,Yes,21
Startup_2716,2011,Canada,AI,IPO,377,1955,660,41.6,No,No,38
Startup_2717,2006,Japan,EdTech,Series A,349,1526,77,5.89,No,No,21
Startup_2718,2007,France,Healthcare,Series A,397,2239,876,6.94,No,Yes,76
Startup_2719,2007,Japan,FoodTech,Series B,413,211,841,11.69,Yes,No,83
Startup_2720,2018,UK,Tech,IPO,26,850,527,27.91,No,No,96
Startup_2721,2002,USA,E-commerce,Seed,87,296,849,40.35,Yes,Yes,22
Startup_2722,2014,USA,Gaming,IPO,33,144,522,47.82,Yes,Yes,31
Startup_2723,2001,USA,FinTech,Series C,339,2330,693,7.15,Yes,No,10
Startup_2724,2004,Australia,FoodTech,Seed,168,1135,157,47.48,No,No,50
Startup_2725,2012,Brazil,FoodTech,IPO,296,3457,61,7.72,Yes,No,83
Startup_2726,2009,Canada,EdTech,Seed,354,3371,198,40.24,Yes,Yes,79
Startup_2727,2000,Australia,Logistics,Series C,308,4390,72,43.22,Yes,Yes,64
Startup_2728,2014,Japan,Logistics,Series C,61,1669,405,31.96,No,Yes,83
Startup_2729,2017,Australia,Healthcare,Series A,166,2089,417,33.47,No,No,83
Startup_2730,2010,India,Tech,Series B,393,2455,564,10.04,Yes,No,54
Startup_2731,2004,USA,Tech,Series A,330,3613,944,22.2,No,No,97
Startup_2732,2015,UK,Logistics,Series C,39,3104,301,25.84,Yes,No,73
Startup_2733,2009,China,Healthcare,IPO,348,2885,886,37.09,Yes,Yes,55
Startup_2734,2002,China,Gaming,Series C,304,565,389,9.64,No,No,81
Startup_2735,2016,USA,Logistics,Series C,312,2387,33,45.68,Yes,Yes,73
Startup_2736,2006,China,FoodTech,IPO,280,816,827,6.71,No,No,59
Startup_2737,2021,Germany,Healthcare,Series C,35,1011,269,42.6,Yes,Yes,79
Startup_2738,2006,China,E-commerce,IPO,38,2180,472,43.78,Yes,No,61
Startup_2739,2002,France,FinTech,Seed,97,1540,466,49.47,Yes,No,84
Startup_2740,2003,UK,Gaming,Seed,64,4061,799,8.5,No,Yes,18
Startup_2741,2019,India,Energy,Series B,124,906,267,45.43,Yes,Yes,84
Startup_2742,2020,China,E-commerce,Series C,446,1883,458,0.41,Yes,Yes,54
Startup_2743,2008,Japan,EdTech,Series A,82,569,277,11.66,Yes,No,77
Startup_2744,2006,India,Tech,Series A,313,592,720,21.68,No,No,50
Startup_2745,2012,Japan,Gaming,Series C,233,3635,972,7.99,Yes,Yes,74
Startup_2746,2014,France,FinTech,Seed,107,4951,596,21.82,No,Yes,13
Startup_2747,2019,UK,Logistics,Series A,256,638,921,3.68,Yes,Yes,67
Startup_2748,2013,France,E-commerce,Seed,271,301,195,45.63,Yes,No,38
Startup_2749,2012,USA,FinTech,Series B,186,90,628,43.19,No,Yes,9
Startup_2750,2007,Germany,Logistics,IPO,132,2343,890,15.24,Yes,No,48
Startup_2751,2013,Brazil,AI,Series B,240,635,603,42.24,Yes,No,64
Startup_2752,2017,Australia,Gaming,IPO,345,2257,657,25.46,No,Yes,39
Startup_2753,2014,Germany,E-commerce,Series A,276,2846,84,37.2,Yes,Yes,86
Startup_2754,2000,Germany,FinTech,IPO,323,1337,48,13.82,No,No,23
Startup_2755,2005,Australia,FinTech,Series B,187,1170,825,39.23,Yes,Yes,59
Startup_2756,2016,Brazil,Energy,Series B,26,4075,92,30.66,Yes,Yes,60
Startup_2757,2018,Brazil,FoodTech,Series C,407,1847,662,32.43,No,Yes,5
Startup_2758,2008,India,E-commerce,IPO,337,2844,639,3.25,No,Yes,28
Startup_2759,2017,India,FinTech,Series B,337,2433,614,23.5,No,No,11
Startup_2760,2016,India,Tech,Series A,197,4837,761,42.04,Yes,Yes,58
Startup_2761,2002,India,Tech,Series A,304,3558,389,39.82,No,Yes,32
Startup_2762,2008,Brazil,E-commerce,IPO,183,3140,83,36.26,No,Yes,59
Startup_2763,2014,Germany,Energy,Series A,44,1255,793,31.99,No,No,32
Startup_2764,2015,USA,Logistics,Series C,165,15,16,24.47,No,Yes,11
Startup_2765,2006,Australia,Healthcare,IPO,338,1307,726,30.78,No,No,67
Startup_2766,2020,Germany,Energy,Seed,319,2058,24,4.86,No,Yes,20
Startup_2767,2011,India,Healthcare,IPO,431,4664,135,38.36,Yes,Yes,97
Startup_2768,2012,UK,EdTech,Seed,204,3206,574,11.9,No,No,13
Startup_2769,2001,Germany,Tech,Series B,484,4141,717,20.64,Yes,No,75
Startup_2770,2012,Australia,FinTech,Seed,255,3571,285,27.57,Yes,No,12
Startup_2771,2011,Japan,Logistics,IPO,444,3200,929,37.77,Yes,No,48
Startup_2772,2003,China,Energy,IPO,152,1944,102,24.51,No,Yes,72
Startup_2773,2017,Australia,FinTech,Series C,305,1889,596,11.76,No,Yes,94
Startup_2774,2012,USA,E-commerce,IPO,45,4798,474,35.38,Yes,Yes,23
Startup_2775,2016,Australia,FinTech,Series A,341,2819,304,7.8,Yes,Yes,26
Startup_2776,2001,UK,EdTech,Seed,358,3509,286,48.52,No,Yes,7
Startup_2777,2000,USA,AI,Series B,338,894,408,45.82,Yes,Yes,23
Startup_2778,2013,China,Healthcare,Series C,442,1922,797,31.22,No,No,33
Startup_2779,2004,India,AI,Series B,477,1420,296,49.12,Yes,No,25
Startup_2780,2020,China,AI,Series A,362,4546,793,44.07,Yes,Yes,1
Startup_2781,2010,Germany,FinTech,Series C,441,2173,120,4,Yes,No,90
Startup_2782,2009,Brazil,AI,Seed,103,1825,671,47.18,Yes,No,46
Startup_2783,2000,Australia,Energy,IPO,321,1422,152,31.98,Yes,Yes,64
Startup_2784,2021,UK,Energy,Series C,43,1409,757,42.35,No,No,36
Startup_2785,2007,UK,FinTech,Series C,430,3609,904,5.41,No,Yes,84
Startup_2786,2020,Brazil,FinTech,Series A,390,4974,363,3.67,No,No,5
Startup_2787,2016,Canada,E-commerce,Series A,323,4377,357,2.97,No,Yes,25
Startup_2788,2005,Brazil,AI,IPO,7,642,864,7.57,No,Yes,52
Startup_2789,2003,Canada,FoodTech,Series B,19,3566,169,30.07,Yes,Yes,31
Startup_2790,2000,Brazil,E-commerce,IPO,296,1232,8,19.76,Yes,Yes,36
Startup_2791,2015,India,FinTech,Seed,182,919,223,47.21,Yes,Yes,71
Startup_2792,2019,Germany,FinTech,Series B,377,4282,755,28.34,No,No,92
Startup_2793,2002,Australia,AI,Series A,379,4506,486,33.38,No,Yes,21
Startup_2794,2007,Japan,Healthcare,Series A,119,3442,556,33.04,Yes,No,30
Startup_2795,2020,China,Healthcare,Series A,446,162,888,46.36,Yes,Yes,17
Startup_2796,2014,Australia,E-commerce,Series C,280,2620,748,11.23,No,Yes,44
Startup_2797,2019,France,Energy,IPO,93,4851,456,12.67,No,Yes,37
Startup_2798,2022,Japan,Tech,Series C,273,1174,902,19.89,Yes,No,57
Startup_2799,2017,France,EdTech,Seed,422,3398,24,22.94,No,Yes,30
Startup_2800,2005,India,EdTech,IPO,333,1596,15,30.48,Yes,Yes,76
Startup_2801,2021,France,FinTech,Seed,127,951,428,31.3,No,No,52
Startup_2802,2003,India,FinTech,Series B,304,1605,268,2.42,No,No,81
Startup_2803,2009,China,Tech,Series C,371,2449,966,31.16,Yes,Yes,90
Startup_2804,2017,Germany,Logistics,Seed,300,1834,512,25.05,Yes,No,33
Startup_2805,2019,Canada,EdTech,Series B,280,1598,146,13.73,No,Yes,9
Startup_2806,2005,Japan,Energy,IPO,255,3794,96,28.92,No,No,85
Startup_2807,2012,Canada,FoodTech,Series A,94,1349,603,36.62,Yes,No,17
Startup_2808,2021,Japan,Tech,Series A,86,669,948,10.5,Yes,No,12
Startup_2809,2000,Germany,E-commerce,Series C,398,3834,965,31.4,No,Yes,5
Startup_2810,2003,India,Energy,Series B,232,4121,27,24.56,Yes,No,35
Startup_2811,2018,Japan,Energy,Seed,148,2764,298,32.02,No,Yes,9
Startup_2812,2018,Japan,Logistics,Series C,253,2474,306,34.35,No,Yes,91
Startup_2813,2012,France,FoodTech,Series A,130,4599,661,3.27,No,No,68
Startup_2814,2011,Germany,Healthcare,Series A,316,4231,56,49.67,No,No,78
Startup_2815,2019,UK,FoodTech,Series C,50,4040,423,15.74,No,No,62
Startup_2816,2017,Australia,Tech,IPO,399,3244,852,6.27,No,Yes,87
Startup_2817,2022,Canada,FinTech,IPO,246,1117,152,15.72,Yes,Yes,92
Startup_2818,2002,Canada,Healthcare,Series A,32,4149,604,4.39,Yes,Yes,36
Startup_2819,2003,Germany,FinTech,Series B,104,2641,81,30.97,No,No,91
Startup_2820,2020,Canada,Logistics,Seed,423,4630,738,31.39,No,Yes,17
Startup_2821,2004,USA,Tech,Seed,373,1688,983,12.29,Yes,No,10
Startup_2822,2022,China,EdTech,Series B,73,1938,577,17.17,No,No,36
Startup_2823,2003,USA,EdTech,Series B,95,1330,512,10.82,Yes,No,34
Startup_2824,2016,Germany,Energy,Series B,166,2893,656,45.32,Yes,No,44
Startup_2825,2017,Brazil,EdTech,IPO,45,884,82,1.38,Yes,Yes,6
Startup_2826,2006,China,FoodTech,IPO,119,4968,518,13.31,Yes,Yes,35
Startup_2827,2020,Canada,Gaming,IPO,270,3113,487,49.88,No,Yes,31
Startup_2828,2005,UK,Gaming,IPO,241,953,171,49.72,Yes,No,44
Startup_2829,2001,UK,EdTech,Series A,406,2579,544,0.62,Yes,Yes,57
Startup_2830,2007,Canada,EdTech,Series B,300,4554,74,47.82,No,No,78
Startup_2831,2022,China,E-commerce,Series C,85,761,987,4.18,No,Yes,18
Startup_2832,2006,Brazil,AI,IPO,314,4245,786,46.41,Yes,No,4
Startup_2833,2012,Australia,Gaming,Series A,123,1272,953,22.86,No,Yes,52
Startup_2834,2001,France,Energy,Series A,175,4314,408,30.49,Yes,Yes,7
Startup_2835,2010,Canada,EdTech,Series A,156,4639,737,6.51,Yes,Yes,76
Startup_2836,2022,Canada,E-commerce,Series A,373,4435,309,15.76,No,Yes,32
Startup_2837,2015,France,E-commerce,Seed,122,777,688,29.25,Yes,No,26
Startup_2838,2004,Australia,Gaming,Series B,280,3578,427,15.48,Yes,Yes,76
Startup_2839,2001,USA,Logistics,Series A,187,4876,855,39.58,No,Yes,44
Startup_2840,2008,UK,FoodTech,Series B,249,4153,213,31.82,No,Yes,14
Startup_2841,2002,Germany,EdTech,IPO,408,4858,325,28.69,Yes,Yes,20
Startup_2842,2022,UK,AI,Series B,186,2593,506,1.03,Yes,No,68
Startup_2843,2005,Germany,EdTech,Series B,435,1797,840,10.62,Yes,No,93
Startup_2844,2021,Japan,EdTech,Series B,43,935,675,19.98,Yes,No,24
Startup_2845,2009,France,Energy,Series C,379,4740,132,42.97,Yes,No,69
Startup_2846,2009,India,Healthcare,Series B,20,1570,564,41.05,Yes,No,49
Startup_2847,2011,Australia,FoodTech,Series C,430,2161,768,11.69,No,No,39
Startup_2848,2017,Australia,E-commerce,Series C,333,4042,223,46.01,No,No,66
Startup_2849,2017,Canada,FinTech,IPO,272,2224,142,20.74,Yes,Yes,64
Startup_2850,2005,Canada,FoodTech,IPO,138,1810,729,32.31,No,No,21
Startup_2851,2007,Brazil,AI,Series C,20,2350,501,44.83,Yes,Yes,21
Startup_2852,2013,India,Gaming,Seed,198,2609,693,14.54,No,No,24
Startup_2853,2022,France,EdTech,Series B,236,515,344,49.05,Yes,Yes,58
Startup_2854,2007,France,Logistics,Seed,480,1380,642,35.41,Yes,Yes,46
Startup_2855,2018,UK,Healthcare,IPO,39,3602,236,41.38,No,Yes,67
Startup_2856,2020,UK,FinTech,Series B,211,3897,390,43.11,No,Yes,74
Startup_2857,2017,Australia,Energy,Seed,477,654,658,0.31,Yes,No,68
Startup_2858,2015,UK,Logistics,Series B,190,3994,592,25.85,No,Yes,14
Startup_2859,2005,Brazil,FoodTech,Series B,75,2272,273,48.89,Yes,No,68
Startup_2860,2008,France,Energy,Series C,188,3250,701,32.71,No,No,18
Startup_2861,2018,Japan,FoodTech,Series B,431,4514,307,4.01,Yes,No,78
Startup_2862,2005,Brazil,Logistics,Series B,360,1638,976,36.99,No,Yes,34
Startup_2863,2007,Germany,EdTech,Series A,451,2547,511,8.27,Yes,Yes,68
Startup_2864,2005,China,EdTech,Seed,351,4599,799,32.33,Yes,No,97
Startup_2865,2013,China,Logistics,Series B,109,2132,545,41.23,Yes,No,13
Startup_2866,2009,Germany,EdTech,Seed,108,1537,169,48.25,No,Yes,29
Startup_2867,2022,France,Logistics,Series B,158,1696,824,4.1,No,Yes,79
Startup_2868,2007,Canada,AI,Seed,148,271,99,45.19,Yes,No,14
Startup_2869,2007,Germany,Tech,Series B,496,1183,583,45.73,No,No,71
Startup_2870,2017,Japan,E-commerce,Series B,150,4165,466,10.13,Yes,No,97
Startup_2871,2005,France,Energy,Series A,453,1435,852,20.94,Yes,Yes,44
Startup_2872,2012,China,Energy,IPO,139,2904,716,12.97,Yes,Yes,27
Startup_2873,2018,Japan,Healthcare,Series B,480,2327,22,6.15,No,Yes,18
Startup_2874,2007,China,Logistics,Series A,193,3569,809,38.99,No,No,16
Startup_2875,2012,UK,Healthcare,Series A,386,1887,72,31.02,No,Yes,98
Startup_2876,2012,USA,FinTech,Series C,155,2328,100,31.29,No,Yes,69
Startup_2877,2005,USA,EdTech,Series A,141,635,450,10.15,Yes,No,89
Startup_2878,2013,USA,Energy,Series B,48,718,815,23.41,No,Yes,70
Startup_2879,2005,Japan,Logistics,Seed,24,3751,94,11.03,No,No,66
Startup_2880,2000,Japan,EdTech,Seed,196,924,66,35.72,Yes,No,52
Startup_2881,2015,Germany,FoodTech,Seed,5,1168,99,21.72,No,Yes,37
Startup_2882,2022,China,Gaming,IPO,156,214,240,46.59,Yes,No,68
Startup_2883,2010,Canada,Healthcare,Series C,373,1230,422,15.52,No,Yes,57
Startup_2884,2016,USA,E-commerce,Series C,382,4404,423,7.67,Yes,No,77
Startup_2885,2010,Brazil,EdTech,Series C,443,4351,858,46.78,No,Yes,62
Startup_2886,2006,India,FoodTech,Seed,287,1399,737,4.47,No,No,13
Startup_2887,2004,UK,FoodTech,Series A,99,4890,904,43.87,Yes,Yes,36
Startup_2888,2011,China,Tech,Series A,496,2032,195,13.45,No,Yes,73
Startup_2889,2002,Germany,Logistics,Seed,398,3655,415,23.64,No,Yes,17
Startup_2890,2012,Canada,Energy,Series C,437,3252,53,30.97,Yes,Yes,6
Startup_2891,2008,Canada,Healthcare,IPO,363,3754,440,18.1,No,Yes,56
Startup_2892,2017,Germany,FoodTech,Series B,193,1866,41,26.42,No,No,52
Startup_2893,2017,UK,Energy,IPO,119,4727,682,20.16,Yes,No,96
Startup_2894,2002,UK,E-commerce,Series A,204,1412,145,42.63,Yes,No,57
Startup_2895,2020,Japan,FinTech,Series C,410,2679,900,2.39,Yes,Yes,16
Startup_2896,2003,France,Energy,Series B,235,3650,103,25.22,No,Yes,27
Startup_2897,2003,USA,Tech,Series B,317,3545,954,14.92,Yes,No,76
Startup_2898,2021,UK,Healthcare,IPO,73,2246,104,44.21,No,No,90
Startup_2899,2000,India,FoodTech,Series C,331,1046,459,2.79,No,Yes,48
Startup_2900,2015,Germany,EdTech,Seed,486,2186,365,33.51,Yes,Yes,63
Startup_2901,2022,Australia,Tech,IPO,244,2397,437,22.91,No,No,15
Startup_2902,2006,Australia,EdTech,IPO,210,2457,417,36.86,No,Yes,93
Startup_2903,2018,China,E-commerce,IPO,491,3897,629,38.55,Yes,Yes,37
Startup_2904,2010,USA,EdTech,Series A,223,1768,626,6.2,Yes,No,95
Startup_2905,2014,UK,Tech,IPO,288,4234,578,38.31,Yes,Yes,60
Startup_2906,2000,Australia,Tech,Series B,344,1369,146,33.66,Yes,Yes,63
Startup_2907,2017,Germany,Energy,Seed,277,2385,944,12.42,Yes,Yes,33
Startup_2908,2011,Australia,Logistics,IPO,467,2506,433,47.34,No,No,8
Startup_2909,2008,Japan,Tech,IPO,406,3376,76,45,Yes,No,85
Startup_2910,2018,Brazil,FinTech,Seed,288,911,293,30.48,No,No,41
Startup_2911,2002,Japan,Logistics,IPO,451,1618,226,1.98,Yes,No,47
Startup_2912,2013,China,Tech,Series A,56,3721,577,40.65,Yes,Yes,89
Startup_2913,2001,France,E-commerce,Series C,447,3167,27,27.49,Yes,Yes,1
Startup_2914,2008,Germany,FinTech,Series A,157,2447,737,41.7,No,No,48
Startup_2915,2003,Canada,AI,Series B,6,4451,131,34.56,Yes,No,71
Startup_2916,2002,Canada,Gaming,Series A,258,1531,902,35.03,Yes,No,20
Startup_2917,2016,USA,FinTech,Series B,180,556,432,36.27,Yes,No,2
Startup_2918,2009,Canada,Tech,Series C,438,205,895,38.35,No,Yes,46
Startup_2919,2010,Canada,Healthcare,Series A,167,807,246,33.78,Yes,No,7
Startup_2920,2014,Canada,AI,Seed,217,3247,808,35.7,No,No,95
Startup_2921,2015,Canada,Logistics,Series B,314,1118,756,5.78,No,No,96
Startup_2922,2004,UK,EdTech,Series C,156,3086,590,46.28,Yes,No,15
Startup_2923,2022,Canada,Tech,Series A,156,1408,193,45.63,Yes,No,8
Startup_2924,2009,USA,EdTech,Seed,92,2745,169,2.38,No,No,3
Startup_2925,2014,USA,EdTech,Series C,89,1512,229,30.89,Yes,Yes,93
Startup_2926,2018,USA,AI,IPO,192,653,89,3.49,Yes,Yes,74
Startup_2927,2022,Australia,E-commerce,Series A,75,2520,205,48.86,Yes,No,35
Startup_2928,2010,France,EdTech,Series A,109,2325,188,2.66,No,No,83
Startup_2929,2005,UK,FoodTech,IPO,322,4493,888,31.97,No,No,24
Startup_2930,2004,India,Tech,IPO,259,1375,652,23.3,Yes,No,86
Startup_2931,2004,India,Logistics,IPO,12,1964,99,26.2,Yes,No,80
Startup_2932,2001,USA,E-commerce,IPO,230,35,680,1.02,Yes,Yes,73
Startup_2933,2014,USA,AI,Seed,490,4218,28,28.07,Yes,Yes,69
Startup_2934,2007,Brazil,Energy,Series B,70,1655,289,31.84,Yes,Yes,22
Startup_2935,2021,Germany,Tech,Seed,334,508,534,43.37,No,Yes,81
Startup_2936,2003,India,Energy,IPO,133,4679,327,26.44,Yes,Yes,87
Startup_2937,2003,UK,Logistics,IPO,294,2646,575,48.19,No,No,59
Startup_2938,2017,UK,AI,Seed,117,1150,501,44.02,Yes,No,93
Startup_2939,2008,France,Logistics,Series C,406,1441,892,44.69,No,No,23
Startup_2940,2020,Germany,Tech,Series A,408,522,408,12.1,Yes,No,53
Startup_2941,2018,Brazil,Gaming,Series C,58,912,989,15.55,No,Yes,41
Startup_2942,2019,Brazil,FinTech,Series B,39,1063,47,34.63,Yes,No,25
Startup_2943,2020,Brazil,Gaming,Seed,499,1521,531,39.81,Yes,Yes,60
Startup_2944,2010,Brazil,E-commerce,Series B,369,2555,7,1.08,No,Yes,90
Startup_2945,2005,China,Gaming,Seed,100,258,431,29.47,Yes,No,6
Startup_2946,2002,Japan,Logistics,Seed,86,2913,82,25.67,No,No,28
Startup_2947,2009,USA,AI,Series B,271,144,205,31.77,No,No,15
Startup_2948,2011,China,Gaming,Seed,353,1697,113,0.22,No,No,20
Startup_2949,2012,France,AI,Series B,464,12,375,3.54,Yes,No,96
Startup_2950,2008,USA,Healthcare,Series C,305,4183,417,47.64,No,No,88
Startup_2951,2019,Canada,Gaming,Series C,353,1008,68,9.19,Yes,No,30
Startup_2952,2001,Japan,Energy,Series B,387,2798,20,16.21,Yes,Yes,95
Startup_2953,2013,Germany,FoodTech,Seed,273,2282,151,8.29,Yes,No,21
Startup_2954,2004,India,FoodTech,Series A,489,1115,449,30.45,Yes,No,92
Startup_2955,2019,Australia,Logistics,Seed,153,4036,63,41.1,No,Yes,6
Startup_2956,2008,UK,Tech,Series A,193,2809,212,28.48,Yes,No,85
Startup_2957,2014,Germany,Healthcare,Seed,381,3292,692,40.29,Yes,Yes,89
Startup_2958,2002,Canada,FoodTech,Series A,261,2976,590,25.93,Yes,No,1
Startup_2959,2012,Germany,Energy,Seed,198,3910,215,36.69,No,No,36
Startup_2960,2015,UK,FoodTech,Series A,388,4434,432,1.62,Yes,Yes,24
Startup_2961,2003,Canada,Tech,IPO,392,4644,773,26.29,Yes,No,61
Startup_2962,2012,France,FoodTech,Seed,249,4965,632,26.3,No,No,41
Startup_2963,2004,Canada,Gaming,Series A,494,237,60,41.43,No,No,30
Startup_2964,2016,France,AI,Series A,169,1369,223,32.45,No,No,23
Startup_2965,2011,Brazil,Logistics,IPO,159,3079,203,3.43,Yes,No,85
Startup_2966,2002,Germany,Tech,IPO,411,2851,312,44.42,Yes,Yes,40
Startup_2967,2004,UK,EdTech,Series A,151,2576,601,32.66,Yes,No,2
Startup_2968,2020,China,Healthcare,Series C,387,624,761,29.16,Yes,No,20
Startup_2969,2010,France,FinTech,Series A,424,1927,186,11.63,Yes,Yes,6
Startup_2970,2000,Canada,AI,IPO,334,2029,632,36.14,Yes,Yes,22
Startup_2971,2022,Australia,EdTech,Series A,156,486,354,17.45,Yes,Yes,60
Startup_2972,2003,India,FoodTech,IPO,355,1160,355,17.5,Yes,No,85
Startup_2973,2011,China,Healthcare,IPO,354,3604,690,3.94,Yes,Yes,50
Startup_2974,2021,China,Tech,Series A,448,2598,220,21.07,Yes,No,97
Startup_2975,2019,China,EdTech,IPO,79,4161,732,40.79,No,Yes,13
Startup_2976,2005,Australia,E-commerce,Series C,157,2266,654,42.77,Yes,No,26
Startup_2977,2018,Brazil,FinTech,IPO,242,2453,278,17.11,Yes,Yes,34
Startup_2978,2000,USA,Logistics,Series B,261,2423,619,11.41,Yes,Yes,30
Startup_2979,2022,Canada,Tech,Series B,318,4461,608,8.28,No,No,2
Startup_2980,2014,Germany,E-commerce,Seed,130,1529,955,28.85,No,No,9
Startup_2981,2008,Australia,EdTech,Series B,391,4653,602,9.72,Yes,No,13
Startup_2982,2005,Australia,EdTech,Series C,184,1513,405,33.43,No,Yes,77
Startup_2983,2004,India,Healthcare,IPO,270,561,496,21.58,Yes,No,6
Startup_2984,2010,Brazil,Logistics,Series C,147,1701,961,37.81,No,No,77
Startup_2985,2002,France,Logistics,Series A,133,984,143,38.5,No,No,60
Startup_2986,2006,France,Energy,IPO,375,728,528,3.64,Yes,No,36
Startup_2987,2007,India,Tech,Series A,491,3712,847,36.65,No,No,92
Startup_2988,2013,USA,Tech,Series A,56,4286,873,3.84,Yes,Yes,50
Startup_2989,2016,USA,FoodTech,Series B,303,2532,657,23.82,Yes,No,18
Startup_2990,2013,UK,Logistics,IPO,401,383,916,28.63,Yes,Yes,81
Startup_2991,2012,Japan,Gaming,Seed,241,1907,310,1.86,Yes,No,74
Startup_2992,2010,Canada,EdTech,IPO,392,3175,156,3.71,No,No,99
Startup_2993,2002,UK,EdTech,Series B,13,230,680,34.22,Yes,No,65
Startup_2994,2003,UK,Gaming,IPO,309,1571,498,38.12,Yes,Yes,62
Startup_2995,2010,Canada,Logistics,Seed,167,3540,139,44.2,Yes,Yes,14
Startup_2996,2001,India,Energy,Seed,21,2729,254,27.12,Yes,Yes,51
Startup_2997,2020,China,Energy,Series C,145,3101,707,17.91,Yes,No,88
Startup_2998,2014,China,Gaming,Series C,36,3253,181,3.05,Yes,Yes,93
Startup_2999,2020,Japan,FinTech,IPO,435,1975,522,48.81,Yes,No,60
Startup_3000,2018,Australia,AI,Series A,467,3450,710,30.05,No,No,11
Startup_3001,2019,USA,EdTech,Series C,441,239,363,30.88,No,No,5
Startup_3002,2007,Australia,E-commerce,Series B,448,4379,43,17.42,No,Yes,78
Startup_3003,2003,Japan,Tech,Series A,369,4636,749,24.19,No,No,79
Startup_3004,2007,China,FinTech,Series C,57,2210,206,25.85,Yes,No,14
Startup_3005,2020,Brazil,AI,Seed,141,3419,286,37.21,Yes,No,3
Startup_3006,2000,UK,EdTech,IPO,479,3050,923,40.92,No,Yes,76
Startup_3007,2019,France,Gaming,Series B,181,4079,145,12.53,No,Yes,19
Startup_3008,2000,Germany,Energy,IPO,349,2128,293,8.75,Yes,Yes,5
Startup_3009,2006,Germany,Tech,IPO,478,4719,719,23.03,Yes,Yes,78
Startup_3010,2008,France,E-commerce,Series B,130,755,111,24.67,Yes,No,28
Startup_3011,2004,Canada,E-commerce,Series A,372,4203,855,24.8,Yes,No,47
Startup_3012,2009,India,E-commerce,Seed,175,3839,954,2.8,No,Yes,18
Startup_3013,2016,Brazil,AI,IPO,151,2135,85,30.56,No,No,21
Startup_3014,2001,UK,E-commerce,Series C,231,74,20,35.43,Yes,No,80
Startup_3015,2016,India,FinTech,IPO,375,849,592,47.6,No,Yes,67
Startup_3016,2017,Brazil,Tech,IPO,464,4217,972,34.09,Yes,No,48
Startup_3017,2017,France,Energy,Series C,131,877,184,35.02,No,Yes,8
Startup_3018,2013,Australia,Energy,Series C,270,1633,79,24.72,No,No,32
Startup_3019,2019,India,Gaming,Series B,82,3012,183,6.84,No,No,70
Startup_3020,2003,India,Gaming,Seed,334,4986,439,6.88,Yes,No,80
Startup_3021,2020,China,EdTech,Series A,328,1608,730,47.08,Yes,Yes,18
Startup_3022,2017,Australia,Tech,IPO,118,986,783,26.34,No,No,47
Startup_3023,2009,Germany,FinTech,IPO,295,2943,878,24.81,No,No,8
Startup_3024,2012,China,FinTech,Seed,460,4226,469,45.17,Yes,No,14
Startup_3025,2013,India,Healthcare,IPO,56,1284,533,4.67,No,No,70
Startup_3026,2022,India,FoodTech,IPO,64,3526,708,11.48,Yes,No,5
Startup_3027,2006,Brazil,Tech,Seed,159,1663,404,47.06,No,Yes,78
Startup_3028,2021,India,E-commerce,Series A,128,213,255,16.73,No,No,52
Startup_3029,2013,Japan,EdTech,Series A,224,4603,397,33.84,Yes,Yes,54
Startup_3030,2014,UK,Energy,Series C,74,386,515,46.62,Yes,No,34
Startup_3031,2021,France,Tech,Series A,362,2139,855,20.83,Yes,No,99
Startup_3032,2021,France,Tech,Series B,370,3169,571,21.42,Yes,Yes,20
Startup_3033,2011,Brazil,AI,Series C,292,764,445,39.13,No,No,41
Startup_3034,2011,UK,AI,IPO,63,2302,469,34.37,No,No,56
Startup_3035,2004,USA,Gaming,IPO,477,2481,905,47.09,Yes,Yes,48
Startup_3036,2020,Australia,Logistics,Series B,219,1865,490,12.35,Yes,Yes,9
Startup_3037,2010,Brazil,AI,IPO,175,1845,347,18.48,Yes,No,11
Startup_3038,2012,China,Energy,Seed,152,2371,881,6.57,Yes,No,13
Startup_3039,2000,Germany,EdTech,Series A,347,3026,42,42.53,Yes,No,70
Startup_3040,2015,India,EdTech,Seed,482,3945,210,25.6,No,No,69
Startup_3041,2000,Australia,Healthcare,Series B,154,3068,229,12.91,No,No,10
Startup_3042,2007,UK,E-commerce,IPO,46,433,63,9.26,Yes,No,20
Startup_3043,2022,Germany,E-commerce,Series B,426,2328,915,12.42,Yes,Yes,27
Startup_3044,2006,Canada,Gaming,Series C,161,2983,996,2.89,Yes,Yes,11
Startup_3045,2018,Japan,AI,Series B,481,2008,29,26.44,Yes,Yes,79
Startup_3046,2015,China,Tech,Series B,161,4229,680,27.7,Yes,No,28
Startup_3047,2011,China,Tech,Series C,473,3801,925,24.64,No,Yes,69
Startup_3048,2017,Canada,Healthcare,Seed,159,3034,915,17.82,No,No,77
Startup_3049,2016,USA,EdTech,IPO,268,4576,951,43.72,Yes,No,58
Startup_3050,2008,USA,AI,Seed,427,1837,104,36.58,Yes,Yes,64
Startup_3051,2010,China,Gaming,IPO,87,248,41,1.47,Yes,No,55
Startup_3052,2002,France,Healthcare,Series A,254,3010,817,0.51,Yes,No,93
Startup_3053,2001,Germany,Tech,IPO,242,541,589,12.12,Yes,No,46
Startup_3054,2021,Canada,FoodTech,Seed,164,2476,649,21.21,No,Yes,60
Startup_3055,2019,Germany,AI,Seed,50,3005,182,39.41,Yes,Yes,7
Startup_3056,2013,China,AI,Series B,320,3174,833,32.69,No,Yes,6
Startup_3057,2010,Brazil,Tech,IPO,129,4575,726,7.62,Yes,No,77
Startup_3058,2008,Germany,Energy,Series C,274,2330,175,4.35,Yes,Yes,71
Startup_3059,2006,Canada,AI,IPO,242,4786,306,9.37,No,No,26
Startup_3060,2022,Germany,EdTech,Series C,485,4429,583,29.07,Yes,Yes,64
Startup_3061,2018,Japan,Energy,Series C,497,1768,166,46.5,Yes,No,4
Startup_3062,2010,UK,FinTech,IPO,260,354,348,40.55,Yes,Yes,18
Startup_3063,2013,France,Logistics,Series A,465,11,583,22.4,Yes,No,50
Startup_3064,2009,Canada,Tech,Series A,489,2039,283,32.29,Yes,No,19
Startup_3065,2014,India,Energy,Seed,61,2464,912,19.15,No,No,59
Startup_3066,2009,India,Tech,Series B,335,2528,379,41.7,Yes,No,35
Startup_3067,2019,USA,EdTech,Series C,308,2922,913,31.89,No,Yes,37
Startup_3068,2018,UK,AI,Seed,221,4260,165,4.52,Yes,No,99
Startup_3069,2001,Japan,Gaming,Seed,105,1883,68,27.96,No,No,8
Startup_3070,2001,Japan,Energy,IPO,415,78,663,3.46,No,No,4
Startup_3071,2022,China,Gaming,Series A,104,4641,800,23.03,Yes,No,14
Startup_3072,2000,Germany,Gaming,Series C,448,75,724,4.3,No,Yes,96
Startup_3073,2010,Australia,FinTech,IPO,385,3667,161,40.83,No,No,64
Startup_3074,2008,Japan,FinTech,Series B,313,4731,944,37.22,Yes,No,71
Startup_3075,2013,France,Logistics,Seed,281,962,753,16.95,No,No,79
Startup_3076,2015,France,FoodTech,Seed,342,3754,988,25.87,Yes,Yes,26
Startup_3077,2019,Japan,Healthcare,IPO,447,872,846,34.88,No,Yes,71
Startup_3078,2021,Japan,Energy,Series B,440,460,63,2,Yes,Yes,62
Startup_3079,2007,Germany,AI,Series C,238,4173,124,0.57,No,Yes,81
Startup_3080,2008,Canada,Healthcare,Series B,68,4630,359,27.16,Yes,No,42
Startup_3081,2019,USA,Gaming,Series B,139,705,423,18.89,Yes,No,39
Startup_3082,2020,France,Gaming,Series C,281,46,608,21.14,No,Yes,79
Startup_3083,2009,Germany,Logistics,IPO,419,1875,482,11.92,No,No,18
Startup_3084,2021,Japan,AI,Series A,444,2744,212,13.25,Yes,Yes,4
Startup_3085,2016,Australia,Gaming,Series C,306,3295,82,23.59,Yes,No,5
Startup_3086,2000,Brazil,EdTech,Series B,268,1291,232,29.84,Yes,No,28
Startup_3087,2002,USA,AI,Series A,200,2058,902,7.75,No,No,9
Startup_3088,2019,Australia,Healthcare,Series C,40,2479,863,38.46,Yes,Yes,90
Startup_3089,2015,UK,Healthcare,Seed,193,719,591,1.49,Yes,No,72
Startup_3090,2016,Australia,E-commerce,Series C,402,4487,624,15.13,No,No,47
Startup_3091,2020,USA,FinTech,Series B,86,2186,207,48.25,No,No,6
Startup_3092,2010,China,Energy,IPO,224,604,125,35.95,No,Yes,40
Startup_3093,2007,Germany,Gaming,Series A,294,639,930,14.56,Yes,No,22
Startup_3094,2022,USA,Tech,IPO,440,4911,972,15.87,No,No,96
Startup_3095,2018,USA,E-commerce,Series A,37,1424,786,11.47,Yes,Yes,73
Startup_3096,2018,India,Logistics,Series C,440,664,236,1.11,No,Yes,5
Startup_3097,2013,UK,Gaming,IPO,24,127,604,29.79,Yes,No,49
Startup_3098,2000,Germany,AI,IPO,95,4543,722,26.67,Yes,No,59
Startup_3099,2020,India,Healthcare,Series B,206,3005,647,32.9,No,No,31
Startup_3100,2003,USA,Healthcare,IPO,90,1735,952,38.99,Yes,No,3
Startup_3101,2002,UK,Gaming,Series C,10,1164,440,11.21,No,Yes,38
Startup_3102,2007,USA,FoodTech,Series A,441,4235,317,3.23,No,Yes,9
Startup_3103,2004,India,FoodTech,Seed,211,1319,684,1.42,Yes,Yes,76
Startup_3104,2013,Brazil,AI,IPO,122,2603,640,42.96,No,Yes,88
Startup_3105,2010,Brazil,Gaming,Series C,370,2215,326,0.44,No,Yes,1
Startup_3106,2003,Canada,FinTech,Series A,304,1605,150,9.9,Yes,No,15
Startup_3107,2014,China,FoodTech,Series C,263,4841,363,8.28,Yes,No,39
Startup_3108,2010,China,EdTech,IPO,86,2249,876,5.47,Yes,No,99
Startup_3109,2001,Germany,Gaming,Seed,277,3211,933,32.82,Yes,Yes,81
Startup_3110,2014,UK,EdTech,Series C,49,1384,830,3.05,No,Yes,75
Startup_3111,2019,China,E-commerce,Series C,452,3302,219,4.59,Yes,No,73
Startup_3112,2017,France,EdTech,IPO,414,2247,656,49.27,No,Yes,88
Startup_3113,2005,UK,FinTech,Series B,3,1038,479,29.01,No,Yes,6
Startup_3114,2010,Japan,E-commerce,Seed,260,3180,343,28.89,Yes,Yes,70
Startup_3115,2008,Germany,FinTech,Seed,206,2836,306,37.98,Yes,No,66
Startup_3116,2019,Germany,Tech,Series C,183,3491,587,36.47,Yes,No,73
Startup_3117,2016,Canada,Healthcare,Series B,237,4669,158,14.2,No,Yes,56
Startup_3118,2002,Canada,EdTech,Series A,448,4965,653,49.97,No,Yes,42
Startup_3119,2000,China,E-commerce,Series C,72,1669,319,18.79,Yes,No,69
Startup_3120,2000,Canada,FoodTech,Series C,76,4002,142,36.07,Yes,No,74
Startup_3121,2020,China,Healthcare,Series A,155,734,656,36.97,Yes,No,22
Startup_3122,2006,Brazil,FoodTech,Series B,336,3686,953,25.66,Yes,No,70
Startup_3123,2017,France,Logistics,Seed,70,4890,538,41.2,No,Yes,86
Startup_3124,2021,Brazil,AI,Series C,413,3326,26,49.93,No,No,56
Startup_3125,2007,Germany,FinTech,Series C,306,81,461,46.72,No,Yes,89
Startup_3126,2019,France,Energy,Series C,187,4216,561,23.98,No,Yes,25
Startup_3127,2011,Canada,Gaming,Series B,45,345,636,17.18,No,Yes,33
Startup_3128,2018,USA,Healthcare,Series A,281,1731,698,19.42,No,No,32
Startup_3129,2003,Japan,Tech,Series A,185,1240,188,21.85,No,No,80
Startup_3130,2002,France,Tech,Seed,37,3891,262,48.71,No,Yes,7
Startup_3131,2012,UK,Tech,Series C,305,4673,667,49.04,No,No,33
Startup_3132,2016,Brazil,E-commerce,IPO,211,985,35,13.72,Yes,Yes,50
Startup_3133,2014,India,FinTech,Series C,304,3120,890,22.52,No,Yes,49
Startup_3134,2018,Germany,FinTech,Series B,306,185,899,3.43,No,Yes,5
Startup_3135,2007,UK,AI,Seed,224,135,695,34.69,Yes,No,84
Startup_3136,2020,Canada,Logistics,Series B,255,530,679,22.47,No,No,25
Startup_3137,2010,Australia,Gaming,IPO,145,3285,979,32.69,Yes,No,42
Startup_3138,2022,Canada,AI,Series B,291,3008,272,22.16,No,Yes,44
Startup_3139,2021,Brazil,Tech,IPO,389,4617,474,38.59,Yes,No,80
Startup_3140,2009,UK,Logistics,Series C,210,1953,401,16.54,Yes,Yes,94
Startup_3141,2018,Japan,Tech,Series B,276,3568,238,9.56,Yes,No,56
Startup_3142,2016,Canada,FoodTech,Series A,360,4016,85,43.93,Yes,No,56
Startup_3143,2017,Germany,Tech,Series A,86,4353,317,1.61,No,Yes,31
Startup_3144,2016,Japan,Logistics,Series A,355,2497,245,3.03,Yes,Yes,94
Startup_3145,2021,Japan,AI,Seed,222,3979,219,2.09,Yes,No,39
Startup_3146,2007,Brazil,Healthcare,Series B,127,4195,176,16.63,Yes,No,77
Startup_3147,2019,Australia,Logistics,Seed,155,2898,12,3.54,Yes,Yes,65
Startup_3148,2022,Brazil,E-commerce,Series A,230,3025,81,36.68,Yes,Yes,41
Startup_3149,2020,Japan,E-commerce,Series A,279,4280,107,4.03,Yes,Yes,52
Startup_3150,2019,China,Energy,IPO,168,3844,347,24.18,Yes,No,1
Startup_3151,2016,Brazil,FoodTech,Series C,31,4095,233,49.83,No,Yes,89
Startup_3152,2021,India,Logistics,Seed,480,3436,867,26.06,No,No,82
Startup_3153,2019,Canada,Healthcare,Series A,377,192,23,22.22,Yes,No,71
Startup_3154,2022,France,Tech,IPO,93,3698,246,32.46,No,Yes,6
Startup_3155,2015,Canada,AI,Seed,362,989,987,43.43,No,No,30
Startup_3156,2020,USA,FoodTech,Seed,372,1082,490,17.23,No,No,70
Startup_3157,2019,Australia,Logistics,Seed,498,2741,738,17.68,No,Yes,69
Startup_3158,2001,Germany,FoodTech,Seed,241,4907,961,33.01,Yes,No,78
Startup_3159,2010,Japan,Gaming,IPO,155,3842,653,9.53,Yes,No,94
Startup_3160,2010,Brazil,Energy,Series A,33,2238,745,5.89,No,No,28
Startup_3161,2021,France,FoodTech,Series C,40,2266,231,26.25,No,No,74
Startup_3162,2020,Canada,Gaming,Series A,326,1177,763,48.63,No,Yes,89
Startup_3163,2009,USA,FinTech,Series B,215,2474,929,46.96,Yes,Yes,12
Startup_3164,2007,Canada,Tech,Series C,463,4327,358,15.94,No,Yes,39
Startup_3165,2000,Brazil,E-commerce,Seed,234,1905,954,13.17,Yes,No,98
Startup_3166,2019,Germany,Healthcare,Series A,13,1687,930,17.18,No,No,5
Startup_3167,2007,France,Healthcare,Series B,135,2466,197,26.67,No,Yes,17
Startup_3168,2010,UK,E-commerce,Series A,130,4953,36,47.8,No,Yes,14
Startup_3169,2017,Germany,AI,IPO,374,1669,177,17.33,Yes,No,16
Startup_3170,2002,USA,FoodTech,Seed,269,1800,793,48.78,Yes,Yes,23
Startup_3171,2005,Brazil,FinTech,IPO,368,3302,536,29.12,Yes,Yes,8
Startup_3172,2009,Japan,EdTech,Seed,177,2161,79,9.94,No,No,77
Startup_3173,2010,USA,Healthcare,IPO,31,107,677,30.32,Yes,Yes,99
Startup_3174,2022,USA,FinTech,Series A,176,406,670,48.49,Yes,No,5
Startup_3175,2010,USA,Healthcare,Series C,419,394,305,1.45,Yes,Yes,78
Startup_3176,2021,UK,Energy,Series C,101,2720,596,46.01,Yes,No,35
Startup_3177,2022,UK,Gaming,Series C,384,414,985,11.37,Yes,Yes,72
Startup_3178,2004,Germany,E-commerce,IPO,68,1450,610,26.27,Yes,Yes,48
Startup_3179,2014,USA,Healthcare,Seed,340,997,93,33.5,Yes,Yes,34
Startup_3180,2019,Canada,FoodTech,Series A,74,2817,459,43.28,No,Yes,54
Startup_3181,2010,France,Energy,IPO,113,3957,406,3.54,No,Yes,46
Startup_3182,2000,USA,Gaming,Series B,249,4451,251,7.62,No,No,95
Startup_3183,2002,Australia,Logistics,Seed,6,271,74,24.89,Yes,No,13
Startup_3184,2004,Canada,Gaming,Series B,309,1572,494,46.81,No,Yes,77
Startup_3185,2012,Brazil,Gaming,Seed,186,4562,637,47.13,No,Yes,8
Startup_3186,2007,India,Logistics,Series B,391,3766,102,39.06,Yes,No,38
Startup_3187,2010,Germany,AI,Series A,284,4397,539,7.21,Yes,Yes,53
Startup_3188,2004,Germany,Tech,Series B,210,1722,36,25.72,Yes,Yes,91
Startup_3189,2006,India,Tech,IPO,244,3217,533,19.15,No,Yes,91
Startup_3190,2004,Germany,Energy,Series C,268,2878,761,35.26,Yes,No,40
Startup_3191,2007,USA,Healthcare,Series B,337,1522,823,33.45,No,Yes,45
Startup_3192,2006,China,Logistics,Series B,482,3827,729,33.64,Yes,Yes,74
Startup_3193,2015,Canada,FoodTech,Series B,113,3177,651,18.89,No,No,42
Startup_3194,2011,Australia,Energy,IPO,465,1617,8,49.87,No,No,69
Startup_3195,2021,China,FoodTech,Series C,1,4283,335,4.81,No,No,77
Startup_3196,2005,France,AI,Series C,438,3420,509,25.71,No,Yes,67
Startup_3197,2009,Brazil,AI,Seed,189,3747,564,0.11,No,Yes,53
Startup_3198,2010,UK,E-commerce,Series C,112,2081,85,44.84,No,No,16
Startup_3199,2007,Germany,FinTech,Series C,43,2975,552,24.98,No,No,39
Startup_3200,2001,Brazil,EdTech,Seed,74,2375,907,31.12,Yes,No,38
Startup_3201,2004,Australia,Tech,IPO,302,2464,489,11.43,No,No,62
Startup_3202,2001,UK,Logistics,IPO,136,808,833,11.06,No,Yes,6
Startup_3203,2012,India,EdTech,Seed,289,230,213,28.23,No,Yes,7
Startup_3204,2015,France,E-commerce,Series A,445,4822,805,34.45,Yes,No,37
Startup_3205,2007,China,Gaming,Series B,262,3558,42,39.2,Yes,No,28
Startup_3206,2020,France,FoodTech,Series C,324,4984,252,44.89,Yes,Yes,40
Startup_3207,2006,Brazil,Gaming,IPO,242,2102,962,15.41,Yes,No,72
Startup_3208,2006,India,E-commerce,Series A,420,1757,991,14.36,Yes,Yes,17
Startup_3209,2014,Germany,AI,Series C,340,1505,992,1.38,Yes,No,57
Startup_3210,2006,Brazil,EdTech,Seed,286,3173,613,33.8,Yes,Yes,96
Startup_3211,2016,China,FinTech,Series C,358,2054,783,18.13,Yes,Yes,42
Startup_3212,2016,Canada,E-commerce,Series B,38,2622,785,33.76,Yes,Yes,37
Startup_3213,2018,China,Healthcare,Series C,462,4153,645,46.35,Yes,Yes,72
Startup_3214,2021,USA,AI,Series C,122,4275,920,28.24,Yes,Yes,21
Startup_3215,2014,India,Tech,IPO,293,3820,23,43.54,Yes,Yes,82
Startup_3216,2002,Brazil,FinTech,Seed,153,1478,675,47.01,Yes,No,69
Startup_3217,2009,India,FinTech,Series A,153,838,157,20.51,Yes,Yes,61
Startup_3218,2011,Japan,Logistics,Series C,192,3627,942,23.34,No,No,10
Startup_3219,2021,India,Logistics,Seed,494,1696,30,30.26,Yes,No,85
Startup_3220,2011,India,Tech,IPO,251,4474,520,39.83,Yes,No,43
Startup_3221,2004,Canada,FoodTech,IPO,278,1324,656,21.91,No,Yes,18
Startup_3222,2002,Canada,Gaming,Series B,495,2020,14,48.13,No,No,72
Startup_3223,2020,Japan,Gaming,IPO,277,4162,903,10.64,Yes,No,23
Startup_3224,2014,India,Tech,Series C,391,4489,296,11.5,Yes,No,39
Startup_3225,2008,Australia,Healthcare,Series B,243,2714,432,30.87,Yes,Yes,27
Startup_3226,2012,France,EdTech,Series B,81,3452,46,27.34,No,No,33
Startup_3227,2006,Japan,Logistics,Seed,494,3441,573,31.35,No,Yes,18
Startup_3228,2012,France,EdTech,Seed,92,3291,386,34.81,No,Yes,21
Startup_3229,2014,Brazil,FoodTech,IPO,279,2036,324,23.23,Yes,No,16
Startup_3230,2012,Japan,Logistics,Seed,441,2458,91,14.55,No,No,46
Startup_3231,2004,UK,FinTech,Series B,498,18,221,47.75,No,Yes,86
Startup_3232,2003,India,FinTech,Series B,134,4943,375,42.53,Yes,No,23
Startup_3233,2002,Australia,AI,Series A,73,3383,857,1.81,Yes,No,45
Startup_3234,2014,Canada,Logistics,IPO,86,650,999,22.08,No,Yes,57
Startup_3235,2013,Japan,EdTech,Series B,481,3753,510,17.3,Yes,Yes,70
Startup_3236,2001,Canada,E-commerce,IPO,9,3945,112,23.02,No,No,32
Startup_3237,2012,Japan,E-commerce,Series A,313,2260,246,32.75,Yes,Yes,32
Startup_3238,2016,Brazil,Logistics,Series A,89,4134,78,39.47,Yes,Yes,75
Startup_3239,2020,China,Gaming,Seed,225,2913,629,40.44,Yes,Yes,90
Startup_3240,2013,Australia,Gaming,IPO,235,559,336,36.92,Yes,No,51
Startup_3241,2010,France,EdTech,IPO,461,4583,379,47.05,Yes,Yes,60
Startup_3242,2011,India,AI,IPO,116,3838,132,45.2,No,No,31
Startup_3243,2014,Brazil,FoodTech,Series A,301,4193,760,25.91,No,Yes,25
Startup_3244,2020,Australia,Gaming,Series A,101,667,308,49.21,No,Yes,55
Startup_3245,2017,UK,FinTech,Series C,429,235,698,35.17,Yes,No,81
Startup_3246,2005,Japan,Tech,Series B,263,3254,341,14.39,Yes,No,46
Startup_3247,2001,Canada,Energy,Series B,217,3496,130,3.24,No,Yes,42
Startup_3248,2013,Brazil,Energy,Series C,322,212,691,22.51,No,No,32
Startup_3249,2008,Canada,Gaming,Series A,445,1255,562,11.1,Yes,Yes,2
Startup_3250,2022,Japan,Logistics,Seed,147,4780,943,31.72,No,No,36
Startup_3251,2021,China,Healthcare,Series B,306,1452,784,5.87,Yes,No,94
Startup_3252,2013,Germany,Tech,IPO,459,516,408,6.12,No,Yes,28
Startup_3253,2016,France,Healthcare,Seed,166,2617,786,13.65,No,No,50
Startup_3254,2011,Canada,Logistics,Series B,193,798,102,42.73,Yes,No,99
Startup_3255,2003,India,E-commerce,Series B,72,310,222,31.44,No,No,17
Startup_3256,2015,Brazil,Healthcare,Series C,283,1315,358,18.19,No,Yes,23
Startup_3257,2013,India,Gaming,Series C,357,732,885,14.43,Yes,Yes,44
Startup_3258,2004,Canada,FinTech,Series A,440,3163,56,11.26,No,No,3
Startup_3259,2016,France,Tech,Series B,4,3771,580,6.84,Yes,No,1
Startup_3260,2009,USA,EdTech,IPO,38,2439,541,6.51,No,Yes,91
Startup_3261,2020,Germany,Energy,Seed,49,538,399,3.33,Yes,Yes,96
Startup_3262,2002,Australia,AI,IPO,469,1192,528,18.51,Yes,No,11
Startup_3263,2007,UK,Logistics,Seed,398,3852,211,25.64,No,Yes,82
Startup_3264,2005,Germany,Logistics,Series C,334,4165,955,31.57,No,No,97
Startup_3265,2003,Brazil,E-commerce,Seed,133,799,545,26.7,No,No,58
Startup_3266,2008,Japan,FoodTech,IPO,341,623,554,25.43,No,No,68
Startup_3267,2010,Australia,FoodTech,Series A,269,1370,907,16.47,No,No,90
Startup_3268,2020,Brazil,Energy,Series B,321,4880,937,3.4,No,No,34
Startup_3269,2018,USA,FoodTech,Series B,429,1319,472,45.19,No,No,71
Startup_3270,2008,USA,Logistics,Series C,360,3923,819,22.9,No,Yes,24
Startup_3271,2005,USA,Logistics,Series A,73,4931,122,1.4,Yes,No,22
Startup_3272,2014,Germany,FinTech,IPO,316,2104,511,5.27,Yes,Yes,44
Startup_3273,2016,France,FoodTech,Seed,126,4563,594,44.74,No,Yes,10
Startup_3274,2006,Australia,Logistics,Series A,386,1167,105,15.47,Yes,Yes,40
Startup_3275,2015,Brazil,Healthcare,Series C,341,3086,774,13.44,No,Yes,88
Startup_3276,2005,Brazil,Tech,IPO,299,1002,468,36.38,Yes,No,1
Startup_3277,2016,India,Tech,IPO,431,3206,583,0.34,No,No,10
Startup_3278,2018,China,EdTech,Series B,234,3225,95,29.77,Yes,No,10
Startup_3279,2013,Japan,FinTech,Series C,490,527,326,34.91,Yes,Yes,15
Startup_3280,2019,UK,Energy,IPO,80,4798,153,2.32,Yes,No,22
Startup_3281,2008,Japan,Healthcare,IPO,277,2862,862,20.3,Yes,Yes,96
Startup_3282,2018,France,Tech,IPO,297,3867,933,48.38,Yes,No,45
Startup_3283,2008,UK,Logistics,Series A,105,315,767,17.17,No,No,7
Startup_3284,2014,Germany,FinTech,IPO,377,910,334,18.95,No,Yes,38
Startup_3285,2014,UK,Tech,Series A,428,1165,497,44.08,Yes,No,36
Startup_3286,2000,Australia,EdTech,Series C,425,4507,841,1.88,Yes,Yes,47
Startup_3287,2014,Brazil,E-commerce,Series C,269,3600,8,49.71,Yes,Yes,64
Startup_3288,2008,India,Tech,IPO,234,778,509,1.97,Yes,Yes,38
Startup_3289,2015,Canada,AI,Seed,349,2513,73,20.19,Yes,Yes,94
Startup_3290,2019,Japan,Logistics,Series A,253,3174,349,0.26,No,No,43
Startup_3291,2012,USA,EdTech,Seed,362,2340,93,8.88,No,No,81
Startup_3292,2021,Brazil,Tech,Series B,429,1945,62,36.08,No,Yes,10
Startup_3293,2015,India,Energy,Series C,120,3046,151,49.89,No,Yes,78
Startup_3294,2015,USA,Logistics,IPO,494,3647,36,42.51,Yes,No,2
Startup_3295,2020,France,Logistics,Seed,347,4384,38,34.87,No,No,50
Startup_3296,2010,Germany,FoodTech,Series B,51,2070,910,27.8,No,Yes,40
Startup_3297,2020,Canada,Energy,Seed,357,2117,698,19.45,Yes,Yes,36
Startup_3298,2003,India,Gaming,IPO,144,1430,94,16.66,No,Yes,51
Startup_3299,2017,Canada,FinTech,Series A,282,3185,685,11.98,No,No,67
Startup_3300,2001,Germany,E-commerce,Series A,350,3802,606,31.61,No,No,21
Startup_3301,2001,India,FoodTech,IPO,113,19,1,40.75,Yes,Yes,44
Startup_3302,2016,Japan,E-commerce,Seed,79,3820,807,43.62,Yes,No,5
Startup_3303,2015,Australia,FinTech,Seed,459,3809,611,9.45,No,No,30
Startup_3304,2020,India,AI,Series C,298,4334,117,24.99,Yes,Yes,67
Startup_3305,2003,Japan,AI,IPO,155,1422,137,4.82,No,Yes,41
Startup_3306,2006,USA,Tech,IPO,115,287,961,47.38,Yes,No,34
Startup_3307,2011,China,FoodTech,IPO,491,1058,882,26.45,Yes,Yes,77
Startup_3308,2009,Brazil,Tech,Series A,451,930,561,4.76,No,No,12
Startup_3309,2002,India,Logistics,Series C,490,2119,888,44.4,Yes,Yes,46
Startup_3310,2011,Canada,EdTech,IPO,45,159,716,13.53,Yes,Yes,25
Startup_3311,2008,Australia,Gaming,Seed,384,3382,14,45.2,No,No,94
Startup_3312,2020,Brazil,E-commerce,Series B,294,2588,741,37.46,Yes,Yes,46
Startup_3313,2012,Australia,Gaming,Series B,493,3435,258,12.26,Yes,Yes,21
Startup_3314,2010,UK,FoodTech,Series C,230,4570,477,40.41,No,No,55
Startup_3315,2000,Canada,E-commerce,IPO,192,1237,731,28.08,Yes,No,1
Startup_3316,2004,France,FoodTech,IPO,77,2771,922,45.8,No,Yes,65
Startup_3317,2018,Germany,AI,Series C,297,4984,322,13.9,No,No,30
Startup_3318,2005,Australia,FinTech,Series A,49,520,346,22.86,Yes,Yes,5
Startup_3319,2000,Germany,AI,IPO,119,2738,346,34.95,Yes,No,22
Startup_3320,2005,China,FinTech,Series C,42,2426,168,24.36,No,No,83
Startup_3321,2010,Australia,Healthcare,Series C,384,2495,518,45.8,No,No,95
Startup_3322,2009,Canada,AI,Series B,123,2285,997,18.51,Yes,No,1
Startup_3323,2000,UK,Gaming,IPO,18,3007,98,9.85,Yes,No,27
Startup_3324,2015,India,Logistics,Series C,185,1943,83,29.19,Yes,No,67
Startup_3325,2012,Australia,AI,Series B,3,4720,654,8.46,No,No,11
Startup_3326,2010,UK,E-commerce,Series A,205,53,483,16.43,Yes,Yes,33
Startup_3327,2002,Brazil,AI,Series A,407,4450,120,16.75,Yes,No,98
Startup_3328,2006,Canada,Healthcare,IPO,68,1098,361,37.57,No,Yes,98
Startup_3329,2003,UK,Gaming,Series A,357,4132,840,33.18,No,No,72
Startup_3330,2020,France,E-commerce,Series B,179,2871,252,31.05,Yes,Yes,72
Startup_3331,2014,Japan,AI,Seed,347,560,394,14.15,No,No,89
Startup_3332,2003,Canada,Gaming,Seed,416,4363,226,0.14,No,Yes,96
Startup_3333,2021,Australia,EdTech,Series B,6,1702,869,46.47,No,No,79
Startup_3334,2003,Canada,Energy,IPO,386,4766,186,24.5,No,No,63
Startup_3335,2022,Australia,Tech,Series B,377,972,704,20.07,No,No,29
Startup_3336,2020,France,Energy,IPO,464,1482,704,27.81,No,No,4
Startup_3337,2001,France,Logistics,Series C,196,1762,122,11.82,No,No,77
Startup_3338,2010,USA,Healthcare,Series A,95,2616,110,2.44,Yes,No,64
Startup_3339,2017,USA,Energy,Series C,343,1531,328,18.51,Yes,Yes,99
Startup_3340,2002,Brazil,EdTech,Series B,412,3428,405,48.74,Yes,Yes,40
Startup_3341,2021,Australia,FinTech,IPO,85,3744,351,22.31,No,No,62
Startup_3342,2019,Canada,Tech,IPO,213,3052,862,22.75,Yes,No,46
Startup_3343,2008,Brazil,Tech,Series C,227,1088,967,13.61,No,No,51
Startup_3344,2018,USA,EdTech,Series A,103,717,346,31.98,No,No,2
Startup_3345,2007,Canada,FoodTech,Series B,426,88,572,24.28,Yes,Yes,52
Startup_3346,2022,France,Energy,Series A,489,67,162,47.64,Yes,No,1
Startup_3347,2018,Japan,EdTech,Seed,372,4325,184,4.82,No,No,24
Startup_3348,2010,China,FoodTech,Seed,473,4691,837,45.24,Yes,Yes,13
Startup_3349,2000,Canada,FinTech,Series B,481,4332,19,31.61,No,Yes,59
Startup_3350,2011,India,Gaming,Series B,8,2344,277,16.23,No,No,68
Startup_3351,2022,USA,EdTech,Series B,291,4665,654,30.39,Yes,Yes,72
Startup_3352,2004,Brazil,E-commerce,Series B,213,3060,201,7.34,No,No,43
Startup_3353,2012,Canada,Tech,IPO,370,2794,36,1.99,Yes,No,82
Startup_3354,2000,Japan,AI,Series A,54,4836,933,38.11,Yes,Yes,24
Startup_3355,2021,Germany,Tech,Series B,11,291,607,22.41,No,No,50
Startup_3356,2005,France,E-commerce,Series B,146,2310,915,11.73,Yes,No,31
Startup_3357,2014,India,FinTech,Series B,438,3224,620,43.56,No,No,58
Startup_3358,2002,China,EdTech,Series C,21,1008,808,29.41,Yes,No,90
Startup_3359,2012,India,Logistics,Series A,481,4773,918,2.76,No,No,96
Startup_3360,2018,USA,Gaming,Series A,130,1793,962,10.14,No,No,90
Startup_3361,2020,Canada,Logistics,Series B,246,2897,5,1.96,No,Yes,1
Startup_3362,2000,France,Healthcare,Series A,114,3200,837,7.1,Yes,Yes,29
Startup_3363,2006,USA,FoodTech,Seed,314,1325,235,39.19,No,No,63
Startup_3364,2000,UK,FinTech,Series B,312,2475,978,5.35,Yes,No,63
Startup_3365,2010,France,AI,Series C,283,2593,85,27.62,No,Yes,86
Startup_3366,2000,India,FoodTech,Seed,162,3682,795,22.1,Yes,No,92
Startup_3367,2009,Japan,Logistics,Series A,435,4138,346,25.52,Yes,Yes,94
Startup_3368,2015,Brazil,FoodTech,Series C,124,4869,780,27.96,Yes,Yes,70
Startup_3369,2005,Japan,Healthcare,IPO,463,718,394,18.03,No,Yes,87
Startup_3370,2011,France,Energy,IPO,31,2847,272,20.69,No,Yes,40
Startup_3371,2017,Japan,EdTech,Series B,7,948,70,14.55,No,No,48
Startup_3372,2003,Canada,FinTech,Series B,419,3160,105,8.16,No,Yes,55
Startup_3373,2009,China,AI,Series B,217,4642,781,47.15,No,No,83
Startup_3374,2017,France,AI,Series B,353,1024,561,36.89,Yes,No,27
Startup_3375,2001,Germany,FoodTech,Series B,188,137,265,32.53,No,No,86
Startup_3376,2022,USA,Logistics,Series B,125,4132,323,1.24,No,Yes,47
Startup_3377,2000,India,Tech,Series A,32,2717,285,14.83,No,Yes,28
Startup_3378,2005,China,Energy,Seed,128,4328,358,7.62,No,No,13
Startup_3379,2015,China,Energy,IPO,161,1292,798,24.58,No,Yes,14
Startup_3380,2018,USA,Healthcare,Series C,271,4822,295,30.74,No,No,85
Startup_3381,2020,Japan,Logistics,Series B,198,1783,624,25.77,No,No,58
Startup_3382,2021,Japan,Healthcare,IPO,144,4647,775,26.78,No,No,48
Startup_3383,2008,Japan,AI,IPO,280,3319,920,46.71,No,No,23
Startup_3384,2005,Australia,FoodTech,Series C,229,3989,901,46.59,Yes,No,4
Startup_3385,2005,Germany,E-commerce,Series C,210,3091,652,14.03,No,No,85
Startup_3386,2018,Brazil,FinTech,IPO,442,3317,313,15.34,No,Yes,28
Startup_3387,2022,France,Energy,Series C,288,1253,297,40.14,No,Yes,6
Startup_3388,2005,USA,AI,Series A,210,141,821,26.37,No,Yes,80
Startup_3389,2006,Japan,Logistics,IPO,248,3813,182,17.32,No,No,87
Startup_3390,2010,Brazil,E-commerce,Series A,213,1148,502,27.97,Yes,No,78
Startup_3391,2017,Australia,Logistics,Series A,56,3371,44,30.97,No,No,10
Startup_3392,2015,Canada,Logistics,Seed,471,3947,716,42.95,No,No,7
Startup_3393,2021,USA,Healthcare,Series C,223,3415,285,26.09,Yes,No,43
Startup_3394,2000,Australia,EdTech,Seed,252,3275,350,26.52,Yes,Yes,33
Startup_3395,2020,India,AI,Series A,371,3263,910,36.86,Yes,No,12
Startup_3396,2013,Canada,Energy,Series A,271,2675,90,7.83,Yes,No,3
Startup_3397,2012,Canada,Gaming,IPO,166,4059,776,0.43,Yes,Yes,49
Startup_3398,2022,Canada,AI,Series B,430,4265,33,19.19,Yes,No,58
Startup_3399,2002,China,Gaming,Series A,35,2849,694,6.49,No,Yes,85
Startup_3400,2013,UK,EdTech,Series A,68,161,495,4.33,No,No,27
Startup_3401,2017,China,FinTech,Series A,432,1744,132,6.52,Yes,No,49
Startup_3402,2012,China,FinTech,Seed,241,3641,892,36.54,No,No,56
Startup_3403,2021,Brazil,Tech,Series A,255,2929,84,44.16,Yes,Yes,85
Startup_3404,2020,Japan,FoodTech,Series B,193,343,274,7.53,Yes,Yes,25
Startup_3405,2003,China,FinTech,Series B,445,4618,58,26.82,No,Yes,18
Startup_3406,2014,UK,Tech,Seed,325,1113,351,12.09,No,Yes,64
Startup_3407,2014,Germany,Energy,Series A,387,1269,446,20.12,No,No,52
Startup_3408,2018,Germany,Energy,IPO,385,2753,372,17.47,Yes,Yes,47
Startup_3409,2019,Germany,Energy,Series C,305,228,430,27.86,No,No,92
Startup_3410,2003,Japan,Gaming,Seed,431,2094,618,28.26,Yes,Yes,52
Startup_3411,2020,Japan,AI,Seed,150,1206,989,27.8,Yes,Yes,3
Startup_3412,2018,Brazil,Healthcare,IPO,481,2119,977,16.87,No,No,56
Startup_3413,2000,Brazil,FinTech,IPO,113,3127,836,8.52,Yes,No,58
Startup_3414,2015,Australia,FinTech,Series A,439,1535,28,12.15,No,Yes,19
Startup_3415,2003,Australia,E-commerce,Series C,288,3242,314,32.29,No,No,21
Startup_3416,2016,Japan,Logistics,Series B,397,3985,491,8.16,Yes,No,39
Startup_3417,2002,China,Energy,Seed,132,2514,265,9.63,No,Yes,37
Startup_3418,2004,USA,Tech,Series C,378,4683,632,31.4,No,Yes,52
Startup_3419,2019,USA,E-commerce,Series B,289,1072,135,44.77,No,No,32
Startup_3420,2022,Brazil,FinTech,Series A,72,296,227,21.68,Yes,No,78
Startup_3421,2007,Germany,Tech,Series C,479,1417,93,14.03,No,No,29
Startup_3422,2005,France,Gaming,Series C,297,4164,188,25.2,No,No,81
Startup_3423,2013,Japan,FinTech,Series B,55,2566,717,27.21,No,No,54
Startup_3424,2003,USA,EdTech,Seed,293,1209,787,28.05,Yes,No,87
Startup_3425,2003,Japan,Logistics,Seed,191,701,490,5.14,Yes,No,25
Startup_3426,2014,Brazil,AI,Seed,477,3864,834,32.26,No,No,32
Startup_3427,2007,France,E-commerce,Series C,333,4256,701,22.52,Yes,Yes,79
Startup_3428,2022,China,Gaming,Series A,497,4619,43,36.22,No,Yes,74
Startup_3429,2017,UK,AI,Series A,347,2070,236,33.53,Yes,No,19
Startup_3430,2005,China,Gaming,Series A,298,258,407,39.76,No,Yes,38
Startup_3431,2008,UK,AI,Seed,269,2375,359,32.52,No,Yes,47
Startup_3432,2008,Canada,Gaming,IPO,405,2854,267,3.36,No,No,21
Startup_3433,2022,Japan,Logistics,Series A,159,2633,577,3.55,Yes,Yes,61
Startup_3434,2016,UK,Tech,Seed,213,1364,623,14.61,Yes,Yes,35
Startup_3435,2015,Japan,FinTech,Series C,209,3077,897,43.43,Yes,Yes,57
Startup_3436,2021,Canada,Gaming,Series C,294,3789,574,40.81,No,No,31
Startup_3437,2017,India,Gaming,Series C,187,1641,104,7.83,No,No,48
Startup_3438,2003,Australia,E-commerce,Series A,161,2326,846,25.16,Yes,No,25
Startup_3439,2010,Canada,Gaming,Series A,344,3891,228,39.36,Yes,Yes,1
Startup_3440,2020,India,AI,IPO,479,3353,867,19.68,No,Yes,18
Startup_3441,2021,Brazil,Gaming,Seed,1,3892,227,49.58,Yes,No,38
Startup_3442,2009,France,Gaming,Seed,253,4725,879,27.21,Yes,Yes,89
Startup_3443,2022,India,EdTech,Series B,250,115,325,32.81,No,No,76
Startup_3444,2006,UK,Energy,Seed,25,1671,292,2.2,No,Yes,20
Startup_3445,2012,Germany,FoodTech,Series B,55,1826,13,18.02,No,No,79
Startup_3446,2016,France,Logistics,Series B,186,500,351,19.3,No,Yes,54
Startup_3447,2009,Germany,FoodTech,Series C,226,602,464,47.88,Yes,Yes,97
Startup_3448,2002,Brazil,Healthcare,Series B,476,3728,356,48.57,No,Yes,16
Startup_3449,2013,Brazil,E-commerce,Series C,330,2500,454,44.18,No,Yes,13
Startup_3450,2004,UK,E-commerce,Seed,186,3730,484,23.2,Yes,No,36
Startup_3451,2016,France,AI,IPO,176,1705,113,5.21,Yes,No,90
Startup_3452,2013,USA,Gaming,Series B,152,1334,602,12.01,No,Yes,66
Startup_3453,2005,USA,EdTech,IPO,275,67,169,41.15,No,Yes,66
Startup_3454,2013,USA,AI,Series C,481,1098,836,35.37,No,Yes,4
Startup_3455,2003,Brazil,Gaming,Seed,138,3491,404,39.44,No,Yes,67
Startup_3456,2007,Germany,Energy,Seed,293,2938,31,24.91,No,Yes,4
Startup_3457,2021,Australia,E-commerce,Seed,116,3291,115,4.12,Yes,No,96
Startup_3458,2009,Canada,E-commerce,IPO,357,4760,754,18.71,Yes,No,98
Startup_3459,2020,Australia,Gaming,Series A,142,109,860,8.24,No,No,22
Startup_3460,2004,China,FinTech,Series A,431,4084,868,41.37,Yes,Yes,53
Startup_3461,2000,UK,Tech,Seed,275,2161,251,45.06,Yes,Yes,75
Startup_3462,2008,Canada,Logistics,Seed,484,523,529,28.32,No,Yes,61
Startup_3463,2013,Germany,Tech,Series C,399,1816,549,6.16,Yes,No,54
Startup_3464,2000,Brazil,E-commerce,IPO,67,383,827,22.95,Yes,Yes,41
Startup_3465,2016,USA,EdTech,IPO,103,4564,297,38.65,Yes,Yes,14
Startup_3466,2014,USA,FoodTech,IPO,472,2698,304,9.89,No,No,42
Startup_3467,2018,Australia,E-commerce,Series A,424,2749,925,48.63,Yes,No,45
Startup_3468,2005,China,Tech,Seed,272,3618,985,3.09,Yes,No,89
Startup_3469,2011,Canada,Tech,Series C,370,1406,967,14.77,No,No,26
Startup_3470,2017,Brazil,EdTech,IPO,104,4324,595,30.73,No,No,85
Startup_3471,2009,UK,AI,Series B,266,2126,419,32.36,Yes,No,16
Startup_3472,2010,Japan,Healthcare,IPO,375,2379,556,7.85,No,Yes,48
Startup_3473,2011,UK,Logistics,Series C,289,260,962,20.97,Yes,No,99
Startup_3474,2002,China,Energy,Series C,317,2910,686,41.15,No,No,87
Startup_3475,2006,Australia,FoodTech,Seed,12,1986,834,45.79,Yes,No,9
Startup_3476,2005,Germany,EdTech,Seed,268,3005,323,45.61,Yes,Yes,75
Startup_3477,2019,France,Gaming,IPO,41,1670,428,5.53,Yes,Yes,9
Startup_3478,2010,China,FoodTech,Seed,112,1750,329,22.81,No,No,75
Startup_3479,2012,Australia,Energy,Series A,66,4112,351,14.61,Yes,Yes,35
Startup_3480,2011,Brazil,Logistics,Seed,87,429,760,42.73,No,No,58
Startup_3481,2018,USA,Energy,Series C,411,2307,309,20.9,No,Yes,24
Startup_3482,2007,UK,EdTech,IPO,139,2991,420,45.91,Yes,Yes,2
Startup_3483,2016,Japan,Healthcare,Series A,439,682,738,15.4,Yes,No,73
Startup_3484,2021,France,Gaming,Series C,443,4978,139,7.04,No,Yes,20
Startup_3485,2020,Brazil,Gaming,IPO,46,847,48,26.54,Yes,Yes,91
Startup_3486,2019,India,Gaming,Seed,303,4844,577,48.01,No,No,86
Startup_3487,2017,UK,AI,Series A,397,4544,346,49.42,No,Yes,64
Startup_3488,2016,Brazil,Logistics,Series C,149,2840,991,24.09,Yes,Yes,33
Startup_3489,2019,Germany,Energy,IPO,14,1106,79,41.28,Yes,No,44
Startup_3490,2018,Canada,Healthcare,Series B,239,4665,130,8.55,No,No,84
Startup_3491,2003,Germany,AI,Series C,207,3133,40,16.92,No,Yes,54
Startup_3492,2004,UK,FinTech,Series C,199,4431,581,26.86,No,No,25
Startup_3493,2005,Germany,Gaming,Series C,91,3249,80,40.35,Yes,No,91
Startup_3494,2020,Germany,Energy,Series A,366,1839,58,42.24,No,Yes,16
Startup_3495,2010,Germany,Energy,Seed,265,872,441,37.58,No,Yes,27
Startup_3496,2019,Canada,Gaming,Seed,240,2396,107,46.2,Yes,No,48
Startup_3497,2020,USA,Energy,Series A,174,4367,541,32.06,No,No,85
Startup_3498,2017,France,Tech,Seed,187,2848,294,4.51,No,Yes,48
Startup_3499,2001,China,Healthcare,Series A,70,4069,866,38.4,No,Yes,12
Startup_3500,2002,China,EdTech,Series A,96,757,533,30.34,Yes,Yes,13
Startup_3501,2013,China,EdTech,Seed,284,2249,593,25.94,Yes,Yes,62
Startup_3502,2017,China,EdTech,Seed,360,475,102,6.14,No,Yes,80
Startup_3503,2017,India,EdTech,IPO,326,3330,476,32.51,Yes,No,68
Startup_3504,2012,UK,Gaming,IPO,444,2468,823,31.66,No,No,81
Startup_3505,2017,Germany,AI,Series C,106,1152,991,32.85,Yes,No,31
Startup_3506,2010,China,Energy,Series C,195,4868,305,24.7,Yes,No,47
Startup_3507,2002,USA,Tech,Series A,133,3508,993,47.82,Yes,No,81
Startup_3508,2015,Germany,Gaming,Seed,229,1792,729,40,Yes,Yes,8
Startup_3509,2009,Japan,Logistics,Seed,13,200,627,9.81,No,No,51
Startup_3510,2017,Japan,FoodTech,IPO,491,3390,922,31.83,No,Yes,21
Startup_3511,2015,USA,FinTech,Seed,116,3356,772,33.47,No,Yes,44
Startup_3512,2004,USA,Healthcare,Series A,498,785,823,11.07,Yes,Yes,79
Startup_3513,2011,India,E-commerce,Series B,109,373,371,29.58,Yes,No,63
Startup_3514,2022,China,Logistics,Seed,443,4459,806,6.08,Yes,No,55
Startup_3515,2002,Canada,Gaming,Series C,222,3595,902,27.48,Yes,Yes,72
Startup_3516,2004,Canada,Tech,IPO,17,401,682,11.97,Yes,Yes,48
Startup_3517,2019,UK,E-commerce,Series A,181,4534,458,27.22,Yes,Yes,68
Startup_3518,2019,Germany,AI,Series C,178,2136,984,29.48,No,Yes,55
Startup_3519,2018,UK,EdTech,Series A,364,1771,510,49.32,No,No,72
Startup_3520,2017,India,Energy,IPO,492,4908,135,13.62,Yes,No,45
Startup_3521,2015,Brazil,Energy,IPO,442,3148,24,28.25,Yes,Yes,52
Startup_3522,2005,Brazil,Gaming,Series C,177,2297,305,5.63,No,No,38
Startup_3523,2020,China,FoodTech,IPO,242,4719,4,31.75,No,Yes,97
Startup_3524,2014,Brazil,Tech,IPO,78,3072,197,8.6,Yes,Yes,95
Startup_3525,2002,Brazil,FoodTech,IPO,231,1871,587,7.6,Yes,Yes,53
Startup_3526,2016,Australia,Gaming,Series C,114,3610,349,49.8,No,Yes,26
Startup_3527,2010,Australia,EdTech,Series C,402,1728,358,3.58,No,No,14
Startup_3528,2004,China,Tech,Series B,98,4246,744,30.14,Yes,Yes,18
Startup_3529,2017,Germany,Tech,IPO,162,4915,912,4.52,Yes,Yes,99
Startup_3530,2008,France,Gaming,Series C,53,916,288,46.83,No,Yes,81
Startup_3531,2012,India,FoodTech,Seed,67,4040,351,39.01,No,No,49
Startup_3532,2019,Canada,Healthcare,IPO,184,1288,125,27.52,No,Yes,67
Startup_3533,2007,France,E-commerce,Series A,257,1528,87,2.21,No,Yes,53
Startup_3534,2002,Australia,Tech,Seed,200,271,164,1.76,Yes,No,80
Startup_3535,2015,UK,FoodTech,Seed,130,4956,71,40.55,Yes,No,51
Startup_3536,2010,USA,Energy,Seed,23,4264,328,44.87,No,Yes,92
Startup_3537,2018,China,Gaming,Series C,30,1097,105,47.86,No,Yes,40
Startup_3538,2007,Germany,Healthcare,Series B,92,4696,176,21.03,Yes,No,3
Startup_3539,2016,Brazil,Healthcare,Series A,365,4283,787,13.07,Yes,No,89
Startup_3540,2009,China,E-commerce,Series B,401,3298,222,0.48,No,Yes,69
Startup_3541,2000,France,Gaming,Series C,164,2198,772,6.49,Yes,No,69
Startup_3542,2015,Australia,Tech,Series B,315,4614,811,30.2,Yes,No,17
Startup_3543,2013,Germany,E-commerce,Series C,24,796,234,17.58,No,Yes,72
Startup_3544,2021,France,FinTech,IPO,437,1814,163,14.38,Yes,No,48
Startup_3545,2014,Germany,FinTech,IPO,143,1468,757,7.35,Yes,Yes,84
Startup_3546,2008,Japan,Tech,IPO,182,3238,229,47.9,Yes,No,26
Startup_3547,2008,China,Logistics,Series C,444,1187,31,45.02,Yes,No,80
Startup_3548,2002,UK,FinTech,Seed,208,4633,233,22.35,Yes,Yes,99
Startup_3549,2018,Germany,EdTech,IPO,232,3143,438,37.23,No,No,14
Startup_3550,2018,Japan,FinTech,IPO,492,4334,108,11.83,Yes,No,78
Startup_3551,2009,China,AI,Series C,325,1563,161,27.12,Yes,Yes,56
Startup_3552,2018,France,E-commerce,Series A,250,3615,391,12.39,No,Yes,45
Startup_3553,2015,Canada,AI,Seed,498,322,690,7.55,Yes,Yes,6
Startup_3554,2001,Canada,EdTech,Series B,440,732,72,4.32,No,Yes,70
Startup_3555,2006,USA,Gaming,Seed,92,4924,595,18.47,No,No,47
Startup_3556,2009,France,E-commerce,Series B,107,1486,65,16.25,No,Yes,30
Startup_3557,2016,Japan,E-commerce,Series B,293,1744,405,14.49,No,Yes,64
Startup_3558,2018,Germany,EdTech,Series C,58,186,204,48.38,No,No,57
Startup_3559,2018,Brazil,Gaming,Series A,116,592,179,10.33,No,No,25
Startup_3560,2002,UK,AI,IPO,315,652,329,21.42,No,No,82
Startup_3561,2002,Brazil,FoodTech,IPO,322,283,137,49.81,No,Yes,25
Startup_3562,2005,Germany,Healthcare,IPO,43,4046,77,48.61,No,Yes,77
Startup_3563,2007,China,Logistics,Seed,226,1897,298,39.37,No,Yes,81
Startup_3564,2016,UK,FoodTech,Series C,169,3453,772,25.3,No,No,79
Startup_3565,2001,Australia,FinTech,Series B,423,4091,866,11.78,Yes,No,21
Startup_3566,2002,China,FoodTech,Series A,439,2642,755,44.48,No,No,5
Startup_3567,2015,France,E-commerce,Series C,388,1441,735,6.85,No,Yes,21
Startup_3568,2014,India,Logistics,Series B,100,1905,209,31.51,No,Yes,42
Startup_3569,2008,USA,E-commerce,Series C,288,2663,521,18.99,Yes,Yes,94
Startup_3570,2019,Brazil,EdTech,Seed,61,1969,722,17.72,No,Yes,94
Startup_3571,2000,China,Gaming,IPO,359,4182,342,23.37,No,No,77
Startup_3572,2011,USA,Healthcare,Series A,202,279,908,8.29,Yes,No,54
Startup_3573,2012,Germany,AI,Seed,160,116,658,4.86,No,Yes,40
Startup_3574,2012,USA,Gaming,Series A,10,1796,745,17.48,No,No,34
Startup_3575,2000,India,Tech,Series B,134,2556,967,49.92,Yes,No,41
Startup_3576,2021,Canada,FoodTech,Series A,223,4011,69,33.81,Yes,Yes,18
Startup_3577,2015,Canada,Gaming,Series B,482,3850,66,37.09,No,Yes,5
Startup_3578,2007,USA,FinTech,Series B,492,1058,919,41.54,No,Yes,44
Startup_3579,2008,Japan,Healthcare,IPO,201,3045,995,20.63,No,No,30
Startup_3580,2002,India,FoodTech,Series B,84,4586,109,40.14,No,No,29
Startup_3581,2021,Brazil,Healthcare,Series B,494,585,248,19.98,Yes,No,61
Startup_3582,2006,China,AI,Series C,18,534,287,25.25,No,Yes,60
Startup_3583,2014,Canada,Energy,Series C,415,2396,808,2.29,Yes,Yes,49
Startup_3584,2013,Japan,Logistics,Series A,349,2293,528,18.56,Yes,Yes,46
Startup_3585,2001,France,Tech,Seed,254,4667,593,40.51,No,Yes,67
Startup_3586,2007,China,E-commerce,Series B,410,133,731,5.15,No,Yes,17
Startup_3587,2016,Australia,EdTech,IPO,267,1565,904,48.71,Yes,Yes,15
Startup_3588,2009,Germany,FoodTech,Seed,313,2043,350,25.49,Yes,Yes,74
Startup_3589,2008,India,Gaming,IPO,40,3337,528,9.2,No,No,74
Startup_3590,2016,Canada,Gaming,Series B,175,1730,660,12.28,Yes,No,57
Startup_3591,2022,Canada,Gaming,Seed,260,4426,92,28.47,No,Yes,48
Startup_3592,2000,USA,Tech,IPO,234,475,214,44.65,No,Yes,75
Startup_3593,2022,Germany,Healthcare,IPO,46,2242,45,49.13,Yes,Yes,40
Startup_3594,2001,Canada,Tech,Series B,194,1149,606,43.44,No,Yes,72
Startup_3595,2005,Germany,FinTech,IPO,294,3838,351,2.88,No,No,44
Startup_3596,2004,Australia,AI,Series B,13,820,879,48.32,Yes,No,85
Startup_3597,2021,Japan,Healthcare,Series A,6,1828,851,42.11,No,Yes,42
Startup_3598,2012,UK,EdTech,Series C,31,293,162,16.19,No,No,98
Startup_3599,2010,UK,Healthcare,Seed,338,3393,449,6.86,No,No,18
Startup_3600,2021,Canada,Gaming,Series A,335,755,330,39.83,No,Yes,50
Startup_3601,2014,Japan,EdTech,Series A,155,502,334,43.83,No,No,4
Startup_3602,2000,Brazil,FoodTech,Series C,298,3164,491,20.12,No,No,31
Startup_3603,2007,Canada,E-commerce,Series A,327,1888,737,44.21,Yes,No,31
Startup_3604,2015,Australia,Healthcare,Series C,36,1529,808,35.24,Yes,Yes,26
Startup_3605,2022,Germany,FoodTech,Series B,47,4756,980,24.61,No,No,90
Startup_3606,2007,Canada,E-commerce,Series A,66,660,923,49.81,Yes,No,30
Startup_3607,2002,Germany,Logistics,Series C,309,456,325,8.8,No,No,31
Startup_3608,2005,Australia,FoodTech,Seed,274,1196,712,18.41,Yes,No,78
Startup_3609,2008,India,Healthcare,Series A,118,1437,403,38.56,Yes,Yes,92
Startup_3610,2004,France,E-commerce,Series B,182,4508,116,20.57,No,Yes,24
Startup_3611,2019,India,Healthcare,IPO,164,392,401,39.47,Yes,No,51
Startup_3612,2009,Germany,AI,Series A,3,1662,749,38.12,Yes,Yes,90
Startup_3613,2010,Canada,Tech,Seed,417,4867,784,30.45,Yes,No,33
Startup_3614,2018,India,EdTech,Series A,184,1030,445,28.21,No,No,16
Startup_3615,2002,UK,E-commerce,Seed,49,3771,801,5.04,No,No,81
Startup_3616,2015,Australia,E-commerce,IPO,36,4223,358,6.73,Yes,No,90
Startup_3617,2000,UK,FinTech,Series B,114,4661,288,12.77,No,No,28
Startup_3618,2013,France,Gaming,Series C,390,2862,228,30.3,No,No,41
Startup_3619,2000,China,Energy,Series B,264,4124,722,3.8,No,Yes,79
Startup_3620,2015,UK,E-commerce,Seed,488,1652,678,6.84,Yes,Yes,51
Startup_3621,2022,UK,Tech,Series B,338,3489,549,47.08,No,Yes,88
Startup_3622,2011,UK,FinTech,Series A,377,3418,519,32.11,Yes,No,38
Startup_3623,2006,Germany,EdTech,Series A,376,864,909,17.37,No,Yes,52
Startup_3624,2011,Japan,E-commerce,Seed,470,2688,329,9.75,No,No,2
Startup_3625,2019,UK,FinTech,Series A,408,1267,875,12.38,No,No,65
Startup_3626,2003,Australia,Energy,Series A,150,3243,571,15.94,No,Yes,48
Startup_3627,2002,China,AI,Series C,19,2623,305,2.48,Yes,No,83
Startup_3628,2011,France,Energy,Series B,306,297,289,38.12,No,No,97
Startup_3629,2013,Germany,Gaming,Series C,247,1508,363,26.23,Yes,Yes,16
Startup_3630,2001,Canada,Healthcare,IPO,374,1829,333,24,Yes,Yes,98
Startup_3631,2019,India,E-commerce,IPO,273,4371,841,10.76,No,Yes,29
Startup_3632,2002,Japan,Logistics,IPO,322,4746,948,2.85,Yes,Yes,82
Startup_3633,2014,China,FoodTech,Series B,329,3234,495,48.48,No,No,78
Startup_3634,2014,Japan,EdTech,Seed,40,2870,144,16.73,Yes,Yes,49
Startup_3635,2016,Brazil,Gaming,Series B,218,173,314,0.43,Yes,No,57
Startup_3636,2021,Australia,Logistics,Series C,165,2660,156,1.24,No,No,48
Startup_3637,2020,India,AI,Series A,267,1313,624,43.1,No,Yes,70
Startup_3638,2019,France,Gaming,Series C,278,3500,445,33.08,No,Yes,25
Startup_3639,2005,Australia,E-commerce,Series A,413,2586,556,8.47,No,No,50
Startup_3640,2019,UK,Gaming,Series B,363,3292,894,44,Yes,Yes,83
Startup_3641,2014,USA,Logistics,Series C,476,4954,704,15.89,No,Yes,98
Startup_3642,2022,France,Healthcare,IPO,381,235,171,32.33,No,Yes,35
Startup_3643,2015,France,Energy,Seed,252,4960,444,45.41,Yes,Yes,12
Startup_3644,2016,Germany,FoodTech,Series C,379,3138,353,23.82,No,No,80
Startup_3645,2015,India,AI,Series A,234,1648,874,10.48,No,Yes,10
Startup_3646,2009,Canada,Energy,Series C,429,4685,793,20.83,Yes,No,21
Startup_3647,2014,Brazil,Gaming,Seed,231,4363,325,35.84,Yes,Yes,57
Startup_3648,2006,China,Gaming,IPO,218,357,275,17.41,No,No,15
Startup_3649,2004,UK,E-commerce,Series A,49,2619,571,31.19,No,Yes,44
Startup_3650,2010,Canada,Gaming,Series B,481,4608,614,36.17,No,Yes,20
Startup_3651,2003,UK,Gaming,Series A,484,2614,721,24.87,No,No,90
Startup_3652,2000,UK,Logistics,Series B,498,1656,382,1.33,No,Yes,29
Startup_3653,2015,India,FinTech,Seed,130,3279,260,46.91,No,No,25
Startup_3654,2007,Brazil,Energy,Series A,206,4810,187,30.31,No,No,24
Startup_3655,2008,Japan,E-commerce,Series B,185,3665,643,44.97,No,Yes,96
Startup_3656,2002,India,Healthcare,Series C,193,3126,122,49.29,Yes,Yes,56
Startup_3657,2018,Japan,AI,Series A,329,594,404,7.14,Yes,Yes,54
Startup_3658,2012,China,E-commerce,Series C,86,3917,77,48.98,Yes,Yes,4
Startup_3659,2000,Brazil,FinTech,Series C,486,2954,968,30.19,Yes,No,94
Startup_3660,2008,Germany,E-commerce,Series A,417,2181,376,21.03,Yes,No,68
Startup_3661,2000,France,Healthcare,Series C,107,4691,964,27.66,No,Yes,51
Startup_3662,2008,USA,FinTech,IPO,468,850,886,44.89,Yes,Yes,25
Startup_3663,2022,China,FinTech,IPO,59,4385,19,10.72,No,Yes,14
Startup_3664,2012,UK,Tech,Seed,387,1744,366,1.65,Yes,No,9
Startup_3665,2021,Germany,FoodTech,Series B,227,2426,71,46.61,Yes,Yes,88
Startup_3666,2012,UK,Tech,Seed,308,4115,89,12.53,No,No,94
Startup_3667,2009,Canada,Gaming,IPO,408,1480,809,30.78,Yes,Yes,84
Startup_3668,2010,Japan,FinTech,IPO,201,2867,105,38.96,No,No,63
Startup_3669,2008,Australia,Gaming,Series A,222,2035,152,40.01,Yes,No,31
Startup_3670,2021,USA,Logistics,IPO,338,3588,919,23.27,Yes,Yes,42
Startup_3671,2018,USA,E-commerce,Seed,407,2229,665,15.93,No,No,85
Startup_3672,2010,UK,Healthcare,IPO,164,3672,156,37.59,Yes,No,80
Startup_3673,2002,Brazil,Energy,Series B,254,4087,530,24.2,No,Yes,43
Startup_3674,2018,USA,FoodTech,Series A,109,3695,92,46.08,No,No,52
Startup_3675,2013,USA,Tech,Seed,295,2896,192,36.88,Yes,Yes,26
Startup_3676,2012,China,Gaming,IPO,283,4528,213,45.38,Yes,No,23
Startup_3677,2014,Germany,FoodTech,IPO,457,354,669,42.69,Yes,Yes,75
Startup_3678,2000,India,Healthcare,Series B,353,724,750,4.66,Yes,Yes,76
Startup_3679,2005,Australia,EdTech,Series C,396,2260,608,41.08,Yes,Yes,66
Startup_3680,2013,Australia,Logistics,Seed,462,140,295,13.58,No,No,36
Startup_3681,2004,Brazil,Tech,IPO,270,4756,299,7.62,Yes,No,5
Startup_3682,2020,Australia,Gaming,Series C,432,2171,469,41.29,No,No,25
Startup_3683,2000,India,Healthcare,Series A,4,4198,627,8.83,No,Yes,71
Startup_3684,2019,Germany,FoodTech,Series A,321,706,503,42.93,Yes,No,49
Startup_3685,2014,Japan,AI,Series B,77,4235,584,3.79,No,Yes,46
Startup_3686,2022,Brazil,Healthcare,Seed,456,2757,805,30.47,Yes,No,47
Startup_3687,2009,Brazil,FoodTech,IPO,118,1065,156,28.78,No,No,57
Startup_3688,2011,France,FoodTech,IPO,36,955,557,3.7,No,Yes,40
Startup_3689,2000,Canada,Gaming,Series A,295,297,260,22.06,No,Yes,66
Startup_3690,2018,India,FoodTech,IPO,329,128,840,13.77,No,No,84
Startup_3691,2009,Australia,FinTech,Series B,377,4817,687,15.55,Yes,Yes,46
Startup_3692,2006,USA,Tech,Series B,182,2472,230,0.98,Yes,No,30
Startup_3693,2009,Germany,Healthcare,Seed,290,4129,981,35.11,No,No,51
Startup_3694,2020,India,Gaming,Series A,439,3386,705,35.55,Yes,Yes,19
Startup_3695,2008,France,EdTech,Series A,474,4065,116,9.4,Yes,No,69
Startup_3696,2007,Canada,EdTech,IPO,256,2710,904,45.19,No,No,18
Startup_3697,2013,France,EdTech,Seed,124,5,568,42.11,No,No,86
Startup_3698,2019,France,E-commerce,IPO,5,3132,462,19.35,Yes,No,83
Startup_3699,2022,Canada,AI,IPO,243,2258,762,27.77,Yes,Yes,38
Startup_3700,2001,Australia,FinTech,Seed,361,2687,261,10.94,Yes,No,42
Startup_3701,2007,China,Energy,Series C,100,4129,368,10.93,No,No,47
Startup_3702,2012,Brazil,Healthcare,Series B,315,4741,991,18.68,Yes,Yes,43
Startup_3703,2017,UK,Logistics,Series B,276,4950,834,46.29,No,Yes,65
Startup_3704,2017,Japan,Healthcare,Series A,499,3587,810,37.93,No,No,16
Startup_3705,2018,Brazil,E-commerce,Series A,94,2459,934,48.78,Yes,Yes,17
Startup_3706,2017,UK,Energy,Series B,404,3336,86,0.26,Yes,Yes,94
Startup_3707,2005,Germany,Gaming,Series B,32,7,912,41.74,No,No,82
Startup_3708,2005,India,Gaming,IPO,102,922,292,21.47,No,No,63
Startup_3709,2018,Germany,AI,Series C,364,1239,784,7.08,Yes,No,32
Startup_3710,2005,UK,Logistics,IPO,115,3573,930,2.06,No,Yes,10
Startup_3711,2008,India,FoodTech,Series B,48,2451,188,12.2,No,No,99
Startup_3712,2012,China,E-commerce,Series B,492,4659,937,46.51,Yes,Yes,61
Startup_3713,2007,Germany,AI,Seed,96,294,470,13.17,Yes,No,47
Startup_3714,2001,India,AI,Series B,41,1909,105,13.7,Yes,No,20
Startup_3715,2018,USA,FoodTech,Series B,139,3968,414,9.65,Yes,Yes,1
Startup_3716,2009,Australia,E-commerce,Series C,487,626,195,29.71,Yes,Yes,67
Startup_3717,2014,France,Tech,Seed,456,1852,526,1.62,Yes,Yes,14
Startup_3718,2020,Canada,Gaming,Series B,147,3015,926,16.18,Yes,Yes,89
Startup_3719,2006,UK,FinTech,Series C,202,2545,796,7.75,Yes,No,27
Startup_3720,2014,Brazil,Gaming,Series C,206,2951,129,23.83,Yes,Yes,87
Startup_3721,2001,China,E-commerce,Series C,390,2828,546,13.97,No,No,35
Startup_3722,2012,France,FoodTech,Series B,128,4444,701,8.51,Yes,Yes,21
Startup_3723,2019,Brazil,EdTech,Series A,107,1368,284,30.22,No,Yes,18
Startup_3724,2005,Germany,FoodTech,Series C,60,1999,74,20.54,No,Yes,17
Startup_3725,2013,India,Gaming,Series C,103,708,901,8.65,No,Yes,68
Startup_3726,2016,Brazil,FinTech,IPO,4,3976,707,28.37,Yes,No,35
Startup_3727,2015,USA,FinTech,Series A,278,3706,951,2.88,Yes,Yes,18
Startup_3728,2002,France,EdTech,IPO,228,1632,697,10.15,No,Yes,72
Startup_3729,2013,USA,AI,Seed,33,1489,136,49.28,Yes,No,39
Startup_3730,2010,Australia,Energy,Seed,31,433,981,39.14,No,No,16
Startup_3731,2004,Australia,Logistics,Seed,74,4008,628,23.6,No,Yes,97
Startup_3732,2012,Brazil,Healthcare,Series C,57,2775,843,2.96,No,Yes,20
Startup_3733,2020,India,E-commerce,Series C,396,3796,182,5.33,No,No,40
Startup_3734,2009,Brazil,FinTech,Seed,255,740,904,1.53,Yes,Yes,31
Startup_3735,2003,India,EdTech,Series B,43,1655,378,3.36,No,No,59
Startup_3736,2009,Australia,FinTech,IPO,160,3538,955,4.98,Yes,No,73
Startup_3737,2022,Germany,FinTech,Series B,211,3341,859,10.8,No,Yes,24
Startup_3738,2012,France,Tech,Series A,100,415,749,4.65,No,Yes,36
Startup_3739,2000,UK,Gaming,Series A,59,2972,238,32.07,No,No,43
Startup_3740,2021,USA,Healthcare,Seed,359,41,861,2.69,Yes,No,60
Startup_3741,2020,Germany,E-commerce,Seed,350,889,322,28.91,No,No,73
Startup_3742,2005,Germany,Gaming,IPO,186,1561,696,24.68,No,Yes,75
Startup_3743,2020,China,EdTech,IPO,145,1969,305,49.07,Yes,Yes,90
Startup_3744,2005,Australia,FinTech,Series A,271,4661,572,3.15,Yes,No,53
Startup_3745,2022,India,Healthcare,Series A,288,236,968,5.11,Yes,Yes,83
Startup_3746,2009,Germany,AI,IPO,373,880,787,48.11,Yes,No,9
Startup_3747,2021,Australia,Energy,Series C,159,1848,529,8.09,Yes,No,31
Startup_3748,2008,Australia,E-commerce,Series A,494,2930,946,6.8,Yes,Yes,49
Startup_3749,2004,India,AI,Series C,276,2828,149,4.38,Yes,No,79
Startup_3750,2001,India,Gaming,Series A,493,1996,872,36.51,No,Yes,42
Startup_3751,2004,Australia,Logistics,Series A,204,3283,931,21.79,Yes,Yes,55
Startup_3752,2015,Canada,E-commerce,Series B,41,2121,965,2.58,Yes,No,99
Startup_3753,2022,India,FinTech,Seed,404,3008,239,46.3,No,Yes,52
Startup_3754,2012,USA,Healthcare,Series C,142,3684,378,27.47,No,No,38
Startup_3755,2021,USA,AI,Series A,148,2555,239,49.02,No,Yes,70
Startup_3756,2000,USA,FoodTech,Series B,181,3926,242,48.66,Yes,No,85
Startup_3757,2008,Australia,Healthcare,IPO,41,2360,821,1.42,Yes,No,32
Startup_3758,2005,France,E-commerce,IPO,128,3572,422,6.56,No,Yes,58
Startup_3759,2015,Brazil,Energy,Seed,342,714,677,7.61,No,Yes,51
Startup_3760,2011,India,Healthcare,Series B,250,775,620,44.03,No,No,15
Startup_3761,2008,Germany,Logistics,Series B,339,2993,932,32.34,No,Yes,70
Startup_3762,2017,Canada,Energy,Series C,311,1010,219,30.04,Yes,Yes,67
Startup_3763,2005,France,Energy,IPO,211,3456,30,47.54,No,Yes,95
Startup_3764,2014,Brazil,FoodTech,Series B,499,1152,935,35.75,No,Yes,14
Startup_3765,2008,Germany,EdTech,IPO,29,2064,555,28.03,No,No,33
Startup_3766,2022,Australia,E-commerce,Series B,353,1913,779,35.27,Yes,Yes,52
Startup_3767,2020,Brazil,Healthcare,Series B,133,454,648,26.45,No,No,36
Startup_3768,2021,France,FoodTech,Series C,53,3851,472,8.33,No,Yes,85
Startup_3769,2022,Brazil,FinTech,Series C,199,1333,783,39.02,Yes,No,73
Startup_3770,2007,Japan,FinTech,IPO,211,1187,357,36.18,Yes,Yes,44
Startup_3771,2016,UK,FinTech,Series A,413,925,160,36.22,No,No,49
Startup_3772,2002,India,Gaming,Series C,493,102,555,25.46,No,No,10
Startup_3773,2017,Canada,FoodTech,Seed,292,4291,312,29.51,No,No,69
Startup_3774,2002,USA,Logistics,Series B,282,2371,274,23.87,Yes,Yes,15
Startup_3775,2004,India,Gaming,Seed,359,3065,568,43.84,Yes,No,43
Startup_3776,2016,France,FinTech,IPO,475,3582,109,10.62,No,No,94
Startup_3777,2017,Japan,E-commerce,Series B,248,870,833,11.02,Yes,Yes,28
Startup_3778,2011,Japan,EdTech,Seed,11,1114,647,21.76,Yes,No,8
Startup_3779,2018,China,Logistics,Series B,422,1386,302,17.07,Yes,No,21
Startup_3780,2002,Brazil,Energy,Series A,463,928,844,11.8,Yes,Yes,23
Startup_3781,2020,Germany,E-commerce,Seed,468,4538,630,47.78,Yes,No,30
Startup_3782,2022,China,EdTech,IPO,415,1927,947,15.7,Yes,Yes,53
Startup_3783,2001,Brazil,FinTech,IPO,318,3525,62,13.74,Yes,No,47
Startup_3784,2005,USA,FoodTech,Series A,487,1816,407,35.22,Yes,Yes,78
Startup_3785,2021,India,E-commerce,Series C,180,4010,146,5.84,No,Yes,82
Startup_3786,2003,China,EdTech,Series A,105,2644,35,29.22,Yes,No,75
Startup_3787,2018,China,AI,Series C,356,3248,864,40.25,Yes,Yes,91
Startup_3788,2004,Germany,FoodTech,Series C,14,2988,895,27.28,No,No,92
Startup_3789,2016,France,FinTech,IPO,371,4017,419,1.62,No,Yes,26
Startup_3790,2004,Canada,Tech,Seed,307,1136,631,44.99,Yes,Yes,26
Startup_3791,2020,Brazil,Gaming,Seed,447,1834,824,45.5,Yes,No,58
Startup_3792,2008,Japan,Gaming,Seed,88,2510,912,6.9,No,Yes,85
Startup_3793,2016,Canada,Tech,Series B,61,4846,813,48.98,No,Yes,72
Startup_3794,2019,Canada,EdTech,Series A,360,1207,837,1.43,Yes,Yes,15
Startup_3795,2009,UK,Logistics,Series C,477,3680,842,1.96,Yes,No,93
Startup_3796,2012,Germany,Tech,IPO,105,4492,833,26.4,Yes,Yes,85
Startup_3797,2007,India,Logistics,Series B,353,648,826,31.47,Yes,Yes,64
Startup_3798,2010,Japan,Gaming,Series A,280,3330,806,27.94,Yes,No,28
Startup_3799,2018,India,Healthcare,IPO,170,4302,868,21.61,Yes,No,82
Startup_3800,2016,Canada,EdTech,Seed,6,507,180,39.96,Yes,Yes,35
Startup_3801,2022,USA,E-commerce,IPO,366,525,534,12.43,Yes,No,80
Startup_3802,2020,USA,Gaming,Series A,204,3701,646,8.07,Yes,No,41
Startup_3803,2012,Germany,Logistics,Series A,420,660,569,4.81,No,No,20
Startup_3804,2008,UK,FoodTech,Series A,309,69,797,10.04,No,Yes,59
Startup_3805,2013,France,EdTech,Series B,448,4694,11,38.89,No,Yes,57
Startup_3806,2020,Brazil,E-commerce,Series A,496,4357,71,24.03,Yes,No,11
Startup_3807,2017,Germany,FinTech,Series C,359,1453,514,41.65,No,Yes,73
Startup_3808,2006,UK,Tech,Series B,444,326,57,46.29,Yes,Yes,45
Startup_3809,2019,France,Healthcare,Series B,119,2882,540,10.2,No,No,58
Startup_3810,2009,Brazil,Healthcare,Series A,88,233,244,17.71,No,No,84
Startup_3811,2001,Germany,Energy,Seed,326,4764,54,31.98,No,Yes,39
Startup_3812,2008,Australia,Energy,Series B,220,2222,267,24.28,Yes,Yes,3
Startup_3813,2001,France,Tech,Seed,343,1115,735,45.44,Yes,Yes,75
Startup_3814,2013,China,Energy,Seed,289,4134,404,35.58,No,No,97
Startup_3815,2022,Australia,FoodTech,Series B,457,3379,316,38.97,Yes,No,54
Startup_3816,2020,France,Tech,Series A,286,1290,173,25.94,No,No,83
Startup_3817,2021,UK,E-commerce,Seed,135,3214,861,37.19,Yes,No,33
Startup_3818,2017,India,Gaming,Series C,157,2471,545,15.69,No,No,99
Startup_3819,2000,Germany,EdTech,Series A,380,741,303,39.84,Yes,Yes,35
Startup_3820,2004,UK,FinTech,Series C,150,3078,477,7.38,Yes,Yes,66
Startup_3821,2012,USA,EdTech,Series C,241,3454,497,22.9,No,No,61
Startup_3822,2004,USA,Tech,Series A,114,1913,214,49.18,No,Yes,9
Startup_3823,2010,Brazil,AI,IPO,67,794,25,13.87,Yes,No,13
Startup_3824,2016,Australia,FoodTech,Series A,83,3721,793,30.61,No,No,48
Startup_3825,2015,Canada,Gaming,Series A,34,3936,777,42.1,No,No,14
Startup_3826,2009,China,AI,Series B,36,4707,554,5.04,No,No,82
Startup_3827,2018,France,Gaming,IPO,115,4521,510,17.33,Yes,Yes,72
Startup_3828,2001,India,Tech,Series B,87,2660,61,6.35,Yes,Yes,5
Startup_3829,2007,UK,AI,Series C,54,888,217,42.84,No,No,29
Startup_3830,2015,India,Healthcare,Seed,149,330,627,35.42,Yes,Yes,53
Startup_3831,2003,Germany,Energy,Seed,307,508,333,22.25,No,Yes,71
Startup_3832,2018,Japan,Logistics,IPO,281,4576,599,26.95,No,Yes,89
Startup_3833,2016,France,Energy,Series B,455,204,602,17.11,No,Yes,24
Startup_3834,2000,France,Gaming,IPO,251,4613,861,29.25,Yes,Yes,9
Startup_3835,2005,Canada,E-commerce,Series B,363,338,72,15.24,No,No,51
Startup_3836,2012,USA,Tech,Series B,267,3570,127,48.82,No,Yes,61
Startup_3837,2022,Japan,E-commerce,Seed,71,2294,785,46.47,No,Yes,35
Startup_3838,2013,France,FoodTech,Series B,386,2234,382,12.2,No,No,24
Startup_3839,2007,Japan,AI,IPO,413,169,591,32.48,No,Yes,13
Startup_3840,2001,France,AI,Seed,251,3287,659,15.64,No,No,24
Startup_3841,2022,India,Energy,Series B,230,3565,595,28.37,Yes,No,75
Startup_3842,2001,China,AI,Series A,387,4920,908,38.02,Yes,No,96
Startup_3843,2000,Canada,E-commerce,Series B,372,4794,768,38.27,No,No,72
Startup_3844,2000,Brazil,E-commerce,Series A,285,4893,270,20.79,No,No,15
Startup_3845,2022,China,E-commerce,Seed,349,3808,952,49.87,Yes,Yes,77
Startup_3846,2002,Australia,Tech,Series A,141,4778,945,14.72,Yes,Yes,43
Startup_3847,2019,USA,FinTech,Series C,465,1011,3,0.13,No,No,59
Startup_3848,2005,Canada,FinTech,Series B,9,3457,310,24.95,No,Yes,86
Startup_3849,2008,Japan,Gaming,Seed,285,188,692,24.05,Yes,No,12
Startup_3850,2003,India,E-commerce,IPO,406,2590,700,8.95,Yes,Yes,89
Startup_3851,2021,India,Energy,Seed,461,2159,243,29.09,No,Yes,94
Startup_3852,2009,USA,Tech,IPO,298,4157,577,7.4,No,Yes,23
Startup_3853,2018,Germany,Energy,Series B,107,3375,431,9.93,Yes,No,72
Startup_3854,2008,USA,E-commerce,Series B,132,353,92,13.2,Yes,Yes,7
Startup_3855,2014,UK,Gaming,Series B,138,4942,748,17.72,No,No,5
Startup_3856,2004,UK,EdTech,Seed,80,380,458,1.49,No,No,15
Startup_3857,2008,UK,FoodTech,Seed,35,1205,98,4.22,Yes,Yes,15
Startup_3858,2013,India,FoodTech,Seed,263,4557,614,48.47,No,No,49
Startup_3859,2000,UK,Healthcare,Series A,272,227,465,45.94,No,Yes,19
Startup_3860,2006,Australia,FinTech,IPO,152,3987,937,26.24,No,Yes,65
Startup_3861,2020,China,Logistics,Series C,53,2395,391,4.72,Yes,Yes,39
Startup_3862,2006,India,EdTech,Series A,155,3969,980,2.61,Yes,Yes,52
Startup_3863,2002,UK,Healthcare,IPO,49,3303,183,7.07,Yes,No,32
Startup_3864,2013,UK,Gaming,Series A,306,2895,262,27.91,Yes,Yes,65
Startup_3865,2007,Canada,Energy,IPO,260,681,457,13.58,Yes,Yes,88
Startup_3866,2018,France,AI,Series A,385,2011,30,21.01,No,No,43
Startup_3867,2000,Germany,Logistics,Series B,385,2970,198,40.19,No,No,66
Startup_3868,2013,India,FoodTech,Series A,337,466,336,12.42,No,No,96
Startup_3869,2011,China,E-commerce,Seed,446,2371,1,23.49,No,No,5
Startup_3870,2019,Canada,AI,Series B,218,2907,664,2.54,No,No,4
Startup_3871,2003,UK,Healthcare,Series B,64,512,519,43.56,Yes,No,91
Startup_3872,2001,India,Tech,Series A,182,4752,138,6.44,No,No,53
Startup_3873,2006,Australia,EdTech,Series B,273,1393,903,39.02,Yes,No,34
Startup_3874,2018,Germany,AI,Series C,307,4444,652,6.28,Yes,No,55
Startup_3875,2004,UK,E-commerce,Series A,169,1654,367,19.39,No,Yes,62
Startup_3876,2002,India,EdTech,Series A,255,1227,61,34.12,No,No,97
Startup_3877,2015,Japan,FinTech,Seed,343,3902,42,16.45,Yes,Yes,61
Startup_3878,2019,UK,FinTech,Seed,241,2564,197,39.88,No,Yes,70
Startup_3879,2000,Germany,Tech,Series B,464,630,359,35.4,No,No,16
Startup_3880,2016,China,AI,Series B,248,2385,122,32.68,Yes,No,50
Startup_3881,2005,UK,FinTech,Series C,158,2144,607,40,Yes,Yes,86
Startup_3882,2014,Australia,Tech,Series C,328,14,101,31.96,Yes,No,20
Startup_3883,2015,Brazil,EdTech,IPO,474,1444,766,26.81,No,No,78
Startup_3884,2007,Germany,Logistics,IPO,231,3171,189,44.83,No,No,53
Startup_3885,2007,Japan,Energy,Series C,403,85,528,16.4,Yes,Yes,75
Startup_3886,2010,France,EdTech,Seed,434,351,295,15.69,Yes,No,48
Startup_3887,2022,Brazil,Tech,Series B,338,3839,822,43.44,No,Yes,34
Startup_3888,2012,USA,FoodTech,Seed,196,2730,910,34.6,Yes,Yes,4
Startup_3889,2020,USA,EdTech,Seed,387,4518,348,12.78,Yes,No,46
Startup_3890,2016,Japan,Energy,Series A,257,954,333,2.33,No,Yes,34
Startup_3891,2019,China,Logistics,Series C,283,3490,523,31.91,No,No,80
Startup_3892,2000,USA,EdTech,Seed,449,298,973,20.61,Yes,No,34
Startup_3893,2021,Germany,Gaming,Seed,56,595,505,30.23,Yes,No,64
Startup_3894,2017,France,Logistics,Seed,86,364,852,16.97,No,Yes,41
Startup_3895,2018,Germany,EdTech,Series A,366,1600,640,13.84,Yes,No,28
Startup_3896,2008,Canada,Energy,Series A,455,4682,699,28.33,Yes,Yes,92
Startup_3897,2004,Germany,FoodTech,Series C,167,4991,822,14.44,No,No,3
Startup_3898,2014,Canada,Tech,IPO,219,4617,157,49.06,No,No,25
Startup_3899,2019,Australia,FoodTech,Series A,340,632,642,3.54,No,No,99
Startup_3900,2010,Brazil,Energy,Seed,254,3194,31,35.9,No,Yes,3
Startup_3901,2006,UK,Healthcare,Series C,267,1233,545,47.22,Yes,Yes,8
Startup_3902,2018,Canada,Gaming,IPO,129,507,433,21.32,No,No,98
Startup_3903,2008,Germany,Tech,IPO,401,51,848,39.53,No,No,87
Startup_3904,2004,Germany,Tech,Seed,120,3217,798,32.66,No,Yes,76
Startup_3905,2001,USA,E-commerce,IPO,472,3124,187,39.7,No,No,6
Startup_3906,2008,UK,FinTech,Seed,107,1175,20,39.8,Yes,No,79
Startup_3907,2001,India,Energy,Seed,262,307,787,44.61,No,No,25
Startup_3908,2004,Brazil,Logistics,Series C,452,4224,630,24.82,Yes,No,15
Startup_3909,2011,Japan,Logistics,Series A,58,3240,842,22,Yes,No,81
Startup_3910,2012,France,FinTech,Series A,444,1475,144,45.56,Yes,Yes,73
Startup_3911,2005,Japan,FinTech,IPO,135,2990,873,22.71,No,No,14
Startup_3912,2022,Germany,FinTech,IPO,425,2019,320,13.96,No,No,57
Startup_3913,2006,France,Logistics,Series C,320,1417,691,18.08,No,No,94
Startup_3914,2020,Brazil,FinTech,Seed,100,2648,1,11.34,Yes,No,45
Startup_3915,2019,France,Logistics,Series B,250,3827,196,26.44,Yes,Yes,70
Startup_3916,2017,UK,Gaming,Seed,480,31,244,21.28,No,No,71
Startup_3917,2022,Canada,E-commerce,Series C,271,2258,125,15.91,Yes,Yes,45
Startup_3918,2013,Japan,Logistics,IPO,200,409,726,43.82,Yes,Yes,75
Startup_3919,2018,China,FinTech,IPO,364,2725,143,46.97,Yes,Yes,57
Startup_3920,2020,Germany,Healthcare,Series C,263,2214,433,15.45,No,Yes,37
Startup_3921,2010,China,E-commerce,Series C,336,3693,415,43.7,Yes,Yes,57
Startup_3922,2020,India,FinTech,Seed,120,4473,317,43.09,No,Yes,59
Startup_3923,2004,USA,Logistics,Series A,60,3424,34,45.65,Yes,Yes,56
Startup_3924,2016,Germany,Tech,IPO,262,4858,383,37.05,Yes,No,20
Startup_3925,2022,China,EdTech,Series A,15,4553,862,6.8,Yes,No,13
Startup_3926,2012,USA,EdTech,Series B,187,4006,953,35.88,No,No,7
Startup_3927,2018,India,EdTech,Series B,474,2136,776,8.36,No,Yes,96
Startup_3928,2019,Brazil,Tech,Series C,162,4937,831,22.93,Yes,No,98
Startup_3929,2014,China,Gaming,Series B,81,4555,181,29.75,Yes,No,13
Startup_3930,2005,Canada,E-commerce,Series B,126,3224,505,13.72,Yes,No,19
Startup_3931,2000,Germany,EdTech,Series C,64,3784,333,42.41,No,No,6
Startup_3932,2011,USA,EdTech,Series A,252,90,536,40.87,No,No,16
Startup_3933,2019,India,Logistics,Series B,294,2281,877,26.02,Yes,Yes,67
Startup_3934,2013,USA,Tech,Seed,281,1856,693,13.46,No,No,41
Startup_3935,2007,France,EdTech,IPO,478,1602,269,13.84,Yes,No,40
Startup_3936,2012,China,AI,Series A,10,4856,815,31.28,Yes,Yes,27
Startup_3937,2001,Australia,Tech,Series C,464,1113,877,43.62,Yes,Yes,54
Startup_3938,2013,India,FinTech,IPO,210,1306,482,24.62,Yes,No,51
Startup_3939,2015,USA,Healthcare,IPO,384,3487,275,15.26,Yes,Yes,59
Startup_3940,2003,Australia,Gaming,Series A,180,4790,694,15.92,Yes,Yes,99
Startup_3941,2001,Brazil,FinTech,Seed,447,1267,121,46.81,Yes,Yes,53
Startup_3942,2022,UK,Logistics,IPO,412,2214,270,15.29,No,No,80
Startup_3943,2021,USA,Energy,Seed,383,2460,587,44.12,Yes,Yes,6
Startup_3944,2009,USA,FinTech,Seed,85,4505,698,18.38,No,Yes,77
Startup_3945,2017,India,Healthcare,Series B,177,929,423,37.76,Yes,Yes,6
Startup_3946,2021,France,FinTech,Series A,94,3154,797,19.91,No,Yes,20
Startup_3947,2021,India,FinTech,Series A,108,785,750,30.51,No,No,93
Startup_3948,2004,UK,EdTech,Series B,432,2131,546,46.2,No,Yes,96
Startup_3949,2019,Brazil,EdTech,Seed,335,231,797,12.74,Yes,No,7
Startup_3950,2018,India,Gaming,Seed,219,1036,601,46.18,No,No,43
Startup_3951,2012,Canada,Energy,Series A,200,1407,539,2.41,No,No,75
Startup_3952,2016,Germany,EdTech,IPO,411,791,183,19.3,Yes,Yes,30
Startup_3953,2009,Brazil,Gaming,IPO,83,2780,877,17.66,No,Yes,9
Startup_3954,2005,Canada,FinTech,Series A,44,33,151,6.51,No,Yes,55
Startup_3955,2021,Japan,FoodTech,Series C,126,546,747,35.37,Yes,Yes,40
Startup_3956,2011,India,FoodTech,Series B,122,3320,996,4.28,No,No,39
Startup_3957,2014,USA,E-commerce,IPO,262,4899,73,1.42,Yes,Yes,86
Startup_3958,2019,Japan,E-commerce,Series C,416,3743,286,41.47,Yes,Yes,33
Startup_3959,2019,India,Healthcare,Series B,58,2787,130,46.65,Yes,No,40
Startup_3960,2014,Australia,E-commerce,Series C,309,292,21,43.9,No,Yes,52
Startup_3961,2017,Canada,Healthcare,Seed,124,1539,855,24.94,No,Yes,83
Startup_3962,2021,Brazil,E-commerce,Series C,98,292,357,21.84,No,No,91
Startup_3963,2004,France,AI,Series B,404,2156,996,2.33,No,Yes,75
Startup_3964,2009,France,E-commerce,IPO,352,2668,237,18.04,Yes,No,32
Startup_3965,2010,Germany,Gaming,Series C,288,2378,875,2.89,Yes,No,51
Startup_3966,2017,USA,Healthcare,Series B,293,1289,444,26.68,Yes,No,54
Startup_3967,2020,China,AI,Series A,297,2199,794,45.83,No,No,48
Startup_3968,2004,Japan,Tech,Series A,403,1787,430,37.37,Yes,No,58
Startup_3969,2002,India,FinTech,Series B,162,4111,759,45.14,No,No,57
Startup_3970,2005,Japan,Tech,Series C,405,2325,998,3.74,Yes,Yes,97
Startup_3971,2002,Germany,FoodTech,Seed,14,3977,104,45.11,No,No,26
Startup_3972,2014,Australia,AI,Series C,391,2530,121,24.2,Yes,No,51
Startup_3973,2007,China,Energy,Series A,493,3559,778,47.08,No,Yes,79
Startup_3974,2010,Brazil,Energy,Seed,359,4660,509,48.48,Yes,No,37
Startup_3975,2014,Canada,Gaming,Series C,273,1649,820,25.01,Yes,Yes,32
Startup_3976,2016,Canada,Gaming,Series A,85,4281,518,35.92,Yes,No,16
Startup_3977,2020,India,FinTech,Seed,57,3067,575,44.17,No,No,92
Startup_3978,2001,France,E-commerce,Series A,67,1725,268,42.69,No,No,61
Startup_3979,2003,USA,Gaming,IPO,99,2727,864,10.28,No,No,77
Startup_3980,2013,Japan,Energy,IPO,321,1170,601,47.66,No,Yes,96
Startup_3981,2013,China,Logistics,Seed,457,1769,528,24.57,No,No,29
Startup_3982,2008,France,Logistics,Series B,181,1392,370,34.42,No,No,94
Startup_3983,2012,India,E-commerce,Series A,401,2288,295,24.34,No,No,53
Startup_3984,2009,USA,AI,IPO,296,4964,738,18.74,Yes,Yes,77
Startup_3985,2016,France,Logistics,IPO,227,2733,439,12.15,Yes,Yes,47
Startup_3986,2017,UK,Healthcare,Seed,470,2463,993,38.75,Yes,No,71
Startup_3987,2011,India,AI,Seed,248,3670,308,25.75,Yes,Yes,50
Startup_3988,2021,Canada,AI,Seed,262,2755,282,36.04,Yes,Yes,24
Startup_3989,2005,Japan,Gaming,Seed,446,1442,302,6.2,Yes,Yes,83
Startup_3990,2002,USA,FinTech,Series A,201,3775,648,25.2,Yes,Yes,74
Startup_3991,2013,Brazil,EdTech,Series B,222,774,540,13.21,No,No,26
Startup_3992,2006,India,Logistics,Series C,444,1044,963,2.08,No,Yes,97
Startup_3993,2008,India,E-commerce,IPO,181,1728,143,22.68,Yes,Yes,71
Startup_3994,2016,Japan,AI,Series A,336,2378,393,15.96,Yes,Yes,55
Startup_3995,2001,Japan,AI,Series B,489,589,420,0.9,No,Yes,83
Startup_3996,2020,China,FoodTech,Series C,409,632,312,20.33,Yes,Yes,71
Startup_3997,2021,Canada,AI,Series C,490,4732,523,28.87,Yes,No,28
Startup_3998,2000,China,FinTech,Seed,243,3455,262,17.7,Yes,Yes,26
Startup_3999,2008,France,FoodTech,Series C,313,1845,640,9.13,Yes,No,50
Startup_4000,2002,Brazil,Healthcare,Series A,358,290,724,15.44,No,No,78
Startup_4001,2005,Germany,Healthcare,Series A,99,4680,980,26.42,No,Yes,49
Startup_4002,2015,Canada,Healthcare,Series C,214,1426,53,48.05,Yes,No,37
Startup_4003,2002,India,E-commerce,Series C,461,1441,366,22.63,No,Yes,49
Startup_4004,2022,India,EdTech,Series C,164,1508,378,10.4,Yes,Yes,97
Startup_4005,2019,Brazil,FinTech,Series B,33,3623,353,33.62,Yes,Yes,91
Startup_4006,2017,India,FinTech,Series B,15,655,555,33.47,Yes,Yes,74
Startup_4007,2013,China,Gaming,Series A,489,3385,140,8.52,No,Yes,13
Startup_4008,2013,Brazil,EdTech,IPO,53,2091,575,20.36,No,No,90
Startup_4009,2003,Germany,Energy,Series A,146,4027,845,39.78,Yes,No,23
Startup_4010,2003,Canada,E-commerce,Seed,345,4090,366,39.35,Yes,No,4
Startup_4011,2014,China,Logistics,Seed,430,4531,583,17.81,Yes,No,12
Startup_4012,2013,UK,E-commerce,Series B,84,2682,594,27.76,No,Yes,70
Startup_4013,2011,India,Logistics,Seed,388,3032,515,12.56,Yes,Yes,32
Startup_4014,2000,China,EdTech,Series B,468,212,817,49,Yes,Yes,29
Startup_4015,2020,India,EdTech,IPO,202,5,235,45.3,No,No,28
Startup_4016,2016,Japan,Healthcare,Series A,269,1145,531,48.25,Yes,No,30
Startup_4017,2004,Japan,Energy,Series A,145,685,621,24.43,No,No,50
Startup_4018,2000,Germany,FinTech,Series C,172,3185,523,17.09,No,No,55
Startup_4019,2004,Brazil,Gaming,Series C,150,3163,810,43.67,Yes,Yes,29
Startup_4020,2008,India,EdTech,IPO,450,3161,131,46.9,No,No,82
Startup_4021,2006,France,Energy,Series C,124,2520,187,39.86,Yes,Yes,87
Startup_4022,2006,China,EdTech,Seed,123,1853,790,14.49,Yes,No,13
Startup_4023,2015,China,EdTech,Series B,87,4440,149,10.22,Yes,Yes,65
Startup_4024,2000,UK,Healthcare,Seed,451,1569,82,28.96,No,Yes,25
Startup_4025,2003,India,FoodTech,IPO,258,1240,369,1.07,Yes,No,10
Startup_4026,2019,Germany,AI,Series C,442,3790,876,14.21,No,Yes,8
Startup_4027,2000,India,Logistics,IPO,488,1786,989,40.45,No,No,51
Startup_4028,2009,Australia,AI,IPO,148,4370,284,35.01,No,No,79
Startup_4029,2007,USA,Logistics,Seed,85,3522,277,47.52,Yes,Yes,54
Startup_4030,2000,Germany,Healthcare,Series B,267,2293,987,3.54,No,No,65
Startup_4031,2000,USA,Healthcare,IPO,171,3651,981,42.34,Yes,Yes,10
Startup_4032,2005,Germany,Healthcare,Series A,303,658,428,35.22,No,No,84
Startup_4033,2017,Australia,FoodTech,Series A,261,278,789,14.29,Yes,Yes,3
Startup_4034,2000,Japan,Tech,Seed,107,4839,193,14.06,Yes,Yes,99
Startup_4035,2011,Germany,AI,Seed,450,2283,153,25.98,Yes,No,83
Startup_4036,2004,USA,AI,Seed,132,2908,955,9.71,Yes,Yes,34
Startup_4037,2000,France,Tech,IPO,440,1916,533,10.04,Yes,No,78
Startup_4038,2001,Canada,FoodTech,Series B,91,761,230,39.56,No,No,58
Startup_4039,2013,USA,FoodTech,Series B,249,423,731,16.18,Yes,No,40
Startup_4040,2022,UK,Tech,Series B,388,1462,820,49.11,Yes,No,1
Startup_4041,2002,China,Tech,Series A,473,1200,968,47.98,Yes,Yes,33
Startup_4042,2010,Australia,Tech,Series C,59,352,137,32.21,Yes,Yes,48
Startup_4043,2016,India,Logistics,Seed,257,3635,561,25.22,Yes,Yes,60
Startup_4044,2002,Canada,AI,IPO,3,4409,313,41.39,No,Yes,10
Startup_4045,2012,France,FinTech,IPO,463,4177,680,24.12,Yes,No,44
Startup_4046,2003,China,Energy,IPO,27,2341,46,36.91,No,No,9
Startup_4047,2013,China,FoodTech,Series C,330,84,829,22.88,Yes,No,16
Startup_4048,2006,India,Logistics,Seed,113,890,470,36.94,No,No,60
Startup_4049,2004,Australia,EdTech,IPO,271,266,388,46.81,No,Yes,87
Startup_4050,2017,Japan,Logistics,Series B,8,844,117,0.25,Yes,No,7
Startup_4051,2011,China,EdTech,Series B,7,541,405,35.63,Yes,No,4
Startup_4052,2013,USA,FoodTech,Seed,328,747,46,28.42,Yes,No,58
Startup_4053,2019,Japan,FinTech,Seed,162,927,602,38.84,No,Yes,69
Startup_4054,2007,Brazil,AI,Series B,304,1019,318,38.24,Yes,No,41
Startup_4055,2021,Germany,Tech,Series B,485,2935,666,42.12,Yes,No,63
Startup_4056,2004,China,Gaming,Seed,410,1551,981,35.06,Yes,Yes,94
Startup_4057,2006,UK,EdTech,Series A,368,414,104,20.47,Yes,Yes,4
Startup_4058,2011,Germany,Energy,Series B,322,3675,54,3.22,No,No,21
Startup_4059,2005,UK,Gaming,Series C,399,13,292,35.46,No,Yes,71
Startup_4060,2021,Australia,E-commerce,Series B,278,1304,881,15.71,Yes,Yes,87
Startup_4061,2014,USA,Logistics,Series C,335,1119,608,27.9,No,Yes,67
Startup_4062,2011,Japan,EdTech,IPO,49,716,598,8.37,Yes,No,17
Startup_4063,2014,India,AI,Series A,9,4397,916,47.04,No,No,49
Startup_4064,2001,Germany,FoodTech,Seed,254,4607,883,25.73,No,No,72
Startup_4065,2000,India,Gaming,Series C,375,4597,396,23.75,No,No,65
Startup_4066,2000,India,FoodTech,IPO,438,4439,180,13.58,No,No,52
Startup_4067,2005,India,Energy,Series B,22,2922,559,33.62,Yes,Yes,13
Startup_4068,2013,Japan,Logistics,IPO,322,3982,51,34.51,Yes,Yes,95
Startup_4069,2010,USA,AI,Series A,200,2338,494,22.05,Yes,Yes,8
Startup_4070,2020,Germany,AI,Series A,361,3420,885,49.97,Yes,Yes,16
Startup_4071,2013,Germany,Gaming,Series A,29,3694,673,0.89,Yes,Yes,31
Startup_4072,2004,India,Logistics,Seed,287,2564,215,41.35,No,Yes,3
Startup_4073,2014,France,Tech,Series A,42,3657,159,22.24,Yes,Yes,52
Startup_4074,2016,France,Tech,IPO,308,40,837,18.68,Yes,Yes,11
Startup_4075,2022,Australia,AI,Seed,150,420,628,14.41,No,Yes,80
Startup_4076,2004,Australia,Energy,Seed,55,4893,35,15.71,No,No,38
Startup_4077,2011,France,Logistics,Series A,206,3578,886,22.72,Yes,Yes,44
Startup_4078,2008,UK,Energy,Series C,358,3120,611,14.27,No,No,60
Startup_4079,2007,UK,AI,Series A,261,3553,8,14.81,No,No,13
Startup_4080,2009,Germany,EdTech,Seed,146,3167,601,24.05,No,No,18
Startup_4081,2018,Japan,FinTech,Series B,236,4487,983,4.58,Yes,Yes,50
Startup_4082,2006,India,Tech,IPO,347,1592,645,3.31,No,Yes,8
Startup_4083,2011,France,Tech,IPO,150,3490,454,48.5,No,No,96
Startup_4084,2006,India,Healthcare,IPO,76,1462,720,38.86,Yes,Yes,20
Startup_4085,2011,France,Logistics,IPO,197,304,58,20.67,No,Yes,11
Startup_4086,2005,Japan,Logistics,Series B,486,2024,544,32.21,No,No,36
Startup_4087,2004,India,Tech,Seed,121,5,330,3.86,Yes,No,59
Startup_4088,2000,Germany,Tech,Series B,263,116,718,20.92,Yes,Yes,34
Startup_4089,2009,India,Tech,Series A,132,2756,166,6.62,Yes,Yes,18
Startup_4090,2014,USA,EdTech,Series B,70,1979,98,2.55,No,No,41
Startup_4091,2011,Germany,EdTech,Seed,373,232,445,10.08,No,Yes,81
Startup_4092,2005,India,Logistics,Seed,496,3090,999,10.44,No,No,33
Startup_4093,2009,USA,Gaming,IPO,460,2667,757,19.54,Yes,Yes,36
Startup_4094,2021,India,FinTech,Series A,474,3932,809,31.03,Yes,No,16
Startup_4095,2004,Canada,Healthcare,IPO,117,2236,397,12.39,Yes,Yes,48
Startup_4096,2003,Brazil,AI,Series C,179,4114,710,40.94,Yes,No,24
Startup_4097,2017,Germany,FoodTech,Series B,480,2574,714,18.28,No,Yes,43
Startup_4098,2021,France,Energy,Seed,406,2932,332,43.62,No,No,15
Startup_4099,2005,Australia,Tech,IPO,449,1700,796,10.42,No,No,39
Startup_4100,2007,China,Healthcare,IPO,289,417,350,20.5,Yes,Yes,65
Startup_4101,2015,USA,AI,Series A,298,1796,635,19.96,Yes,No,28
Startup_4102,2002,India,EdTech,Series C,245,1668,348,15.84,No,Yes,65
Startup_4103,2013,Australia,Energy,Series C,176,4086,271,22.03,No,No,14
Startup_4104,2008,India,AI,Series B,434,49,300,44.67,Yes,Yes,39
Startup_4105,2000,Germany,Logistics,IPO,134,1061,67,14.75,No,No,60
Startup_4106,2009,France,FoodTech,IPO,149,2512,397,11.29,No,Yes,59
Startup_4107,2013,Canada,Healthcare,Series A,25,2850,410,2.96,No,No,57
Startup_4108,2012,Canada,Logistics,Seed,214,202,193,5.34,No,Yes,4
Startup_4109,2005,Germany,EdTech,Seed,12,3696,937,11.16,No,No,18
Startup_4110,2020,India,Healthcare,Series A,176,107,183,15.43,No,No,56
Startup_4111,2016,China,AI,IPO,445,3005,93,2.14,Yes,Yes,96
Startup_4112,2009,Canada,Gaming,Series A,283,3436,364,28.9,No,No,59
Startup_4113,2002,Australia,FoodTech,Seed,240,4596,690,26.74,No,Yes,79
Startup_4114,2011,Canada,AI,Series B,288,98,943,35.02,Yes,No,35
Startup_4115,2000,Brazil,AI,Series A,254,2644,905,31.96,Yes,Yes,57
Startup_4116,2006,Germany,EdTech,Series B,75,4468,871,23.83,No,Yes,1
Startup_4117,2004,Australia,FinTech,Seed,385,4112,57,7.31,Yes,No,36
Startup_4118,2007,Australia,Tech,Series A,288,1096,259,42.49,No,Yes,49
Startup_4119,2005,Australia,Logistics,Seed,92,589,66,1.46,Yes,Yes,34
Startup_4120,2011,Japan,FinTech,Series B,157,4616,633,36.37,No,No,37
Startup_4121,2015,France,Tech,IPO,101,4542,757,0.16,No,Yes,94
Startup_4122,2002,Japan,FoodTech,Series A,109,1129,909,18.12,Yes,No,52
Startup_4123,2020,Canada,EdTech,Series A,182,4813,517,40.28,No,Yes,40
Startup_4124,2005,USA,Gaming,IPO,54,3713,923,41.79,No,Yes,36
Startup_4125,2016,Japan,FoodTech,Series B,279,2830,248,43.69,Yes,No,75
Startup_4126,2014,Brazil,AI,Series A,490,3458,538,32.85,No,No,69
Startup_4127,2003,UK,Healthcare,Seed,66,3873,684,44.12,Yes,Yes,90
Startup_4128,2000,Canada,Healthcare,Series B,251,2875,933,1.15,No,No,38
Startup_4129,2009,India,FoodTech,IPO,157,3858,708,30.65,Yes,No,64
Startup_4130,2012,USA,Energy,Seed,223,2502,503,24.48,Yes,Yes,32
Startup_4131,2004,India,Tech,Series B,258,4333,625,44.64,No,No,48
Startup_4132,2001,Japan,FoodTech,Seed,132,2861,281,36.72,No,Yes,14
Startup_4133,2007,India,EdTech,Series B,75,3103,355,20.98,No,No,59
Startup_4134,2001,Australia,FinTech,Series C,305,1047,402,20.01,No,Yes,65
Startup_4135,2016,Brazil,Tech,Seed,53,1904,69,5.34,Yes,No,88
Startup_4136,2000,USA,EdTech,Series B,445,2611,242,21.62,No,Yes,74
Startup_4137,2009,UK,E-commerce,Series A,93,2534,860,26.32,Yes,No,65
Startup_4138,2021,Australia,FoodTech,Series B,38,4821,511,21.85,Yes,Yes,44
Startup_4139,2019,Germany,E-commerce,Series B,69,4327,916,15.69,No,Yes,81
Startup_4140,2007,Germany,Gaming,Seed,270,963,385,31.61,Yes,No,30
Startup_4141,2019,UK,EdTech,IPO,103,3373,308,6.48,No,Yes,71
Startup_4142,2011,Australia,Logistics,Seed,177,2680,907,22.77,No,Yes,86
Startup_4143,2004,Canada,FinTech,Series A,57,926,421,41.42,No,No,20
Startup_4144,2018,Canada,AI,IPO,194,4173,222,48.78,Yes,No,25
Startup_4145,2013,China,Healthcare,Series B,21,4955,807,6.29,Yes,No,27
Startup_4146,2001,Canada,Gaming,Series C,12,4013,556,15.49,No,No,21
Startup_4147,2005,UK,Gaming,Seed,379,1799,615,5.03,No,No,40
Startup_4148,2012,China,Energy,Series C,198,4264,323,37.21,No,No,50
Startup_4149,2003,Germany,Energy,Series C,222,3943,212,12.15,Yes,Yes,70
Startup_4150,2020,China,Healthcare,IPO,61,2293,755,8.45,Yes,Yes,22
Startup_4151,2001,Australia,Gaming,Series C,207,3934,441,15.23,Yes,Yes,57
Startup_4152,2021,France,AI,Series A,273,1406,76,46.67,No,No,71
Startup_4153,2004,Brazil,Logistics,Series B,330,1607,214,22.85,Yes,Yes,75
Startup_4154,2011,Brazil,Logistics,IPO,355,4094,972,25.38,Yes,No,74
Startup_4155,2008,China,Tech,Series C,35,715,245,12.76,No,No,95
Startup_4156,2012,China,AI,Series C,263,2202,29,45.39,No,No,4
Startup_4157,2001,Japan,Energy,Series C,194,685,610,34.13,No,No,55
Startup_4158,2017,China,Healthcare,Seed,1,4973,477,45.02,No,Yes,29
Startup_4159,2002,UK,FinTech,IPO,87,2447,379,39.8,Yes,Yes,97
Startup_4160,2001,UK,EdTech,IPO,470,71,465,34.03,No,No,39
Startup_4161,2013,UK,FoodTech,Series B,66,3065,550,3.72,Yes,Yes,39
Startup_4162,2005,USA,Energy,IPO,471,677,469,14.22,No,Yes,49
Startup_4163,2000,Japan,Energy,Series A,248,1412,422,2.56,Yes,Yes,66
Startup_4164,2020,USA,Energy,Seed,146,1366,208,16.75,Yes,No,68
Startup_4165,2020,UK,Gaming,Seed,236,2799,183,17.55,No,No,17
Startup_4166,2006,Canada,Gaming,Seed,485,3484,173,7.87,Yes,Yes,52
Startup_4167,2003,UK,AI,Series B,81,922,311,7.62,No,No,45
Startup_4168,2006,UK,EdTech,Seed,160,3701,901,32.81,No,No,28
Startup_4169,2015,Germany,FoodTech,IPO,67,2817,542,36.09,No,No,95
Startup_4170,2019,Brazil,Energy,Series B,340,1864,850,43.85,No,No,64
Startup_4171,2020,India,FinTech,Seed,43,2462,403,12.8,Yes,Yes,88
Startup_4172,2018,Germany,FinTech,Series C,19,800,960,29.92,Yes,No,91
Startup_4173,2013,Japan,AI,Seed,466,483,959,2.28,Yes,No,91
Startup_4174,2011,Japan,EdTech,IPO,192,3825,20,49.41,No,No,41
Startup_4175,2008,Japan,Gaming,Series C,18,2834,391,25.79,No,No,43
Startup_4176,2004,UK,Tech,Series A,471,3748,882,29.17,Yes,No,96
Startup_4177,2015,France,Logistics,Seed,108,3295,975,13.84,Yes,No,2
Startup_4178,2005,Brazil,EdTech,Series B,323,1391,607,21.96,No,Yes,25
Startup_4179,2004,Canada,EdTech,Series A,120,4075,633,9,Yes,No,73
Startup_4180,2010,Australia,FoodTech,Series B,153,1082,934,6.68,Yes,No,94
Startup_4181,2006,Australia,Logistics,IPO,16,1956,83,33.82,Yes,Yes,35
Startup_4182,2013,China,EdTech,Seed,376,2225,596,36.5,No,No,59
Startup_4183,2010,China,Energy,Series C,329,3463,466,36.68,Yes,Yes,91
Startup_4184,2012,Germany,Gaming,Seed,472,4128,710,7.87,Yes,Yes,63
Startup_4185,2020,UK,Tech,Series B,235,2066,130,11.74,Yes,Yes,79
Startup_4186,2017,UK,FinTech,IPO,163,3625,443,24.44,No,No,95
Startup_4187,2008,Brazil,EdTech,Series A,485,2787,43,23.42,Yes,No,45
Startup_4188,2001,France,E-commerce,Series C,333,325,687,37.58,Yes,No,6
Startup_4189,2011,China,Gaming,Series A,58,2030,54,38.97,No,Yes,44
Startup_4190,2006,France,Tech,Series C,440,866,376,29.78,No,No,68
Startup_4191,2015,Australia,Tech,Series A,420,268,801,18.39,No,Yes,82
Startup_4192,2004,Brazil,Logistics,Series A,379,849,864,0.82,Yes,Yes,30
Startup_4193,2003,Canada,Tech,Series A,146,2511,608,39.93,Yes,Yes,52
Startup_4194,2017,Australia,Energy,Series B,149,3879,488,36.11,Yes,No,50
Startup_4195,2006,India,E-commerce,IPO,102,690,56,47.98,No,Yes,55
Startup_4196,2007,France,Tech,IPO,475,2111,526,41.27,Yes,No,34
Startup_4197,2006,France,FoodTech,Series B,216,4956,216,47.38,No,No,74
Startup_4198,2006,France,Tech,Series A,311,1030,695,42.67,No,No,92
Startup_4199,2004,Japan,Energy,Seed,249,3571,273,45.69,No,Yes,13
Startup_4200,2022,USA,FoodTech,Series C,345,1585,825,2.47,No,Yes,87
Startup_4201,2017,France,Logistics,Seed,56,661,419,26.23,Yes,No,88
Startup_4202,2003,UK,Energy,IPO,444,3630,937,15.84,No,No,53
Startup_4203,2022,Germany,Gaming,IPO,2,2052,704,44.56,No,Yes,19
Startup_4204,2018,India,Energy,Series C,275,890,561,6.54,No,No,49
Startup_4205,2018,Australia,E-commerce,Series C,107,1838,677,26.83,Yes,No,32
Startup_4206,2002,Canada,FinTech,Series A,369,4095,741,17.41,Yes,No,5
Startup_4207,2009,Japan,Logistics,Series A,58,2189,396,49.98,No,No,66
Startup_4208,2005,India,FoodTech,IPO,44,371,10,25.53,Yes,Yes,63
Startup_4209,2011,Australia,FoodTech,Series B,203,2079,980,38.48,Yes,Yes,13
Startup_4210,2013,USA,Gaming,IPO,104,3753,892,2.13,Yes,Yes,1
Startup_4211,2016,UK,E-commerce,IPO,309,4399,313,10.96,No,Yes,60
Startup_4212,2004,Brazil,AI,Series B,148,1435,333,31.08,Yes,Yes,19
Startup_4213,2010,Germany,Healthcare,Series B,97,3601,813,16.78,No,Yes,96
Startup_4214,2021,France,Tech,Series A,52,3333,469,47.43,No,No,79
Startup_4215,2001,China,FoodTech,IPO,174,1293,296,36.95,No,No,59
Startup_4216,2011,Australia,E-commerce,Series A,44,3615,76,8.79,Yes,Yes,14
Startup_4217,2020,Canada,FinTech,Seed,336,1095,844,35.48,Yes,Yes,52
Startup_4218,2005,Australia,Logistics,IPO,452,4539,727,33.69,Yes,No,10
Startup_4219,2019,Brazil,Energy,IPO,304,1280,327,4.08,No,Yes,76
Startup_4220,2014,Japan,FinTech,Seed,231,2072,606,11.73,Yes,Yes,89
Startup_4221,2022,Japan,Logistics,Seed,25,2845,811,29.29,No,Yes,32
Startup_4222,2003,Brazil,Logistics,Series B,391,4042,660,1.87,No,No,56
Startup_4223,2009,Japan,FinTech,IPO,147,2443,954,44.48,No,No,22
Startup_4224,2000,USA,FinTech,Series C,252,1044,548,26.97,Yes,No,78
Startup_4225,2007,France,E-commerce,Series B,295,1350,628,22.33,Yes,No,22
Startup_4226,2010,UK,Gaming,Series C,468,4580,396,4.28,No,Yes,93
Startup_4227,2020,Brazil,Healthcare,Series C,302,1826,343,9.34,No,Yes,47
Startup_4228,2004,Japan,Energy,Series B,472,1443,326,18.55,No,Yes,97
Startup_4229,2008,Australia,EdTech,Series A,62,2737,971,29.89,No,No,69
Startup_4230,2011,China,Energy,Seed,311,907,719,49.22,Yes,Yes,12
Startup_4231,2017,UK,E-commerce,Seed,355,988,780,18.52,Yes,Yes,59
Startup_4232,2013,Canada,FoodTech,Seed,397,181,191,29.42,Yes,No,98
Startup_4233,2012,France,E-commerce,Series A,190,3128,422,49.22,No,No,31
Startup_4234,2001,Japan,Tech,Series A,186,2997,433,9.95,No,Yes,75
Startup_4235,2013,Brazil,E-commerce,Seed,216,850,569,37.68,No,No,28
Startup_4236,2009,Japan,AI,Series A,7,1615,793,45.11,Yes,No,74
Startup_4237,2010,Brazil,Energy,Series C,458,4494,661,34,No,No,24
Startup_4238,2018,USA,FinTech,Seed,437,1374,325,1.8,Yes,No,35
Startup_4239,2019,Australia,Energy,Series A,76,3600,30,36.81,No,No,2
Startup_4240,2015,France,Healthcare,Seed,449,2874,4,3.63,Yes,Yes,4
Startup_4241,2005,India,Logistics,Seed,214,3454,189,25.52,Yes,Yes,52
Startup_4242,2011,USA,FoodTech,Seed,353,1714,228,6.69,Yes,Yes,27
Startup_4243,2020,Canada,Energy,IPO,108,2724,927,36.9,No,Yes,18
Startup_4244,2009,France,AI,Seed,82,1220,780,33.39,No,No,5
Startup_4245,2012,Brazil,Energy,Seed,263,3233,405,39.99,Yes,No,76
Startup_4246,2021,India,AI,IPO,94,264,532,45.81,No,No,62
Startup_4247,2000,India,Logistics,Seed,173,4791,464,21.03,Yes,No,4
Startup_4248,2013,Brazil,FinTech,Series A,425,762,850,49.83,Yes,No,71
Startup_4249,2004,Germany,EdTech,IPO,214,4334,590,17.46,No,Yes,98
Startup_4250,2006,China,Energy,Series C,473,1025,905,37.18,No,Yes,56
Startup_4251,2019,France,E-commerce,IPO,36,348,309,1.02,No,No,70
Startup_4252,2017,USA,Gaming,Series A,314,4336,23,33.08,No,No,38
Startup_4253,2022,Canada,FinTech,IPO,135,4703,332,45.56,No,No,56
Startup_4254,2008,Australia,FoodTech,Series A,78,1315,878,21.65,Yes,No,32
Startup_4255,2010,Japan,Healthcare,IPO,153,1707,464,48.78,No,No,2
Startup_4256,2003,Canada,FoodTech,Series A,225,2732,978,13.67,No,No,76
Startup_4257,2015,Japan,Energy,Series B,442,2847,477,35.77,Yes,Yes,57
Startup_4258,2003,Canada,Logistics,IPO,352,2168,285,0.56,Yes,No,90
Startup_4259,2013,Brazil,Logistics,IPO,451,2692,704,28.47,No,No,70
Startup_4260,2022,Germany,Energy,IPO,409,4383,747,13.87,Yes,Yes,49
Startup_4261,2011,Japan,Tech,Seed,478,2868,345,3.72,No,No,27
Startup_4262,2016,Germany,FoodTech,IPO,226,3358,786,19.35,No,No,68
Startup_4263,2004,Germany,FinTech,Series B,403,2627,125,44.21,Yes,Yes,14
Startup_4264,2003,USA,AI,Series A,156,4574,456,19.29,Yes,Yes,34
Startup_4265,2007,UK,E-commerce,Series A,166,4127,25,25.23,No,Yes,59
Startup_4266,2002,Japan,Energy,Series A,275,4809,958,38.07,Yes,Yes,98
Startup_4267,2019,Canada,E-commerce,Series C,60,539,237,40.27,No,No,68
Startup_4268,2003,Japan,Gaming,Series C,4,15,630,43.49,Yes,No,98
Startup_4269,2004,USA,AI,Seed,261,3549,806,27.74,No,Yes,57
Startup_4270,2003,UK,FoodTech,Series A,242,4847,782,36.44,Yes,No,56
Startup_4271,2002,China,Logistics,Seed,37,916,105,35.97,Yes,Yes,50
Startup_4272,2006,Germany,Healthcare,Series A,439,3565,393,39.15,No,Yes,66
Startup_4273,2018,Canada,AI,Seed,185,1460,652,26.76,No,No,15
Startup_4274,2015,China,FoodTech,Series B,68,4236,500,19.43,No,No,49
Startup_4275,2021,France,Energy,Series C,448,4856,525,40.91,Yes,Yes,37
Startup_4276,2013,Germany,FoodTech,Series A,218,4971,832,26.21,Yes,No,90
Startup_4277,2011,UK,FoodTech,Seed,292,1302,184,14.85,No,No,59
Startup_4278,2007,China,Healthcare,IPO,121,3378,51,26.18,Yes,No,81
Startup_4279,2020,Canada,Energy,Series B,294,3726,499,20.54,No,No,82
Startup_4280,2017,China,Energy,Series B,16,95,895,19.59,No,Yes,42
Startup_4281,2002,Japan,Logistics,Series A,418,622,364,48.04,Yes,Yes,66
Startup_4282,2022,India,AI,Series C,277,83,105,45.65,Yes,Yes,59
Startup_4283,2017,Japan,FinTech,Series B,35,308,115,4.54,No,Yes,77
Startup_4284,2001,USA,Tech,Series A,364,1940,291,14.78,No,Yes,61
Startup_4285,2011,Germany,FoodTech,Series B,356,4079,413,40.14,No,No,67
Startup_4286,2004,Australia,Energy,Series B,301,997,321,41.85,Yes,No,6
Startup_4287,2021,China,FinTech,Series C,317,4486,831,30.71,No,Yes,87
Startup_4288,2014,India,Energy,Series A,22,4023,406,4.43,No,No,14
Startup_4289,2019,Canada,AI,Series B,251,3137,710,47.64,Yes,Yes,26
Startup_4290,2010,Canada,Logistics,IPO,444,2088,820,26.85,Yes,No,96
Startup_4291,2011,Germany,E-commerce,Series C,219,2829,633,3.66,No,Yes,37
Startup_4292,2020,France,Healthcare,Series B,83,2545,792,20.39,No,Yes,45
Startup_4293,2010,Brazil,FoodTech,Series A,93,3543,794,44.22,Yes,Yes,15
Startup_4294,2008,Japan,EdTech,Series A,302,3715,601,47.62,No,Yes,72
Startup_4295,2005,Germany,Gaming,IPO,149,457,359,18.58,No,Yes,68
Startup_4296,2020,Australia,E-commerce,Series B,163,4259,997,17.54,Yes,No,32
Startup_4297,2019,Germany,Logistics,IPO,149,1445,763,2.47,No,No,69
Startup_4298,2005,USA,EdTech,Series C,268,3586,685,9.55,Yes,No,61
Startup_4299,2009,Brazil,E-commerce,Series B,479,1237,488,16.28,Yes,Yes,55
Startup_4300,2001,Canada,AI,Series B,221,4462,950,21.63,No,Yes,45
Startup_4301,2010,China,E-commerce,Seed,193,497,441,27.97,No,Yes,78
Startup_4302,2004,India,Logistics,Series B,191,2125,255,1.34,No,No,38
Startup_4303,2005,Australia,FoodTech,Seed,318,164,580,39.75,Yes,No,79
Startup_4304,2001,Germany,E-commerce,Series C,359,824,563,21.81,No,No,29
Startup_4305,2007,Germany,Logistics,Series C,195,446,196,25.87,No,No,88
Startup_4306,2013,Germany,Gaming,Seed,372,611,38,32.49,Yes,No,51
Startup_4307,2012,UK,Gaming,IPO,114,3992,913,35.25,Yes,Yes,43
Startup_4308,2019,Canada,Healthcare,Series A,282,383,661,31.43,Yes,No,69
Startup_4309,2000,Brazil,Logistics,IPO,479,684,790,29.14,Yes,Yes,6
Startup_4310,2018,Brazil,Healthcare,Series A,128,4526,294,15.55,No,No,97
Startup_4311,2010,Japan,EdTech,Series C,138,4748,986,38.86,No,No,34
Startup_4312,2008,UK,Healthcare,Series B,342,1195,350,44.08,Yes,No,14
Startup_4313,2016,USA,AI,Seed,337,2857,855,30.37,No,No,57
Startup_4314,2016,Canada,AI,Series A,300,2069,722,3.8,Yes,Yes,44
Startup_4315,2000,China,Logistics,Series C,238,1720,599,44.84,No,No,41
Startup_4316,2002,Canada,FoodTech,Seed,27,1712,416,4.59,No,Yes,38
Startup_4317,2000,USA,AI,IPO,412,2410,644,6.45,Yes,No,4
Startup_4318,2002,Germany,Tech,IPO,494,3354,762,11.2,No,Yes,79
Startup_4319,2002,Brazil,Gaming,Series A,477,4005,475,5.59,No,No,68
Startup_4320,2020,UK,Energy,Series A,300,975,789,30.86,Yes,No,86
Startup_4321,2006,France,Tech,IPO,284,4554,144,25.47,Yes,Yes,4
Startup_4322,2008,France,AI,Series A,275,4064,788,26.86,Yes,Yes,12
Startup_4323,2009,UK,Logistics,Series A,269,3957,670,23.81,No,No,36
Startup_4324,2020,France,FinTech,IPO,356,4470,663,34.41,No,Yes,17
Startup_4325,2005,China,Gaming,Series B,294,1454,698,1.17,No,No,71
Startup_4326,2019,Australia,AI,Series A,158,4066,532,12.44,Yes,No,51
Startup_4327,2016,China,Tech,Seed,190,4891,899,41.23,No,No,63
Startup_4328,2006,Australia,FoodTech,Series B,328,3898,268,38.73,No,No,5
Startup_4329,2015,USA,Tech,Seed,206,4882,473,44.27,No,No,91
Startup_4330,2022,Brazil,FinTech,Seed,138,2454,231,41.86,No,No,36
Startup_4331,2013,Japan,Logistics,Series B,165,2655,487,43.09,No,Yes,52
Startup_4332,2022,Germany,EdTech,IPO,46,2390,219,21.63,Yes,Yes,52
Startup_4333,2018,India,Energy,IPO,70,959,391,41.32,Yes,Yes,33
Startup_4334,2019,USA,Logistics,Seed,288,3298,145,43,Yes,No,21
Startup_4335,2009,France,Gaming,Seed,159,382,781,9.58,Yes,Yes,85
Startup_4336,2021,Canada,Tech,Series C,405,882,380,11.91,No,Yes,74
Startup_4337,2021,USA,EdTech,Series A,404,4679,983,22.3,No,Yes,2
Startup_4338,2021,China,Healthcare,Series A,230,6,318,40.66,Yes,Yes,75
Startup_4339,2019,Canada,FinTech,IPO,494,4303,595,17.94,Yes,No,3
Startup_4340,2015,Brazil,Healthcare,IPO,244,1702,832,23.57,Yes,Yes,90
Startup_4341,2017,UK,AI,Series B,326,2497,755,11.19,Yes,Yes,81
Startup_4342,2003,UK,EdTech,IPO,25,1846,446,21.46,Yes,Yes,9
Startup_4343,2018,Brazil,Energy,Series A,411,1466,940,29,No,No,59
Startup_4344,2019,UK,Energy,Series C,345,3528,820,4.29,Yes,No,39
Startup_4345,2009,Germany,Gaming,Series C,202,4188,183,3.82,No,No,31
Startup_4346,2012,UK,Logistics,Series A,246,3327,784,22.19,Yes,Yes,10
Startup_4347,2018,Germany,Logistics,IPO,17,3562,879,40.18,Yes,No,40
Startup_4348,2003,USA,FoodTech,Series A,187,61,421,31.95,Yes,Yes,93
Startup_4349,2018,France,Logistics,Seed,46,4869,951,8.77,No,Yes,11
Startup_4350,2015,Canada,EdTech,Series A,346,3937,642,10.96,Yes,Yes,8
Startup_4351,2007,Germany,AI,Seed,466,211,370,37.24,Yes,No,76
Startup_4352,2009,Australia,AI,Series C,259,3122,746,18.87,Yes,Yes,73
Startup_4353,2003,India,Healthcare,IPO,278,2017,221,8.51,No,Yes,28
Startup_4354,2005,Australia,AI,Seed,83,3095,451,15.9,No,No,68
Startup_4355,2003,Germany,E-commerce,Series B,164,2103,336,21.98,Yes,No,14
Startup_4356,2022,Australia,Gaming,Series C,263,2669,964,22.31,Yes,Yes,74
Startup_4357,2016,France,Tech,Series B,372,1850,295,29.05,No,No,72
Startup_4358,2013,UK,EdTech,Seed,227,3351,130,10.88,Yes,Yes,14
Startup_4359,2008,UK,Gaming,Series C,335,1764,238,44.97,Yes,No,31
Startup_4360,2005,USA,AI,Series B,14,2487,355,10.33,No,Yes,96
Startup_4361,2011,Australia,Tech,Series B,432,2413,731,11.04,No,No,29
Startup_4362,2021,Japan,Healthcare,Series A,96,1820,576,0.2,Yes,No,25
Startup_4363,2022,USA,Logistics,IPO,283,421,464,48.44,Yes,Yes,91
Startup_4364,2000,China,Logistics,Series C,213,212,972,32.73,No,No,27
Startup_4365,2002,UK,FinTech,Series C,131,2729,442,27.61,Yes,No,82
Startup_4366,2006,Canada,Tech,Series A,135,3803,529,20.31,No,No,60
Startup_4367,2006,Canada,Healthcare,Series B,272,1833,742,14.66,No,Yes,30
Startup_4368,2003,Germany,Gaming,Series A,88,304,208,9.57,No,No,26
Startup_4369,2015,Canada,FinTech,Seed,295,238,172,36.91,Yes,No,77
Startup_4370,2004,USA,FoodTech,Series C,270,539,437,38.7,Yes,Yes,98
Startup_4371,2002,China,E-commerce,IPO,125,2953,806,14.07,No,No,52
Startup_4372,2005,Brazil,E-commerce,Series A,39,1845,257,9.06,Yes,No,93
Startup_4373,2021,Japan,Energy,IPO,171,2276,34,32.91,No,Yes,40
Startup_4374,2010,Japan,Healthcare,Seed,296,2069,58,47.64,No,No,42
Startup_4375,2013,Germany,Tech,Series A,413,936,909,37.32,Yes,Yes,93
Startup_4376,2007,Germany,E-commerce,Series A,417,1681,99,43.43,Yes,No,89
Startup_4377,2012,China,AI,IPO,318,4074,407,46.09,No,Yes,24
Startup_4378,2008,India,Logistics,Series C,38,1068,572,4.09,No,Yes,9
Startup_4379,2009,USA,FoodTech,IPO,362,2231,794,2.44,No,Yes,35
Startup_4380,2022,Brazil,E-commerce,Series A,17,4069,344,43.88,No,No,26
Startup_4381,2015,Germany,E-commerce,Series B,161,2572,739,8.51,No,No,74
Startup_4382,2022,Australia,EdTech,Series A,37,2666,130,3.44,Yes,No,89
Startup_4383,2008,Canada,Tech,Seed,189,1771,311,23.43,No,Yes,68
Startup_4384,2021,USA,Logistics,Series C,343,1177,541,32.28,No,No,28
Startup_4385,2021,Germany,E-commerce,Seed,300,2297,975,35.42,Yes,No,89
Startup_4386,2006,Canada,Healthcare,Series B,88,3655,1,13.41,Yes,Yes,43
Startup_4387,2000,Germany,Energy,Series A,171,533,99,13.84,Yes,Yes,49
Startup_4388,2003,China,FoodTech,Series B,40,2773,43,3.91,Yes,No,26
Startup_4389,2005,France,Healthcare,Series A,146,3695,104,3.34,Yes,Yes,45
Startup_4390,2008,USA,AI,Series C,472,3308,170,9.04,Yes,No,52
Startup_4391,2016,Australia,Logistics,Series A,308,1665,959,27.13,No,Yes,8
Startup_4392,2019,Brazil,Energy,Series C,470,3616,524,45.89,No,Yes,39
Startup_4393,2018,Brazil,FinTech,Seed,422,2504,624,2.65,No,No,5
Startup_4394,2004,Germany,EdTech,IPO,98,4948,777,31.55,Yes,Yes,65
Startup_4395,2015,Germany,Tech,Series A,299,4848,181,13.6,No,No,72
Startup_4396,2012,USA,Gaming,IPO,307,2798,18,40.11,No,No,75
Startup_4397,2012,Japan,AI,Series A,448,1978,206,14.96,Yes,No,28
Startup_4398,2020,China,E-commerce,Seed,200,1460,358,18.06,Yes,No,97
Startup_4399,2005,France,FoodTech,IPO,96,4888,842,41.27,Yes,Yes,67
Startup_4400,2014,France,FinTech,Series A,21,4052,514,3.59,No,Yes,85
Startup_4401,2006,China,Gaming,Series A,242,4054,263,7.82,No,Yes,13
Startup_4402,2005,Australia,Energy,IPO,85,4868,244,27.33,Yes,No,39
Startup_4403,2014,India,Energy,Series B,334,3013,115,3.65,No,No,61
Startup_4404,2004,Japan,Energy,Series A,377,4067,143,27.23,Yes,No,10
Startup_4405,2009,France,EdTech,IPO,231,3091,614,40.89,Yes,Yes,79
Startup_4406,2009,France,EdTech,Series C,26,4601,304,48.16,No,No,84
Startup_4407,2007,Australia,E-commerce,Seed,190,3915,597,5.34,Yes,Yes,54
Startup_4408,2003,Germany,Energy,IPO,198,4342,955,1.82,Yes,Yes,60
Startup_4409,2001,Germany,E-commerce,Seed,488,3771,426,34.58,Yes,No,57
Startup_4410,2004,UK,AI,Series C,109,4359,496,14.1,No,No,2
Startup_4411,2022,USA,Logistics,Series B,258,610,259,43.02,No,No,92
Startup_4412,2021,Germany,Energy,IPO,380,3350,729,16.19,Yes,No,20
Startup_4413,2018,USA,EdTech,Series B,108,4155,758,33.15,No,No,75
Startup_4414,2003,Germany,Logistics,Series C,230,4454,387,24.64,Yes,No,66
Startup_4415,2004,India,FinTech,Seed,85,1820,162,18.91,No,Yes,25
Startup_4416,2008,Japan,Healthcare,Series C,349,722,767,17.8,Yes,Yes,45
Startup_4417,2010,UK,FoodTech,Series C,253,3378,809,48.91,No,No,57
Startup_4418,2005,UK,AI,IPO,393,2091,549,6.98,No,No,84
Startup_4419,2016,Canada,AI,Series A,289,4971,160,45.8,No,No,34
Startup_4420,2009,Japan,FinTech,Series B,116,4772,794,42.92,Yes,Yes,32
Startup_4421,2017,China,Healthcare,IPO,407,927,977,26.39,No,No,94
Startup_4422,2007,USA,AI,Series C,371,2150,690,41.3,Yes,No,33
Startup_4423,2004,UK,E-commerce,Series C,6,3848,322,49.81,No,Yes,75
Startup_4424,2010,Canada,Energy,IPO,481,465,537,27.47,No,No,91
Startup_4425,2019,China,Gaming,Seed,300,3623,970,10.54,No,No,68
Startup_4426,2019,UK,FinTech,Seed,35,2830,824,3.26,No,No,68
Startup_4427,2001,France,Tech,Series B,348,4103,138,46.59,Yes,Yes,9
Startup_4428,2016,France,Tech,IPO,283,2283,493,14.2,No,No,20
Startup_4429,2004,China,AI,Series C,194,4111,378,6.24,No,No,2
Startup_4430,2006,USA,E-commerce,IPO,433,4478,638,47.34,No,No,34
Startup_4431,2005,Canada,FinTech,IPO,241,265,733,47.9,Yes,Yes,79
Startup_4432,2007,Brazil,Gaming,Series C,496,4772,522,43.38,Yes,Yes,21
Startup_4433,2009,UK,Energy,Seed,393,4472,1,44.27,No,No,61
Startup_4434,2009,Australia,FinTech,Seed,51,4154,82,12.52,Yes,Yes,98
Startup_4435,2005,UK,Logistics,Series A,176,1273,991,14.33,Yes,Yes,84
Startup_4436,2003,China,Energy,Series A,145,1890,527,35.57,Yes,Yes,96
Startup_4437,2008,France,Energy,Series C,275,3864,490,38.52,No,Yes,60
Startup_4438,2000,Japan,E-commerce,Seed,410,4604,936,10.23,No,Yes,32
Startup_4439,2001,France,FinTech,Series A,263,1613,326,4.79,Yes,No,28
Startup_4440,2013,India,AI,Series B,433,1909,923,20.56,Yes,Yes,51
Startup_4441,2001,France,Logistics,IPO,418,2326,864,46.32,Yes,No,74
Startup_4442,2004,Germany,Logistics,IPO,468,1700,733,23.84,No,Yes,37
Startup_4443,2012,Canada,FoodTech,Seed,145,4850,253,32.43,Yes,No,15
Startup_4444,2002,Japan,EdTech,Seed,382,1609,712,13.5,No,Yes,53
Startup_4445,2007,Japan,Logistics,Series B,366,567,309,35.89,Yes,No,61
Startup_4446,2010,Brazil,Energy,Series C,206,3113,426,21.07,No,No,2
Startup_4447,2011,France,Healthcare,IPO,446,246,480,36.33,Yes,No,34
Startup_4448,2012,Canada,Healthcare,Seed,178,3522,495,13.64,Yes,No,54
Startup_4449,2018,China,Healthcare,IPO,138,2456,934,8.72,No,Yes,86
Startup_4450,2001,USA,AI,Series B,430,1185,866,22.93,Yes,No,67
Startup_4451,2017,India,Tech,Series C,306,3060,740,6.22,No,No,26
Startup_4452,2001,USA,FinTech,Series C,115,727,247,39.83,Yes,No,27
Startup_4453,2000,Germany,Tech,Series A,80,3606,170,5.95,No,No,11
Startup_4454,2019,USA,FinTech,Seed,162,813,119,0.83,Yes,No,46
Startup_4455,2008,China,FinTech,IPO,85,3410,534,9.94,No,Yes,21
Startup_4456,2012,China,EdTech,Series A,41,3179,58,8.37,No,No,19
Startup_4457,2016,France,FoodTech,Series A,424,2281,211,14.01,Yes,No,6
Startup_4458,2010,Australia,AI,Series A,153,4443,600,19.37,No,No,92
Startup_4459,2017,Canada,Healthcare,Series A,474,2898,734,45.79,Yes,No,91
Startup_4460,2005,India,E-commerce,Series B,115,3453,229,35.25,No,No,4
Startup_4461,2009,China,E-commerce,Series B,410,4052,456,41.9,Yes,No,98
Startup_4462,2004,Brazil,E-commerce,Seed,65,2992,575,27.36,No,No,36
Startup_4463,2000,China,Healthcare,IPO,130,1493,78,26.47,Yes,No,42
Startup_4464,2003,France,Energy,Series A,7,4957,531,10.61,Yes,Yes,20
Startup_4465,2006,Canada,Energy,Series B,340,3542,158,13.34,Yes,No,10
Startup_4466,2005,Japan,E-commerce,Series A,108,1528,819,41.87,No,No,19
Startup_4467,2014,France,Logistics,IPO,164,2676,849,33.26,No,No,33
Startup_4468,2013,Australia,FinTech,Series B,95,963,296,47.99,Yes,No,36
Startup_4469,2011,France,Healthcare,Series A,481,4960,203,18.91,Yes,Yes,59
Startup_4470,2007,Canada,Tech,Series C,289,3298,106,38.1,Yes,No,19
Startup_4471,2013,USA,Gaming,Seed,137,3153,776,15.99,Yes,Yes,1
Startup_4472,2003,France,Healthcare,Series C,460,3691,757,40.77,Yes,No,46
Startup_4473,2000,Canada,EdTech,IPO,170,4322,708,18.78,Yes,Yes,89
Startup_4474,2002,France,Tech,Series A,27,513,513,20.24,Yes,No,11
Startup_4475,2019,USA,E-commerce,Seed,117,4438,478,37.35,No,Yes,58
Startup_4476,2020,Australia,Healthcare,Seed,289,76,79,24.49,Yes,No,30
Startup_4477,2011,Brazil,FoodTech,IPO,344,325,754,26.77,Yes,No,84
Startup_4478,2010,UK,Logistics,Series B,29,4884,547,37.29,No,Yes,88
Startup_4479,2001,Australia,FoodTech,Series A,222,664,376,24.09,No,No,43
Startup_4480,2010,UK,EdTech,Series A,478,4949,438,44.55,No,Yes,96
Startup_4481,2018,Brazil,E-commerce,IPO,198,2960,166,24.17,Yes,Yes,14
Startup_4482,2003,Australia,Tech,Series B,471,4414,151,16.41,Yes,Yes,64
Startup_4483,2021,USA,Gaming,Series C,412,3903,323,11.05,Yes,Yes,48
Startup_4484,2020,Canada,E-commerce,Seed,261,1342,363,46.94,Yes,No,37
Startup_4485,2003,Canada,Tech,Series A,86,1782,595,15.93,Yes,No,29
Startup_4486,2022,Germany,Healthcare,Series B,442,758,535,18.77,No,No,5
Startup_4487,2011,Canada,Tech,Series C,448,3943,708,28.77,No,No,45
Startup_4488,2014,Germany,EdTech,Seed,236,3111,896,24.3,Yes,Yes,61
Startup_4489,2001,Canada,Energy,Series C,377,2506,685,48.54,No,No,62
Startup_4490,2016,India,Energy,Series B,348,2330,665,4.25,Yes,No,79
Startup_4491,2018,Germany,EdTech,Seed,366,66,880,19.28,No,Yes,76
Startup_4492,2019,UK,Healthcare,IPO,338,3261,711,46.5,Yes,Yes,57
Startup_4493,2015,Canada,Healthcare,Series B,342,1450,458,18.12,Yes,Yes,59
Startup_4494,2001,India,Tech,Series C,272,3979,720,31.85,No,No,67
Startup_4495,2012,Germany,AI,Series A,3,1142,406,13.18,No,Yes,9
Startup_4496,2017,China,E-commerce,Series B,35,2050,671,28.98,Yes,No,54
Startup_4497,2009,India,EdTech,Seed,150,1370,84,11.3,No,Yes,28
Startup_4498,2022,Australia,EdTech,Series B,314,860,355,43.15,Yes,Yes,20
Startup_4499,2007,France,Healthcare,Series A,54,1383,121,31.55,Yes,No,77
Startup_4500,2000,USA,Logistics,Series B,472,84,197,27.97,No,No,65
Startup_4501,2015,Canada,EdTech,Series C,331,504,752,23.66,No,No,45
Startup_4502,2010,Brazil,Gaming,IPO,145,1272,103,19.99,Yes,Yes,56
Startup_4503,2004,Australia,Tech,Seed,349,174,459,46.11,Yes,No,41
Startup_4504,2012,Germany,FoodTech,Series C,431,1765,903,32.16,Yes,Yes,19
Startup_4505,2008,Australia,FoodTech,Series B,209,592,572,8.28,No,Yes,3
Startup_4506,2006,India,EdTech,Seed,3,313,872,38.35,No,No,59
Startup_4507,2006,France,AI,IPO,124,937,650,5.67,No,Yes,87
Startup_4508,2009,Brazil,EdTech,Series C,480,868,555,44.42,No,Yes,55
Startup_4509,2020,Australia,Tech,IPO,78,3125,643,35.4,Yes,Yes,82
Startup_4510,2015,Japan,Energy,IPO,452,4961,573,13.62,No,No,19
Startup_4511,2007,Japan,Healthcare,Seed,29,1083,724,35.58,Yes,No,37
Startup_4512,2019,Germany,FoodTech,Series C,117,3707,340,8.15,Yes,No,70
Startup_4513,2006,India,AI,Series A,31,213,244,4.63,No,No,70
Startup_4514,2006,India,E-commerce,Seed,185,110,415,6.64,No,No,88
Startup_4515,2009,France,Tech,IPO,376,1407,72,21.83,Yes,No,3
Startup_4516,2011,USA,EdTech,IPO,337,119,155,31.02,Yes,No,91
Startup_4517,2000,Brazil,E-commerce,IPO,278,3905,652,5.68,No,No,91
Startup_4518,2007,Canada,Energy,Series B,478,709,565,26.25,No,No,62
Startup_4519,2002,Germany,Logistics,Series C,320,2820,209,7.34,Yes,No,24
Startup_4520,2016,USA,Logistics,Series B,2,103,446,7.29,Yes,No,62
Startup_4521,2010,Japan,Energy,Series A,268,2364,681,25.32,No,No,45
Startup_4522,2008,Japan,FoodTech,Series C,442,3179,25,31.26,No,No,99
Startup_4523,2002,Japan,AI,Series B,416,1983,608,23.24,Yes,No,46
Startup_4524,2021,Japan,EdTech,Series C,276,747,261,11.64,Yes,Yes,7
Startup_4525,2021,USA,EdTech,Series C,179,10,257,48.06,No,No,56
Startup_4526,2008,Australia,Healthcare,Series C,152,4718,302,39.85,Yes,No,22
Startup_4527,2012,Brazil,FinTech,Series A,168,4940,173,5.66,Yes,Yes,75
Startup_4528,2001,China,Tech,Series B,347,3170,165,48.23,No,No,12
Startup_4529,2017,France,Logistics,Seed,368,1747,13,24.23,No,Yes,10
Startup_4530,2004,Germany,FinTech,Seed,269,4019,108,18.07,Yes,Yes,66
Startup_4531,2020,Germany,Tech,Series A,359,3109,718,8.01,Yes,No,56
Startup_4532,2017,Brazil,FoodTech,Series C,493,1845,229,44.84,No,No,66
Startup_4533,2002,India,Healthcare,Series C,48,2100,361,28.88,No,Yes,46
Startup_4534,2002,France,Logistics,IPO,482,2972,110,27.53,No,Yes,14
Startup_4535,2018,India,Tech,Series A,317,543,990,26.84,Yes,Yes,56
Startup_4536,2013,India,Healthcare,Series B,200,3569,775,2.01,No,Yes,28
Startup_4537,2015,Japan,EdTech,Seed,260,3055,101,38.11,Yes,Yes,57
Startup_4538,2003,Brazil,Gaming,Series A,458,2769,193,42.07,Yes,No,48
Startup_4539,2007,Brazil,Energy,IPO,289,785,917,30.31,Yes,Yes,20
Startup_4540,2002,India,FoodTech,Series B,221,1709,664,5.98,Yes,No,33
Startup_4541,2012,Brazil,Tech,IPO,180,4730,819,21.33,No,No,72
Startup_4542,2002,France,Tech,IPO,422,966,760,43.65,No,No,12
Startup_4543,2015,Brazil,AI,Series B,32,2254,391,24.7,No,No,45
Startup_4544,2014,Australia,FinTech,Seed,483,929,955,47.81,No,No,8
Startup_4545,2013,China,EdTech,Series C,383,1440,492,39.51,No,No,89
Startup_4546,2020,India,Energy,Series A,389,658,174,28.05,Yes,Yes,84
Startup_4547,2018,Australia,FinTech,IPO,26,2098,731,35.87,No,No,36
Startup_4548,2018,UK,Gaming,Series B,99,3283,367,36.48,No,No,76
Startup_4549,2008,Canada,FinTech,Series C,470,3845,292,47.59,No,Yes,45
Startup_4550,2022,China,Energy,Seed,254,1573,725,32.92,No,No,57
Startup_4551,2021,UK,Gaming,Series A,65,2933,187,23.36,No,No,45
Startup_4552,2014,USA,EdTech,IPO,330,4483,176,0.54,Yes,No,11
Startup_4553,2012,India,E-commerce,Series B,155,3306,346,13.22,No,Yes,21
Startup_4554,2022,Canada,AI,IPO,421,1296,886,34.62,No,Yes,1
Startup_4555,2010,Australia,Logistics,Seed,406,1957,30,42.14,Yes,Yes,63
Startup_4556,2010,Brazil,Healthcare,IPO,251,1342,942,31.08,No,No,97
Startup_4557,2018,UK,FinTech,Series B,41,756,115,46.09,No,Yes,43
Startup_4558,2013,USA,Gaming,Series C,196,4883,497,42.91,No,No,55
Startup_4559,2000,Canada,Logistics,IPO,167,1008,740,46.31,No,No,92
Startup_4560,2018,Australia,Healthcare,IPO,202,1984,682,34.72,Yes,No,53
Startup_4561,2005,Brazil,E-commerce,Series B,214,254,126,21.1,No,Yes,74
Startup_4562,2000,Japan,Logistics,Series B,313,3656,727,22.32,No,Yes,97
Startup_4563,2016,UK,Tech,Seed,272,3593,351,19.23,No,No,82
Startup_4564,2005,UK,Tech,Series C,231,4830,855,7.3,No,No,17
Startup_4565,2022,Canada,Tech,Seed,177,2736,678,0.65,No,No,44
Startup_4566,2015,India,AI,Series B,331,1957,810,45.09,No,Yes,8
Startup_4567,2010,France,AI,IPO,292,3764,463,47.29,Yes,No,94
Startup_4568,2008,UK,E-commerce,IPO,152,1056,68,37.8,Yes,No,71
Startup_4569,2002,USA,FoodTech,Seed,147,2881,776,42.48,Yes,Yes,83
Startup_4570,2018,UK,AI,Series A,413,1932,742,31.6,No,No,48
Startup_4571,2008,Brazil,AI,Series B,418,4453,938,6.16,No,No,91
Startup_4572,2016,India,Gaming,Series B,319,1044,628,48.48,Yes,Yes,27
Startup_4573,2008,UK,Tech,IPO,431,3941,106,38.91,Yes,No,99
Startup_4574,2019,China,AI,Series B,287,4086,608,11.61,Yes,Yes,45
Startup_4575,2009,France,EdTech,Series A,71,2746,411,30.51,Yes,Yes,22
Startup_4576,2000,Germany,FinTech,IPO,374,4008,450,5.55,No,Yes,48
Startup_4577,2022,Canada,Tech,Seed,470,111,377,9.68,No,Yes,43
Startup_4578,2007,Brazil,Logistics,Seed,29,4766,532,24.29,Yes,No,25
Startup_4579,2007,Germany,FoodTech,Seed,141,3351,694,28.95,No,Yes,40
Startup_4580,2008,Brazil,Logistics,Seed,302,3014,826,25.21,Yes,Yes,12
Startup_4581,2017,Brazil,Healthcare,Seed,449,1933,390,0.35,Yes,Yes,32
Startup_4582,2016,France,FoodTech,Series B,388,2618,592,1.26,No,No,89
Startup_4583,2017,China,E-commerce,Series B,45,2169,549,12.94,No,Yes,47
Startup_4584,2015,Canada,Energy,Series A,322,464,798,5.68,Yes,No,93
Startup_4585,2004,China,Tech,IPO,133,4317,544,47.9,Yes,Yes,84
Startup_4586,2003,Germany,Gaming,Seed,348,1368,964,34.03,Yes,Yes,19
Startup_4587,2007,Japan,FinTech,Series A,344,3069,948,46.26,Yes,Yes,22
Startup_4588,2004,Brazil,E-commerce,IPO,256,4207,163,39.5,No,No,4
Startup_4589,2011,Australia,Energy,Series C,137,4484,622,20.28,Yes,No,53
Startup_4590,2007,China,E-commerce,IPO,79,202,824,14.43,No,No,77
Startup_4591,2019,Canada,FinTech,Series A,60,728,143,20.27,Yes,No,94
Startup_4592,2014,Germany,FinTech,IPO,263,2327,824,25.47,Yes,No,16
Startup_4593,2006,Germany,Logistics,Seed,89,837,25,20.43,Yes,Yes,32
Startup_4594,2004,Australia,E-commerce,Series A,220,4704,862,36.76,No,No,44
Startup_4595,2003,India,E-commerce,Seed,292,375,121,37.84,No,Yes,29
Startup_4596,2005,USA,Energy,Series B,54,2521,242,19.12,Yes,No,78
Startup_4597,2009,Australia,Tech,IPO,201,2228,425,39.19,No,No,55
Startup_4598,2020,France,Logistics,Series C,77,4550,152,8.43,No,Yes,31
Startup_4599,2015,USA,FoodTech,Series A,50,4564,648,31.1,Yes,Yes,82
Startup_4600,2016,Germany,FoodTech,IPO,191,46,211,6.37,No,Yes,38
Startup_4601,2005,Brazil,FoodTech,Series A,374,616,628,27.74,Yes,No,4
Startup_4602,2013,Brazil,FoodTech,Series A,196,1269,412,23.72,Yes,Yes,70
Startup_4603,2013,China,Healthcare,Seed,305,4530,802,2.33,Yes,Yes,34
Startup_4604,2000,China,AI,IPO,490,4945,697,3.18,No,Yes,59
Startup_4605,2012,India,Healthcare,Seed,332,4304,18,8.72,No,No,21
Startup_4606,2005,UK,FinTech,IPO,2,3205,758,43.38,Yes,No,32
Startup_4607,2018,India,EdTech,Series B,12,2982,693,28.77,No,Yes,9
Startup_4608,2014,Australia,E-commerce,Series C,376,2465,379,6.17,Yes,No,18
Startup_4609,2019,UK,Logistics,Series B,44,3636,67,28.52,Yes,No,79
Startup_4610,2019,UK,FoodTech,Seed,115,761,356,30.63,Yes,No,3
Startup_4611,2012,Japan,Tech,Series A,85,2640,311,28.56,Yes,Yes,67
Startup_4612,2003,Australia,AI,Seed,426,3955,445,35.13,No,No,57
Startup_4613,2017,Germany,Energy,Seed,52,3876,737,27.1,Yes,Yes,49
Startup_4614,2002,Japan,Energy,Series C,43,2935,84,35.21,Yes,No,85
Startup_4615,2011,Australia,Logistics,IPO,424,338,488,45.85,Yes,No,10
Startup_4616,2016,France,Tech,Series C,1,1828,373,42.31,No,No,5
Startup_4617,2009,USA,Healthcare,Series B,398,4856,503,28.19,Yes,No,41
Startup_4618,2016,India,Energy,Series B,365,1241,110,34.17,Yes,Yes,64
Startup_4619,2018,UK,Tech,Series C,323,4474,249,17.52,No,Yes,15
Startup_4620,2011,India,Healthcare,Series C,104,3993,989,37.68,Yes,Yes,31
Startup_4621,2001,USA,EdTech,Series A,316,4668,270,32.7,Yes,No,38
Startup_4622,2013,Japan,Gaming,Seed,150,4729,679,8.69,No,Yes,14
Startup_4623,2009,China,FoodTech,Series B,56,4334,916,7.21,Yes,Yes,79
Startup_4624,2012,UK,Healthcare,Series C,470,3000,936,33.32,No,Yes,21
Startup_4625,2018,China,Logistics,Series A,117,1001,333,1.62,No,Yes,43
Startup_4626,2008,Brazil,Healthcare,Series B,312,1613,514,2.94,No,Yes,48
Startup_4627,2016,USA,AI,IPO,366,576,662,26.76,No,No,99
Startup_4628,2021,France,Healthcare,Seed,362,2307,915,14.39,Yes,No,99
Startup_4629,2004,Brazil,Tech,Series C,91,1903,378,36.46,No,Yes,60
Startup_4630,2013,China,Healthcare,Series A,254,3241,505,22.99,Yes,No,67
Startup_4631,2017,India,Logistics,Series C,89,388,547,6.55,Yes,No,29
Startup_4632,2000,Japan,Gaming,Series C,383,2206,235,18.44,Yes,Yes,61
Startup_4633,2002,Australia,Gaming,Series A,455,3183,44,19.36,Yes,No,62
Startup_4634,2006,China,AI,Series A,322,4363,662,7.9,Yes,No,9
Startup_4635,2010,Canada,FoodTech,Series B,134,4488,562,4.64,Yes,Yes,42
Startup_4636,2010,Japan,AI,IPO,136,2394,738,14.65,Yes,Yes,67
Startup_4637,2004,Canada,Energy,Series B,36,1185,152,45.16,No,Yes,79
Startup_4638,2005,France,Logistics,Series A,253,25,634,27.48,No,Yes,41
Startup_4639,2009,UK,Healthcare,Seed,272,1080,140,32.13,Yes,Yes,67
Startup_4640,2015,Germany,E-commerce,Series C,270,960,277,34.03,Yes,No,83
Startup_4641,2017,Australia,Logistics,Series B,50,1622,324,19.25,No,No,5
Startup_4642,2022,France,FinTech,Series A,350,902,671,25.53,No,Yes,99
Startup_4643,2006,Australia,Gaming,Series A,449,2917,537,36.75,No,Yes,91
Startup_4644,2021,Japan,EdTech,Series A,20,269,807,45.03,No,No,19
Startup_4645,2009,Germany,Gaming,Series B,397,867,17,45.13,Yes,No,26
Startup_4646,2010,UK,FinTech,Seed,311,91,295,31.81,Yes,No,79
Startup_4647,2007,France,AI,Series A,297,4537,554,43.72,Yes,No,34
Startup_4648,2022,China,Gaming,IPO,106,4511,376,25.8,No,Yes,64
Startup_4649,2022,Australia,Gaming,IPO,15,3297,249,28.23,Yes,Yes,11
Startup_4650,2019,Canada,Gaming,Series C,416,2744,456,47.75,No,Yes,66
Startup_4651,2016,China,AI,Seed,43,4267,708,18.15,Yes,Yes,14
Startup_4652,2004,China,Tech,Seed,147,4150,941,31.55,Yes,No,12
Startup_4653,2011,Germany,Logistics,Series B,394,589,119,47.59,Yes,No,76
Startup_4654,2009,Brazil,Gaming,Series C,330,2599,771,1.68,No,No,55
Startup_4655,2004,UK,EdTech,Series C,191,4031,789,31.03,No,Yes,20
Startup_4656,2021,UK,FoodTech,Seed,136,1133,203,26.35,Yes,No,11
Startup_4657,2020,France,FoodTech,IPO,426,1658,932,4.68,Yes,Yes,35
Startup_4658,2020,Canada,Energy,Series B,304,2387,407,15.53,Yes,Yes,6
Startup_4659,2003,USA,Gaming,Series B,35,589,806,28.12,No,No,32
Startup_4660,2018,Germany,AI,Series C,31,4917,425,36.11,Yes,No,78
Startup_4661,2000,Germany,Tech,Series A,494,2310,97,15.8,Yes,Yes,84
Startup_4662,2017,UK,FoodTech,Seed,284,2803,671,1.88,Yes,No,46
Startup_4663,2010,Australia,AI,Series C,251,3683,614,14.77,No,Yes,67
Startup_4664,2022,Brazil,Healthcare,Series C,76,1631,881,18.91,No,Yes,59
Startup_4665,2001,Brazil,Energy,Series B,362,1980,624,38.68,Yes,Yes,2
Startup_4666,2022,China,Energy,Series B,28,4249,266,8.87,Yes,Yes,88
Startup_4667,2006,UK,FinTech,Series B,175,2712,613,16.81,No,No,42
Startup_4668,2016,Japan,Gaming,Seed,322,1070,21,43.89,Yes,No,19
Startup_4669,2003,Australia,Gaming,IPO,406,2634,755,41.58,No,No,94
Startup_4670,2020,Japan,Logistics,Series B,5,9,729,34.66,No,Yes,20
Startup_4671,2015,Australia,FoodTech,Series A,425,2121,626,32.89,Yes,No,90
Startup_4672,2011,USA,Logistics,Seed,13,4332,361,5.74,No,Yes,11
Startup_4673,2000,Brazil,E-commerce,Seed,283,4994,718,40.89,No,No,64
Startup_4674,2022,France,AI,Series A,170,4487,448,10.48,No,No,62
Startup_4675,2005,Canada,Tech,Series B,307,2522,546,14.33,Yes,No,50
Startup_4676,2003,France,EdTech,Series C,442,2783,88,16.05,No,No,72
Startup_4677,2022,France,E-commerce,Seed,230,2373,719,4.99,No,Yes,65
Startup_4678,2011,Canada,Gaming,Series C,231,2661,796,26.21,Yes,Yes,47
Startup_4679,2017,India,Healthcare,IPO,282,3624,964,25.71,Yes,Yes,57
Startup_4680,2003,Australia,EdTech,Series B,181,162,534,39.13,No,Yes,41
Startup_4681,2015,France,Gaming,Seed,115,1535,883,10.97,Yes,No,54
Startup_4682,2019,USA,AI,IPO,194,746,575,9.32,No,Yes,70
Startup_4683,2006,Australia,FinTech,Series C,24,4518,251,37.15,No,No,16
Startup_4684,2008,France,Gaming,IPO,141,4270,949,37.2,No,Yes,96
Startup_4685,2020,Japan,FoodTech,IPO,347,2345,214,30.48,No,No,94
Startup_4686,2004,France,Logistics,Series C,283,942,405,17.23,Yes,No,34
Startup_4687,2009,Brazil,AI,Seed,472,3622,145,13.98,Yes,Yes,45
Startup_4688,2012,Australia,Gaming,IPO,405,1525,200,32.71,No,No,79
Startup_4689,2008,UK,EdTech,Series C,481,297,762,47.76,No,No,49
Startup_4690,2020,China,Energy,Seed,61,2797,94,34.17,Yes,No,52
Startup_4691,2015,Australia,Tech,IPO,368,3980,727,22.57,Yes,No,76
Startup_4692,2002,France,AI,Series A,196,4690,869,23.91,Yes,Yes,8
Startup_4693,2016,UK,FinTech,Series A,188,1061,417,19.15,No,No,81
Startup_4694,2015,Brazil,E-commerce,Series C,262,4579,387,4.56,Yes,Yes,45
Startup_4695,2012,Japan,Gaming,IPO,382,2995,666,16.78,Yes,Yes,42
Startup_4696,2014,China,FoodTech,Series B,245,1162,108,13.85,Yes,No,6
Startup_4697,2005,Germany,EdTech,IPO,186,1834,641,25.48,No,Yes,36
Startup_4698,2013,China,Tech,Seed,347,2701,744,12.13,Yes,No,57
Startup_4699,2018,Australia,FinTech,Seed,308,3528,849,18.59,Yes,No,68
Startup_4700,2005,Brazil,EdTech,Series A,370,822,597,6.72,Yes,No,57
Startup_4701,2010,Germany,E-commerce,Series A,62,4177,970,42.42,No,No,66
Startup_4702,2009,Germany,Gaming,Series B,165,660,763,21.12,No,Yes,22
Startup_4703,2019,Germany,Healthcare,IPO,369,4207,947,28.98,Yes,No,99
Startup_4704,2011,France,FinTech,Seed,425,2666,446,48.51,No,Yes,25
Startup_4705,2011,China,Gaming,Seed,6,2329,899,28.39,Yes,No,9
Startup_4706,2014,Japan,Energy,Seed,479,4452,321,23.01,No,Yes,47
Startup_4707,2003,India,Energy,IPO,473,3017,520,28.32,No,Yes,79
Startup_4708,2003,Brazil,E-commerce,Seed,149,23,445,1.4,Yes,Yes,2
Startup_4709,2011,Japan,Healthcare,Series C,276,4354,712,15.45,No,Yes,41
Startup_4710,2021,Australia,FoodTech,Series C,292,3245,525,17.39,No,Yes,62
Startup_4711,2003,Canada,Tech,IPO,295,2896,996,0.15,Yes,Yes,42
Startup_4712,2001,USA,Tech,IPO,315,4087,546,5.4,Yes,No,78
Startup_4713,2015,USA,Gaming,Seed,61,651,371,2.47,Yes,Yes,8
Startup_4714,2000,Japan,E-commerce,Seed,194,4330,652,33.04,Yes,No,34
Startup_4715,2022,USA,Energy,IPO,405,1587,215,41.19,Yes,No,90
Startup_4716,2011,Germany,FoodTech,Seed,163,3245,7,36.28,Yes,Yes,37
Startup_4717,2022,Brazil,Logistics,Series B,51,4715,456,48.9,Yes,Yes,31
Startup_4718,2018,Japan,Energy,Seed,37,4356,403,1.81,No,No,39
Startup_4719,2003,UK,E-commerce,Series C,232,450,472,17.82,No,No,45
Startup_4720,2018,UK,Tech,Series A,416,3721,68,25.98,Yes,Yes,79
Startup_4721,2006,Brazil,Logistics,Seed,326,1482,207,37.95,No,Yes,58
Startup_4722,2016,France,AI,Series B,141,2850,946,27.31,Yes,Yes,24
Startup_4723,2008,China,AI,Series A,491,1591,459,23.43,No,No,42
Startup_4724,2004,France,Tech,Series B,366,3223,239,46.25,No,No,45
Startup_4725,2021,China,FinTech,Series A,225,3677,712,46.63,No,Yes,44
Startup_4726,2021,UK,Healthcare,IPO,338,3851,202,48.67,Yes,No,35
Startup_4727,2005,India,FoodTech,IPO,26,924,730,16.62,No,No,32
Startup_4728,2013,Brazil,Logistics,Series A,115,2661,917,43.7,Yes,No,78
Startup_4729,2003,USA,Energy,Series A,5,3885,904,47.5,Yes,Yes,98
Startup_4730,2007,Canada,Healthcare,Series B,379,1340,929,32.23,Yes,No,46
Startup_4731,2020,Japan,EdTech,Seed,277,778,335,5.68,Yes,No,11
Startup_4732,2005,China,FinTech,Series C,34,604,59,47.07,No,Yes,71
Startup_4733,2001,China,Logistics,Series A,337,3687,887,9.62,Yes,No,43
Startup_4734,2019,Japan,AI,Series C,232,2465,725,36.08,Yes,No,1
Startup_4735,2009,Germany,Tech,IPO,296,93,523,4.07,Yes,No,75
Startup_4736,2004,Germany,Tech,Series B,47,3998,404,34.84,No,Yes,92
Startup_4737,2014,France,AI,Series A,415,3897,854,19.32,No,No,17
Startup_4738,2020,Canada,FoodTech,Seed,36,254,170,14.87,Yes,Yes,26
Startup_4739,2022,Australia,Logistics,IPO,288,2463,388,49.1,No,No,71
Startup_4740,2014,Canada,Logistics,Series B,250,2401,87,46.58,Yes,No,80
Startup_4741,2011,USA,Healthcare,Seed,204,1762,762,17.13,No,Yes,98
Startup_4742,2006,Japan,FinTech,Series B,345,617,733,32.02,No,No,50
Startup_4743,2015,Australia,Energy,IPO,29,4360,66,5.54,No,No,61
Startup_4744,2002,Brazil,AI,Series C,89,1415,572,28.19,No,No,14
Startup_4745,2000,Japan,E-commerce,Series C,298,1454,62,15.89,No,Yes,99
Startup_4746,2017,India,Gaming,Series B,286,852,41,37.08,No,No,2
Startup_4747,2003,Japan,FoodTech,Series A,184,95,867,47.82,Yes,Yes,38
Startup_4748,2000,India,Logistics,Seed,480,3625,745,3.53,No,No,51
Startup_4749,2019,UK,Energy,Seed,427,3651,457,10.1,Yes,No,89
Startup_4750,2008,USA,FoodTech,Series A,345,1454,359,34.4,Yes,No,12
Startup_4751,2000,Canada,Logistics,Series B,342,1098,108,41.6,No,No,98
Startup_4752,2012,China,E-commerce,Seed,476,2073,368,3.37,No,Yes,75
Startup_4753,2012,Canada,Logistics,Series C,437,786,666,32.84,No,No,39
Startup_4754,2021,Germany,Healthcare,Series A,470,1938,147,26.08,No,Yes,98
Startup_4755,2014,Brazil,E-commerce,IPO,159,4630,19,37.19,No,No,86
Startup_4756,2000,Germany,Tech,Series B,89,4899,710,16.25,Yes,No,36
Startup_4757,2003,Germany,Energy,Series A,368,2578,884,14.55,Yes,Yes,4
Startup_4758,2011,Canada,FinTech,Seed,81,1404,319,43.19,Yes,Yes,61
Startup_4759,2019,Japan,E-commerce,Series A,6,2152,203,29.33,No,No,48
Startup_4760,2019,Japan,EdTech,Seed,56,3184,645,33.23,Yes,No,55
Startup_4761,2013,China,AI,Series B,63,3431,720,9.14,Yes,Yes,82
Startup_4762,2001,Brazil,Energy,Series A,333,1234,174,21.87,No,No,32
Startup_4763,2021,Canada,E-commerce,Series B,245,653,700,20.11,Yes,No,52
Startup_4764,2012,Australia,AI,Series C,419,1809,172,21.84,No,Yes,32
Startup_4765,2015,China,EdTech,Series C,140,147,778,8.01,Yes,No,77
Startup_4766,2019,Australia,EdTech,Series A,120,1025,628,10.03,Yes,No,91
Startup_4767,2001,USA,Tech,Series A,54,3145,458,33.98,No,No,25
Startup_4768,2006,India,Tech,Series A,155,4982,165,49.44,No,No,95
Startup_4769,2006,UK,E-commerce,Series A,14,1969,861,8.93,No,Yes,51
Startup_4770,2008,India,E-commerce,Seed,123,4534,666,1.84,No,Yes,13
Startup_4771,2013,Germany,Gaming,Series B,10,4766,878,40.38,Yes,No,45
Startup_4772,2020,Japan,E-commerce,Seed,159,703,224,27.96,No,Yes,65
Startup_4773,2004,China,FinTech,IPO,14,3770,431,40.4,Yes,Yes,44
Startup_4774,2020,China,Tech,IPO,212,4582,862,26.65,Yes,No,49
Startup_4775,2005,China,Tech,Seed,291,1198,716,44.67,No,No,9
Startup_4776,2015,USA,FoodTech,Seed,220,3597,76,8.95,Yes,Yes,54
Startup_4777,2011,Australia,Tech,IPO,330,3505,785,31.75,No,No,14
Startup_4778,2005,China,E-commerce,IPO,300,3619,529,3.47,Yes,Yes,41
Startup_4779,2000,Japan,FinTech,Series B,192,2287,610,0.54,Yes,No,37
Startup_4780,2016,UK,Logistics,Series A,335,1201,533,33.65,No,Yes,36
Startup_4781,2011,Japan,Gaming,Seed,410,1310,840,5.7,No,Yes,48
Startup_4782,2009,China,AI,Series A,60,1207,999,9.26,Yes,No,18
Startup_4783,2006,Brazil,Gaming,Seed,210,4137,530,19.25,No,No,99
Startup_4784,2013,Australia,Gaming,Seed,461,715,711,45.91,No,No,74
Startup_4785,2012,USA,FoodTech,Seed,273,2488,279,34.19,Yes,Yes,75
Startup_4786,2005,USA,AI,Series C,255,3428,198,17.9,Yes,No,57
Startup_4787,2021,India,Energy,Series A,41,2568,652,14.33,No,No,24
Startup_4788,2005,France,Gaming,Series B,387,2044,986,6.86,Yes,Yes,12
Startup_4789,2022,Japan,Energy,Series A,21,4041,531,45.06,Yes,No,2
Startup_4790,2010,USA,AI,Series C,113,3584,686,30.46,No,Yes,94
Startup_4791,2020,UK,FoodTech,Series A,12,3018,946,43.1,No,Yes,98
Startup_4792,2002,Australia,FinTech,Seed,81,2721,740,45.41,Yes,No,36
Startup_4793,2014,France,Gaming,Series A,98,1266,358,46.62,No,Yes,44
Startup_4794,2000,Australia,Energy,Seed,168,968,926,20.76,Yes,Yes,15
Startup_4795,2006,Japan,Energy,Series B,111,1204,993,49.19,No,No,11
Startup_4796,2020,Canada,Energy,Series A,360,974,426,32.93,No,Yes,25
Startup_4797,2000,France,FinTech,Seed,53,2082,856,9.01,Yes,Yes,2
Startup_4798,2001,Germany,AI,Series A,410,1033,689,21.07,Yes,No,52
Startup_4799,2016,USA,AI,Series A,420,413,74,19.81,No,No,33
Startup_4800,2020,Canada,Tech,Series B,33,1540,841,14.09,No,No,61
Startup_4801,2013,Australia,EdTech,Seed,84,533,460,45.59,No,Yes,89
Startup_4802,2011,UK,Logistics,Seed,440,3991,273,37.9,No,No,20
Startup_4803,2009,Canada,EdTech,Series A,2,4170,369,46.44,No,Yes,96
Startup_4804,2015,Canada,AI,Seed,149,2739,902,34.14,Yes,No,79
Startup_4805,2009,Germany,Logistics,Series A,158,1667,657,37.16,No,No,98
Startup_4806,2022,France,E-commerce,IPO,473,684,760,7.55,Yes,No,58
Startup_4807,2019,China,Logistics,Series A,190,3895,108,14.15,Yes,Yes,90
Startup_4808,2020,Germany,E-commerce,Seed,85,1925,733,16.88,No,Yes,13
Startup_4809,2007,India,E-commerce,Seed,203,1183,20,34.63,Yes,No,4
Startup_4810,2021,Japan,Tech,Series C,274,294,756,34.21,Yes,Yes,32
Startup_4811,2002,Germany,FoodTech,Series A,496,2927,421,21.38,Yes,No,91
Startup_4812,2019,Germany,FoodTech,Series C,30,4508,97,32.85,Yes,No,6
Startup_4813,2007,Canada,EdTech,Series A,314,1299,408,45.11,No,Yes,50
Startup_4814,2006,India,Healthcare,Seed,282,2296,291,27.2,Yes,Yes,67
Startup_4815,2022,China,Tech,Series A,414,776,291,34.66,Yes,Yes,99
Startup_4816,2012,France,Tech,Series C,287,3564,815,0.26,No,Yes,91
Startup_4817,2014,France,Healthcare,IPO,2,4720,990,19,No,No,48
Startup_4818,2022,Brazil,Energy,IPO,2,615,539,42.95,No,No,51
Startup_4819,2020,China,Healthcare,Seed,350,4900,980,8.21,Yes,Yes,71
Startup_4820,2014,China,Healthcare,IPO,452,693,180,45.66,No,Yes,80
Startup_4821,2021,Canada,Tech,Series A,366,4018,543,44.51,No,No,13
Startup_4822,2009,China,FinTech,Series B,410,1066,822,28.31,No,No,11
Startup_4823,2018,Canada,FinTech,Series C,199,284,348,4.58,Yes,No,23
Startup_4824,2022,Japan,FoodTech,Series C,58,2472,110,14.9,Yes,Yes,34
Startup_4825,2006,Brazil,AI,Series C,359,2195,441,31.13,Yes,No,51
Startup_4826,2008,UK,FinTech,IPO,406,1642,814,46.51,Yes,No,38
Startup_4827,2013,Australia,Gaming,Series C,45,1957,201,39.39,Yes,No,47
Startup_4828,2005,Canada,FinTech,Series B,185,2039,870,16.04,Yes,Yes,18
Startup_4829,2020,Canada,E-commerce,Series B,259,2917,984,25.63,Yes,Yes,98
Startup_4830,2005,India,EdTech,IPO,446,4978,392,46.5,No,No,84
Startup_4831,2014,India,FoodTech,Seed,41,374,398,3.03,No,Yes,15
Startup_4832,2022,UK,FinTech,Series C,271,506,369,18.59,No,Yes,42
Startup_4833,2001,Germany,Tech,IPO,315,1478,620,12.56,No,Yes,96
Startup_4834,2000,Brazil,AI,IPO,16,2483,155,42.29,Yes,No,25
Startup_4835,2011,Canada,Gaming,Series C,490,4384,777,45.8,Yes,No,33
Startup_4836,2003,India,Energy,IPO,491,3561,255,43.01,Yes,Yes,41
Startup_4837,2014,Australia,Energy,Seed,401,2003,176,43.63,Yes,No,99
Startup_4838,2006,China,Healthcare,Series C,175,683,683,23.16,No,Yes,8
Startup_4839,2022,UK,Gaming,IPO,223,2871,168,27.61,Yes,Yes,1
Startup_4840,2003,Brazil,Gaming,Series B,327,2308,702,26.79,Yes,Yes,46
Startup_4841,2021,Australia,FoodTech,Series A,463,3279,282,49.24,Yes,Yes,88
Startup_4842,2016,Australia,Tech,Series A,345,3993,35,29.46,Yes,Yes,67
Startup_4843,2014,China,FoodTech,Series A,240,1260,555,5.64,Yes,No,42
Startup_4844,2021,Canada,EdTech,IPO,182,2380,230,32.22,Yes,No,44
Startup_4845,2002,Australia,FoodTech,IPO,464,490,532,12.98,Yes,No,7
Startup_4846,2002,Canada,Tech,Series C,183,677,490,32.41,Yes,No,50
Startup_4847,2015,Japan,AI,Series B,359,803,301,13.56,Yes,Yes,63
Startup_4848,2005,Japan,E-commerce,IPO,172,2099,390,14.94,Yes,Yes,29
Startup_4849,2021,Japan,Energy,Series C,365,3652,146,43.45,Yes,Yes,89
Startup_4850,2010,Brazil,Energy,IPO,59,2381,571,38.67,No,Yes,92
Startup_4851,2004,Japan,Tech,Seed,152,2256,725,0.6,Yes,No,34
Startup_4852,2017,France,Gaming,Series A,312,4127,685,4.96,Yes,No,8
Startup_4853,2010,France,Healthcare,Series B,219,3086,705,21.62,No,No,23
Startup_4854,2020,France,FoodTech,Series B,346,4532,689,15.93,Yes,No,6
Startup_4855,2013,Japan,Energy,Series A,225,795,578,17.73,No,Yes,10
Startup_4856,2017,UK,Energy,Series C,52,2225,781,37.32,Yes,Yes,76
Startup_4857,2012,Germany,AI,Series C,31,1088,200,24.93,No,Yes,69
Startup_4858,2011,Brazil,FinTech,Seed,209,1198,160,3.03,Yes,No,63
Startup_4859,2002,Germany,E-commerce,Series C,292,3236,12,48.44,No,No,61
Startup_4860,2004,France,Energy,Series C,19,107,250,10.15,Yes,No,31
Startup_4861,2009,Australia,Healthcare,Seed,94,1514,937,14.41,Yes,No,24
Startup_4862,2020,Canada,Logistics,Series A,63,1863,718,19.81,No,Yes,52
Startup_4863,2008,Australia,Healthcare,Series A,478,1195,878,47.16,Yes,Yes,52
Startup_4864,2012,Brazil,AI,Series B,91,2547,267,1.1,Yes,No,29
Startup_4865,2002,Germany,E-commerce,Seed,165,2391,918,27.79,Yes,No,80
Startup_4866,2015,Japan,EdTech,IPO,452,2058,902,9.74,Yes,No,39
Startup_4867,2003,Canada,Logistics,IPO,14,978,491,31.93,Yes,Yes,46
Startup_4868,2012,USA,AI,IPO,116,4865,477,4.3,No,Yes,82
Startup_4869,2010,Australia,FoodTech,Seed,335,3171,235,33.99,No,No,45
Startup_4870,2007,UK,Logistics,Series B,314,2612,68,34.45,Yes,No,24
Startup_4871,2017,USA,FoodTech,Seed,429,1329,828,31.06,No,No,87
Startup_4872,2014,Japan,Healthcare,Series C,46,646,455,0.47,Yes,Yes,12
Startup_4873,2001,USA,EdTech,Series A,199,1007,975,0.44,Yes,Yes,91
Startup_4874,2016,France,EdTech,Series C,345,1014,336,7.9,No,No,74
Startup_4875,2006,UK,Tech,IPO,382,4247,523,29.17,No,No,71
Startup_4876,2013,France,Energy,Series C,240,855,964,20.78,Yes,No,51
Startup_4877,2003,China,FoodTech,Series B,364,2668,403,17.58,Yes,No,63
Startup_4878,2009,Australia,Tech,Series C,415,1607,14,45.61,Yes,No,35
Startup_4879,2005,China,FinTech,Series B,239,344,131,33.78,Yes,Yes,94
Startup_4880,2011,Germany,FoodTech,Series C,47,238,332,0.96,No,Yes,58
Startup_4881,2020,Australia,FinTech,Series B,53,560,389,24.87,No,Yes,65
Startup_4882,2022,UK,Logistics,Series B,106,1830,608,38.17,No,No,63
Startup_4883,2011,Canada,E-commerce,Series B,221,4488,387,47.72,No,No,47
Startup_4884,2011,India,AI,IPO,95,142,997,7.28,Yes,No,62
Startup_4885,2011,USA,Gaming,Series B,448,4477,13,4.08,Yes,No,4
Startup_4886,2016,Germany,Healthcare,Series B,308,1489,220,0.19,No,Yes,16
Startup_4887,2012,Canada,FinTech,Series C,104,4679,738,20.84,No,No,67
Startup_4888,2020,India,Logistics,Series C,272,4724,255,49.02,Yes,No,88
Startup_4889,2008,Germany,Healthcare,IPO,172,4367,448,21.99,No,No,45
Startup_4890,2004,France,FoodTech,Series A,130,4307,159,49.43,Yes,Yes,15
Startup_4891,2003,China,E-commerce,Series C,475,2296,239,9.67,No,No,99
Startup_4892,2011,Brazil,AI,Seed,60,3856,961,4.9,Yes,No,66
Startup_4893,2014,USA,Tech,IPO,231,2694,801,23.44,No,Yes,25
Startup_4894,2016,Brazil,Logistics,Series A,302,748,376,3.5,Yes,No,9
Startup_4895,2009,USA,Logistics,IPO,116,45,894,46.87,No,No,77
Startup_4896,2005,India,FoodTech,IPO,496,1261,909,1.77,No,No,74
Startup_4897,2009,Australia,Energy,Series B,198,653,425,36.48,No,Yes,97
Startup_4898,2015,Brazil,E-commerce,Seed,434,2127,4,22.57,No,Yes,20
Startup_4899,2000,France,Healthcare,Series C,390,4120,431,18.64,No,No,49
Startup_4900,2019,Japan,Energy,Series C,40,1475,764,42.4,Yes,Yes,60
Startup_4901,2009,Canada,FinTech,Series B,243,3508,541,12.04,No,Yes,94
Startup_4902,2022,Canada,Logistics,Series C,411,2799,807,46.41,No,No,71
Startup_4903,2005,Japan,Tech,Series B,116,4549,806,4.21,Yes,Yes,27
Startup_4904,2016,USA,AI,Series C,468,3353,998,10.52,No,Yes,24
Startup_4905,2011,Brazil,Energy,IPO,446,723,958,30.04,Yes,No,13
Startup_4906,2016,Germany,AI,Series C,46,3074,758,21.55,No,No,67
Startup_4907,2018,Japan,FinTech,Series B,37,2302,705,20.97,Yes,Yes,47
Startup_4908,2005,Germany,Gaming,IPO,307,2510,355,47.79,No,Yes,43
Startup_4909,2019,Japan,Gaming,Series B,43,4734,432,31.66,No,Yes,24
Startup_4910,2004,Japan,FoodTech,Series A,193,440,836,7.39,No,Yes,60
Startup_4911,2004,UK,FoodTech,IPO,436,2152,519,20.7,Yes,No,64
Startup_4912,2013,Germany,FinTech,Seed,262,2219,219,14.85,Yes,No,9
Startup_4913,2014,Australia,EdTech,Seed,317,1321,67,21,Yes,Yes,40
Startup_4914,2013,France,Tech,Series C,305,4358,549,40.89,No,No,83
Startup_4915,2011,China,E-commerce,Series C,402,2544,131,48.17,Yes,No,47
Startup_4916,2005,Brazil,EdTech,Series B,477,92,511,18.4,No,No,35
Startup_4917,2010,Brazil,FoodTech,Series C,14,4514,485,24.63,No,No,79
Startup_4918,2008,Canada,Healthcare,Series A,149,2976,731,39.76,No,No,82
Startup_4919,2001,Brazil,Gaming,IPO,120,1886,109,43.3,No,Yes,1
Startup_4920,2004,Germany,E-commerce,IPO,36,2387,209,19.64,No,Yes,8
Startup_4921,2020,Canada,E-commerce,Seed,209,3520,49,33.69,Yes,No,75
Startup_4922,2004,Canada,Tech,IPO,84,2117,621,37.55,No,Yes,29
Startup_4923,2006,France,Tech,Series A,175,1946,986,23.74,No,No,92
Startup_4924,2003,China,EdTech,Seed,148,4875,239,30.64,No,No,28
Startup_4925,2013,Germany,E-commerce,Seed,134,3550,966,43.61,No,Yes,62
Startup_4926,2013,France,Healthcare,Series B,200,4079,433,46.14,No,No,62
Startup_4927,2006,Australia,Gaming,Series A,319,2653,778,19.77,No,Yes,67
Startup_4928,2007,Canada,Gaming,Seed,252,957,529,37.05,Yes,No,98
Startup_4929,2000,Australia,Energy,Series C,15,1686,740,45.02,Yes,Yes,25
Startup_4930,2015,Canada,FinTech,IPO,41,4718,121,41.54,Yes,Yes,28
Startup_4931,2008,USA,Healthcare,Series C,281,1909,684,42.07,Yes,No,63
Startup_4932,2022,UK,Gaming,Series C,350,2723,999,1.96,Yes,No,92
Startup_4933,2015,Germany,Tech,Series B,453,673,534,48.27,No,No,33
Startup_4934,2000,Germany,Gaming,Series C,168,3197,68,5.23,Yes,No,60
Startup_4935,2005,Brazil,E-commerce,Seed,36,4978,207,16.5,No,No,69
Startup_4936,2012,France,Gaming,IPO,166,4149,649,44.3,Yes,Yes,80
Startup_4937,2013,Germany,FoodTech,Seed,251,3657,898,22.56,No,Yes,19
Startup_4938,2001,Japan,Logistics,Series B,79,2993,559,0.5,No,Yes,3
Startup_4939,2002,USA,AI,Series C,251,4638,227,5.86,No,No,36
Startup_4940,2011,USA,EdTech,IPO,30,3141,307,6.23,Yes,No,12
Startup_4941,2014,UK,Tech,Series B,287,1038,141,36.36,Yes,Yes,50
Startup_4942,2013,Canada,EdTech,IPO,366,236,722,46.75,Yes,Yes,89
Startup_4943,2018,Brazil,Logistics,Series B,365,4122,28,13.78,No,No,29
Startup_4944,2004,UK,E-commerce,Series C,200,2632,264,15.79,No,No,4
Startup_4945,2022,Australia,FinTech,Series C,361,1715,695,36.21,Yes,Yes,89
Startup_4946,2022,UK,Tech,Seed,23,2220,600,26.03,Yes,No,52
Startup_4947,2011,Canada,FinTech,IPO,357,4143,408,2.4,Yes,No,5
Startup_4948,2018,Australia,Tech,Series B,248,3550,261,18.57,No,No,32
Startup_4949,2005,Brazil,Tech,IPO,339,879,671,5.13,No,No,39
Startup_4950,2006,France,Tech,Series C,193,3599,125,1.36,No,No,10
Startup_4951,2003,China,FoodTech,Series B,3,181,667,13.69,Yes,No,21
Startup_4952,2003,UK,FoodTech,Series C,235,846,450,15.38,Yes,Yes,16
Startup_4953,2015,India,E-commerce,Series A,337,3811,809,29.42,Yes,Yes,51
Startup_4954,2013,France,Logistics,IPO,272,1359,349,23.15,No,No,56
Startup_4955,2012,Canada,Tech,Series C,196,1558,374,42.55,Yes,No,72
Startup_4956,2006,China,E-commerce,IPO,407,3938,74,36.51,Yes,Yes,6
Startup_4957,2002,China,Tech,IPO,144,864,110,43.28,Yes,Yes,55
Startup_4958,2001,USA,Energy,Series B,311,3444,551,28.81,No,No,72
Startup_4959,2018,UK,Healthcare,Series C,301,1696,237,37.9,No,Yes,65
Startup_4960,2006,USA,Healthcare,Series A,135,3936,329,28.79,No,No,6
Startup_4961,2022,China,FinTech,IPO,305,4883,898,44.2,No,Yes,95
Startup_4962,2011,India,AI,Series A,29,3342,806,10.18,No,No,44
Startup_4963,2009,India,Tech,Series C,186,3985,882,0.96,Yes,No,20
Startup_4964,2010,India,Tech,Seed,46,2487,570,26.39,Yes,No,23
Startup_4965,2016,USA,Energy,IPO,105,2460,803,28.47,No,No,72
Startup_4966,2006,China,FinTech,Series C,165,4267,786,4.89,Yes,Yes,11
Startup_4967,2012,France,Gaming,Series B,420,910,275,3.42,No,No,39
Startup_4968,2007,France,AI,Series C,386,1630,109,8.52,Yes,No,68
Startup_4969,2017,USA,Tech,IPO,296,1073,462,41.92,No,Yes,12
Startup_4970,2014,UK,Healthcare,Series A,398,10,751,35.21,Yes,No,7
Startup_4971,2012,Japan,Healthcare,Seed,443,981,143,22.02,Yes,No,6
Startup_4972,2002,Japan,EdTech,Seed,378,2733,658,12.88,No,No,40
Startup_4973,2008,France,EdTech,IPO,394,42,434,19.8,No,Yes,18
Startup_4974,2017,USA,FinTech,Seed,106,2680,892,38.73,Yes,No,41
Startup_4975,2000,Germany,FoodTech,Seed,58,3154,837,33.55,No,Yes,85
Startup_4976,2006,USA,AI,Seed,497,2382,520,0.87,Yes,No,49
Startup_4977,2007,Brazil,FoodTech,Series B,254,2694,789,40.34,Yes,Yes,60
Startup_4978,2004,Japan,Energy,Series B,17,1724,674,17.65,Yes,No,71
Startup_4979,2019,Germany,Tech,Series C,2,1265,521,0.9,No,Yes,1
Startup_4980,2020,Japan,Healthcare,Series A,240,3516,327,37.21,Yes,No,52
Startup_4981,2015,Germany,FoodTech,Seed,378,4689,809,49.59,Yes,No,98
Startup_4982,2003,India,EdTech,Seed,59,926,558,20.43,No,No,28
Startup_4983,2008,France,AI,Seed,298,4981,366,16.08,No,No,41
Startup_4984,2022,India,Gaming,Series B,54,1018,547,31.69,Yes,Yes,87
Startup_4985,2022,Germany,Logistics,Seed,447,3172,879,32.94,No,Yes,39
Startup_4986,2001,Canada,E-commerce,Series A,483,4414,42,46.17,No,No,15
Startup_4987,2005,Brazil,Tech,IPO,430,157,336,29.13,No,Yes,39
Startup_4988,2022,Germany,Logistics,Series C,32,3632,288,23.29,Yes,Yes,77
Startup_4989,2020,UK,Logistics,IPO,466,3934,411,1.1,No,Yes,9
Startup_4990,2013,USA,Logistics,Series A,227,2762,677,18,No,No,49
Startup_4991,2001,China,EdTech,Series B,134,1074,289,31.13,No,Yes,86
Startup_4992,2004,Japan,Tech,Series A,391,2775,169,40.58,No,No,30
Startup_4993,2013,China,Logistics,Series C,337,1174,286,27.71,Yes,Yes,7
Startup_4994,2019,USA,Logistics,Series B,167,3062,969,40.27,No,No,62
Startup_4995,2001,France,E-commerce,Seed,244,1415,858,33.69,No,No,44
Startup_4996,2016,Canada,Healthcare,Seed,249,2378,84,3.79,Yes,No,96
Startup_4997,2010,China,Tech,Series C,249,4235,578,0.9,No,No,55
Startup_4998,2017,France,AI,Series A,336,2485,265,13.07,Yes,No,23
Startup_4999,2008,France,Energy,Series B,34,1734,35,46.62,Yes,No,75
Startup_5000,2020,Germany,EdTech,Series A,280,2925,505,0.86,Yes,Yes,87
